ISO-10303-21;
HEADER;
FILE_DESCRIPTION (( 'STEP AP203' ),
    '1' );
FILE_NAME ('5-Asix.STEP',
    '2013-07-29T16:46:03',
    ( 'Robert' ),
    ( '' ),
    'SwSTEP 2.0',
    'SolidWorks 2013',
    '' );
FILE_SCHEMA (( 'CONFIG_CONTROL_DESIGN' ));
ENDSEC;

DATA;
#1 = EDGE_LOOP ( 'NONE', ( #3154, #6522, #6263, #1040 ) ) ;
#2 = B_SPLINE_CURVE_WITH_KNOTS ( 'NONE', 3,
 ( #3857, #2492, #1801, #1117, #431, #6444, #5760, #5085, #4392, #3695, #3016, #2323, #1637, #955, #264, #6288, #5602, #4917, #4224, #3542, #2847, #2164, #1479, #790, #104, #6125, #5440, #4756, #4070, #3375, #2688 ),
 .UNSPECIFIED., .F., .F.,
 ( 4, 2, 1, 1, 1, 2, 2, 2, 1, 1, 1, 2, 2, 2, 1, 1, 1, 2, 2, 4 ),
 ( 0.0000000000000000000, 0.1249999999997613300, 0.1874999999996420100, 0.2187499999995226600, 0.2343749999994505000, 0.2421874999993715900, 0.2499999999992927000, 0.3749999999982849300, 0.4374999999978016500, 0.4687499999975369100, 0.4843749999974508200, 0.4921874999974317800, 0.4999999999974126800, 0.6249999999969760900, 0.6874999999967410500, 0.7187499999966646700, 0.7343749999966263700, 0.7421874999966743300, 0.7499999999967222900, 1.000000000000000000 ),
 .UNSPECIFIED. ) ;
#3 = CARTESIAN_POINT ( 'NONE',  ( 1572.749871512759700, 1893.259796307012500, 111.2089465294591100 ) ) ;
#4 = VECTOR ( 'NONE', #3514, 1000.000000000000000 ) ;
#5 = CARTESIAN_POINT ( 'NONE',  ( 1580.636630064851500, 1888.520275061040600, 120.7339465294590900 ) ) ;
#6 = CARTESIAN_POINT ( 'NONE',  ( 1767.629999349614800, 1905.750177448218000, -47.52815863128962800 ) ) ;
#7 = CARTESIAN_POINT ( 'NONE',  ( 1591.763547363185800, 1964.320194952330400, 120.7339465294591000 ) ) ;
#8 = CARTESIAN_POINT ( 'NONE',  ( 1591.999999384806000, 1931.899832439667500, 28.72244652945911300 ) ) ;
#9 = CARTESIAN_POINT ( 'NONE',  ( 1555.447113579934900, 1924.092004416591000, -78.40205347054089200 ) ) ;
#10 = AXIS2_PLACEMENT_3D ( 'NONE', #2421, #1732, #1051 ) ;
#11 = CARTESIAN_POINT ( 'NONE',  ( 1673.607642652379600, 1958.721326410273800, 111.2089465294590800 ) ) ;
#12 = CARTESIAN_POINT ( 'NONE',  ( 1767.629999349615000, 2018.068197210432800, -63.80123609329006500 ) ) ;
#13 = ORIENTED_EDGE ( 'NONE', *, *, #3813, .F. ) ;
#14 = VECTOR ( 'NONE', #3277, 1000.000000000000000 ) ;
#15 = VECTOR ( 'NONE', #4937, 1000.000000000000000 ) ;
#16 = CARTESIAN_POINT ( 'NONE',  ( 1622.034586275642800, 2020.403827656230500, -78.40205347054090600 ) ) ;
#17 = CARTESIAN_POINT ( 'NONE',  ( 1720.264613424428900, 2056.144073338799400, 67.07404898107101600 ) ) ;
#18 = CARTESIAN_POINT ( 'NONE',  ( 1662.394602062436200, 2011.415769881484300, 111.2089465294591100 ) ) ;
#19 = CARTESIAN_POINT ( 'NONE',  ( 1699.529944006328600, 1906.498773901442700, -78.40205347054089200 ) ) ;
#20 = ORIENTED_EDGE ( 'NONE', *, *, #4562, .T. ) ;
#21 = CARTESIAN_POINT ( 'NONE',  ( 1767.629999349614500, 1990.705626686173700, 77.42436643733175600 ) ) ;
#22 = DIRECTION ( 'NONE',  ( -0.0000000000000000000, 0.0000000000000000000, 1.000000000000000000 ) ) ;
#23 = LINE ( 'NONE', #6039, #2389 ) ;
#24 = CARTESIAN_POINT ( 'NONE',  ( 1720.264613344747700, 1883.855591635584700, 67.07404910345940200 ) ) ;
#25 = ORIENTED_EDGE ( 'NONE', *, *, #6090, .F. ) ;
#26 = B_SPLINE_CURVE_WITH_KNOTS ( 'NONE', 3,
 ( #2032, #1339, #651, #6678, #5989, #5303, #4621, #3923, #3241, #2555, #1865, #1180, #496, #6508, #5819, #5146, #4453, #3753, #3082, #2387, #1701, #1019, #330, #6346, #5668, #4982, #4290, #3602, #2911, #2228, #1544, #850, #163, #6192, #5499, #4817, #4133, #3438, #2745, #2068, #1375, #689, #7, #6026, #5340, #4657, #3967, #3276, #2588, #1904, #1216, #531, #6546, #5859, #5186, #4491, #3793, #3121, #2427, #1739, #1058, #372, #6388, #5701, #5022, #4332, #3639, #2952, #2267, #1580, #893, #202, #6230, #5538, #4857, #4170, #3477, #2788, #2108, #1414, #729, #46, #6064 ),
 .UNSPECIFIED., .F., .F.,
 ( 4, 1, 1, 1, 1, 1, 1, 2, 2, 1, 1, 1, 1, 1, 2, 2, 1, 1, 1, 2, 2, 1, 1, 1, 2, 2, 1, 1, 2, 2, 2, 1, 1, 2, 2, 1, 1, 1, 2, 2, 1, 1, 1, 2, 2, 1, 1, 1, 1, 2, 2, 1, 1, 1, 1, 1, 1, 2, 2, 4 ),
 ( 0.0000000000000000000, 0.06249999999862516900, 0.09374999999796339300, 0.1093749999976578000, 0.1171874999975236500, 0.1210937499974814000, 0.1230468749974919900, 0.1240234374974972900, 0.1249999999975025800, 0.1874999999969961000, 0.2187499999967612300, 0.2343749999966503700, 0.2421874999966117400, 0.2460937499965923900, 0.2480468749965946400, 0.2499999999965968900, 0.2812499999965982200, 0.2968749999965860100, 0.3046874999965799000, 0.3085937499965896700, 0.3124999999965994400, 0.3437499999964482300, 0.3593749999963767300, 0.3671874999963547500, 0.3710937499963218300, 0.3749999999962889100, 0.4062499999959579600, 0.4218749999958121300, 0.4296874999957583900, 0.4374999999957046000, 0.4999999999953166400, 0.5312499999951226800, 0.5468749999950128800, 0.5546874999949436000, 0.5624999999948742100, 0.5937499999945528000, 0.6093749999943833800, 0.6171874999943125500, 0.6210937499942771300, 0.6249999999942417200, 0.6562499999940356600, 0.6718749999939458400, 0.6796874999939108700, 0.6835937499939159800, 0.6874999999939210800, 0.7187499999941000500, 0.7343749999942023000, 0.7421874999942647000, 0.7460937499942959000, 0.7480468749943146600, 0.7499999999943334200, 0.8124999999954499700, 0.8437499999960265100, 0.8593749999963222800, 0.8671874999964767100, 0.8710937499965731900, 0.8730468749966406900, 0.8740234374966802100, 0.8749999999967198500, 1.000000000000000000 ),
 .UNSPECIFIED. ) ;
#27 = CARTESIAN_POINT ( 'NONE',  ( 1643.652239451677100, 1901.386147496537400, 120.7339465294591000 ) ) ;
#28 = CARTESIAN_POINT ( 'NONE',  ( 1603.286986217763100, 2049.718657203768500, 120.7339465294591000 ) ) ;
#29 = ORIENTED_EDGE ( 'NONE', *, *, #897, .T. ) ;
#30 = LINE ( 'NONE', #6048, #2166 ) ;
#31 = CARTESIAN_POINT ( 'NONE',  ( 1671.166543527059700, 1949.520844453598800, 120.7339465294590900 ) ) ;
#32 = PERSON_AND_ORGANIZATION_ROLE ( 'creator' ) ;
#33 = CARTESIAN_POINT ( 'NONE',  ( 1724.495591579175700, 2059.818261958143000, -61.76095589647125900 ) ) ;
#34 = ORIENTED_EDGE ( 'NONE', *, *, #302, .F. ) ;
#35 = ORIENTED_EDGE ( 'NONE', *, *, #2898, .T. ) ;
#36 = CARTESIAN_POINT ( 'NONE',  ( 1609.822288463636600, 2045.997065088979800, 111.2089465294591100 ) ) ;
#37 = LINE ( 'NONE', #6056, #4638 ) ;
#38 = CARTESIAN_POINT ( 'NONE',  ( 1528.108596625639400, 1926.885958854212300, 120.7339465294591000 ) ) ;
#39 = CARTESIAN_POINT ( 'NONE',  ( 1743.499999349615100, 2054.999832580420800, 56.53006874164827900 ) ) ;
#40 = ORIENTED_EDGE ( 'NONE', *, *, #2023, .F. ) ;
#41 = FACE_OUTER_BOUND ( 'NONE', #2618, .T. ) ;
#42 = CARTESIAN_POINT ( 'NONE',  ( 1553.316800390714200, 2026.740347318972900, -78.40205347054087800 ) ) ;
#43 = CYLINDRICAL_SURFACE ( 'NONE', #912, 4.756378424428886500 ) ;
#44 = CARTESIAN_POINT ( 'NONE',  ( 1571.947591125235500, 1892.206250235883100, 120.7339465294591000 ) ) ;
#45 = CARTESIAN_POINT ( 'NONE',  ( 1767.629999349614800, 1890.648339464643600, -10.02032914784184000 ) ) ;
#46 = CARTESIAN_POINT ( 'NONE',  ( 1586.320584072170300, 1969.457972152766400, 120.7339465294590900 ) ) ;
#47 = CARTESIAN_POINT ( 'NONE',  ( 1659.428915990569500, 1957.299832439667600, -2.923722064607900500 ) ) ;
#48 = CARTESIAN_POINT ( 'NONE',  ( 1535.590201855623500, 1953.857555359588600, -78.40205347054090600 ) ) ;
#49 = DIRECTION ( 'NONE',  ( 0.0000000000000000000, 0.0000000000000000000, 1.000000000000000000 ) ) ;
#50 = VECTOR ( 'NONE', #356, 1000.000000000000000 ) ;
#51 = CARTESIAN_POINT ( 'NONE',  ( 1767.629999349614800, 1980.728391925250000, -79.12991203219598900 ) ) ;
#52 = CARTESIAN_POINT ( 'NONE',  ( 1646.684771595860900, 1991.270544463778600, -78.40205347054089200 ) ) ;
#53 = CARTESIAN_POINT ( 'NONE',  ( 1626.245535177294600, 1986.883893402287600, 28.72244652945910600 ) ) ;
#54 = CYLINDRICAL_SURFACE ( 'NONE', #6586, 102.0000005463257700 ) ;
#55 = CARTESIAN_POINT ( 'NONE',  ( 1647.502035455654500, 1950.964471532060800, -78.40205347054090600 ) ) ;
#56 = ORIENTED_EDGE ( 'NONE', *, *, #3798, .T. ) ;
#57 = CARTESIAN_POINT ( 'NONE',  ( 1590.216810004405900, 1975.394468185942100, 120.7339465294590900 ) ) ;
#58 = EDGE_CURVE ( 'NONE', #632, #6053, #6109, .T. ) ;
#59 = CARTESIAN_POINT ( 'NONE',  ( 1767.629999349615000, 2022.517471808990600, 60.50240488731095900 ) ) ;
#60 = CALENDAR_DATE ( 2013, 29, 7 ) ;
#61 = CARTESIAN_POINT ( 'NONE',  ( 1591.999999384806000, 1969.999832439667200, 111.2089465294590800 ) ) ;
#62 = CARTESIAN_POINT ( 'NONE',  ( 1533.829143333507500, 1977.667286129342100, -78.40205347054092000 ) ) ;
#63 = LINE ( 'NONE', #6081, #320 ) ;
#64 = CARTESIAN_POINT ( 'NONE',  ( 1722.454230547794900, 1881.311448496825700, 63.66425175257096900 ) ) ;
#65 = ORIENTED_EDGE ( 'NONE', *, *, #5568, .F. ) ;
#66 = CARTESIAN_POINT ( 'NONE',  ( 1575.115938422185800, 1935.754296647178800, -51.92255347054097600 ) ) ;
#67 = CARTESIAN_POINT ( 'NONE',  ( 1705.604232197931000, 2038.672378493885200, 66.82244652945908600 ) ) ;
#68 = VERTEX_POINT ( 'NONE', #5163 ) ;
#69 = CARTESIAN_POINT ( 'NONE',  ( 1655.966402599951600, 1982.699832439667500, -50.09535651273016300 ) ) ;
#70 = CIRCLE ( 'NONE', #355, 106.9999624967876700 ) ;
#71 = CARTESIAN_POINT ( 'NONE',  ( 1591.999999384806000, 1969.999832439667200, 120.7339465294591200 ) ) ;
#72 = CARTESIAN_POINT ( 'NONE',  ( 1713.876801176742200, 1961.521688606145100, 51.52424012267495400 ) ) ;
#73 = ORIENTED_EDGE ( 'NONE', *, *, #3463, .F. ) ;
#74 = ORIENTED_EDGE ( 'NONE', *, *, #2744, .F. ) ;
#75 = CARTESIAN_POINT ( 'NONE',  ( 1588.675147159756500, 1919.199832439667300, 28.72244652945910200 ) ) ;
#76 = CARTESIAN_POINT ( 'NONE',  ( 1629.854403436600300, 1974.987049117098600, -51.92255347054098300 ) ) ;
#77 = CARTESIAN_POINT ( 'NONE',  ( 1632.391466764348700, 2000.987313867588200, 28.72244652945910200 ) ) ;
#78 = DIRECTION ( 'NONE',  ( -1.000000000000000000, -0.0000000000000000000, -0.0000000000000000000 ) ) ;
#79 = EDGE_LOOP ( 'NONE', ( #4733, #3456, #930, #1564, #4312, #4688, #2098 ) ) ;
#80 = VERTEX_POINT ( 'NONE', #4469 ) ;
#81 = CARTESIAN_POINT ( 'NONE',  ( 1591.999999384806000, 1931.899832439667500, 28.72244652945911300 ) ) ;
#82 = CARTESIAN_POINT ( 'NONE',  ( 1578.437804497844100, 1893.902153556207600, 120.7339465294590900 ) ) ;
#83 = AXIS2_PLACEMENT_3D ( 'NONE', #4977, #4284, #3598 ) ;
#84 = CARTESIAN_POINT ( 'NONE',  ( 1767.629999349614800, 1903.472779815896000, 44.58184080291955100 ) ) ;
#85 = CARTESIAN_POINT ( 'NONE',  ( 1796.839999349615000, 1892.558500692688500, -20.59515891165786900 ) ) ;
#86 = CIRCLE ( 'NONE', #877, 19.80065302243816200 ) ;
#87 = DIRECTION ( 'NONE',  ( 1.000000000000000000, -0.0000000000000000000, 0.0000000000000000000 ) ) ;
#88 = VERTEX_POINT ( 'NONE', #5834 ) ;
#89 = CARTESIAN_POINT ( 'NONE',  ( 1528.498092979527700, 1956.498855844675500, -114.5970534705408600 ) ) ;
#90 = CARTESIAN_POINT ( 'NONE',  ( 1713.001367186193600, 1953.150895298332900, -78.40205347054089200 ) ) ;
#91 = CARTESIAN_POINT ( 'NONE',  ( 1550.521565698244100, 2035.622239727704000, 120.7339465294590900 ) ) ;
#92 = DIRECTION ( 'NONE',  ( 0.0000000000000000000, 0.0000000000000000000, 1.000000000000000000 ) ) ;
#93 = CARTESIAN_POINT ( 'NONE',  ( 1631.308459369670800, 1926.439719893292900, -78.40205347054090600 ) ) ;
#94 = CARTESIAN_POINT ( 'NONE',  ( 1597.430943467303900, 1971.662268347317600, 120.7339465294590900 ) ) ;
#95 = LINE ( 'NONE', #6115, #2008 ) ;
#96 = CARTESIAN_POINT ( 'NONE',  ( 1767.629999349615400, 2044.439100454299300, 29.45295171943969200 ) ) ;
#97 = EDGE_CURVE ( 'NONE', #4591, #5453, #3772, .T. ) ;
#98 = CARTESIAN_POINT ( 'NONE',  ( 1767.629999349615000, 1938.544307108637400, -73.42462242585048700 ) ) ;
#99 = CARTESIAN_POINT ( 'NONE',  ( 1551.074867089769400, 2012.045937566056900, -78.40205347054086400 ) ) ;
#100 = CARTESIAN_POINT ( 'NONE',  ( 1612.656135901324200, 2049.497546352815800, 111.2089465294590800 ) ) ;
#101 = CARTESIAN_POINT ( 'NONE',  ( 1591.999999384806000, 1911.325832439667500, -66.99431679045453300 ) ) ;
#102 = CC_DESIGN_PERSON_AND_ORGANIZATION_ASSIGNMENT ( #1239, #554, ( #5553 ) ) ;
#103 = CARTESIAN_POINT ( 'NONE',  ( 1714.611317362077400, 2030.947114463948800, -114.5970534705410000 ) ) ;
#104 = CARTESIAN_POINT ( 'NONE',  ( 1722.715280807016800, 1881.089659006520400, -63.05842617120881500 ) ) ;
#105 = ORIENTED_EDGE ( 'NONE', *, *, #5994, .F. ) ;
#106 = ORIENTED_EDGE ( 'NONE', *, *, #404, .F. ) ;
#107 = CARTESIAN_POINT ( 'NONE',  ( 1657.594213029271300, 2011.568958783533800, 120.7339465294591000 ) ) ;
#108 = CARTESIAN_POINT ( 'NONE',  ( 1506.985329842518500, 1982.177584820192800, 120.7339465294591000 ) ) ;
#109 = ORIENTED_EDGE ( 'NONE', *, *, #3346, .T. ) ;
#110 = CARTESIAN_POINT ( 'NONE',  ( 1533.676844824129600, 1934.225758118407600, -78.40205347054089200 ) ) ;
#111 = CARTESIAN_POINT ( 'NONE',  ( 1668.045965197382900, 1952.021455476454300, 111.2089465294591100 ) ) ;
#112 = CARTESIAN_POINT ( 'NONE',  ( 1665.899050852904800, 2013.757367700639600, 120.7339465294591000 ) ) ;
#113 = DIRECTION ( 'NONE',  ( 1.000000000000000000, 0.0000000000000000000, 0.0000000000000000000 ) ) ;
#114 = ORIENTED_EDGE ( 'NONE', *, *, #6582, .F. ) ;
#115 = ORIENTED_EDGE ( 'NONE', *, *, #6090, .T. ) ;
#116 = CARTESIAN_POINT ( 'NONE',  ( 1516.288113263102600, 1984.617444049456000, 111.2089465294591300 ) ) ;
#117 = CARTESIAN_POINT ( 'NONE',  ( 1709.209148379516400, 1901.414126244674400, -90.78455347054089900 ) ) ;
#118 = CARTESIAN_POINT ( 'NONE',  ( 1767.629999349615000, 1928.317909961365600, 68.43081796178641700 ) ) ;
#119 = ORIENTED_EDGE ( 'NONE', *, *, #2378, .F. ) ;
#120 = CARTESIAN_POINT ( 'NONE',  ( 1521.689407645054400, 1928.804340506705300, 120.7339465294590900 ) ) ;
#121 = CARTESIAN_POINT ( 'NONE',  ( 1711.220456900378800, 2045.365585051912100, -78.71955347054091600 ) ) ;
#122 = CARTESIAN_POINT ( 'NONE',  ( 1698.232988496637100, 2005.096674044481000, -90.78455347054089900 ) ) ;
#123 = CARTESIAN_POINT ( 'NONE',  ( 1551.275933999095300, 2038.192701160191700, 120.7339465294591000 ) ) ;
#124 = CARTESIAN_POINT ( 'NONE',  ( 1542.381971228532400, 2035.846740483843000, 120.7339465294590900 ) ) ;
#125 = DIRECTION ( 'NONE',  ( -0.0000000000000000000, 0.0000000000000000000, -1.000000000000000000 ) ) ;
#126 = CARTESIAN_POINT ( 'NONE',  ( 1599.613929797490300, 1911.820851948467000, -78.40205347054086400 ) ) ;
#127 = CARTESIAN_POINT ( 'NONE',  ( 1698.500534579525000, 1956.498855844675700, -90.78455347054092800 ) ) ;
#128 = CARTESIAN_POINT ( 'NONE',  ( 1796.839999349614600, 1975.235820185650300, -79.85255331776183100 ) ) ;
#129 = FACE_OUTER_BOUND ( 'NONE', #2610, .T. ) ;
#130 = EDGE_CURVE ( 'NONE', #6368, #603, #1715, .T. ) ;
#131 = CARTESIAN_POINT ( 'NONE',  ( 1767.629999349615000, 2045.071782528582800, -27.50207306886786500 ) ) ;
#132 = CARTESIAN_POINT ( 'NONE',  ( 1577.284332752604300, 2026.803090857155700, -78.40205347054087800 ) ) ;
#133 = CARTESIAN_POINT ( 'NONE',  ( 1664.324778968508300, 2012.705472857351000, 111.2089465294590800 ) ) ;
#134 = VECTOR ( 'NONE', #1350, 1000.000000000000000 ) ;
#135 = CARTESIAN_POINT ( 'NONE',  ( 1667.660076876111400, 1954.999041216287000, 120.7339465294591200 ) ) ;
#136 = AXIS2_PLACEMENT_3D ( 'NONE', #2721, #2046, #1352 ) ;
#137 = CARTESIAN_POINT ( 'NONE',  ( 1701.299009457375900, 1894.634079827422300, -78.71955347054093000 ) ) ;
#138 = PLANE ( 'NONE',  #659 ) ;
#139 = ORIENTED_EDGE ( 'NONE', *, *, #5177, .T. ) ;
#140 = AXIS2_PLACEMENT_3D ( 'NONE', #5702, #3640, #2953 ) ;
#141 = EDGE_CURVE ( 'NONE', #3182, #6656, #5684, .T. ) ;
#142 = ORIENTED_EDGE ( 'NONE', *, *, #5091, .F. ) ;
#143 = LINE ( 'NONE', #6172, #5592 ) ;
#144 = DIRECTION ( 'NONE',  ( 0.6427847584997261600, 0.7660468355397395100, 0.0000000000000000000 ) ) ;
#145 = VERTEX_POINT ( 'NONE', #3619 ) ;
#146 = EDGE_CURVE ( 'NONE', #3132, #5407, #5785, .T. ) ;
#147 = CARTESIAN_POINT ( 'NONE',  ( 1578.498092979527900, 1906.498855844674800, -78.40205347054089200 ) ) ;
#148 = DIRECTION ( 'NONE',  ( -1.000000000000000000, 0.0000000000000000000, 0.0000000000000000000 ) ) ;
#149 = CARTESIAN_POINT ( 'NONE',  ( 1512.305569611379500, 1981.354417486806400, 120.7339465294591200 ) ) ;
#150 = CARTESIAN_POINT ( 'NONE',  ( 1591.999999384806000, 1969.999832439667200, 111.2089465294591100 ) ) ;
#151 = ORIENTED_EDGE ( 'NONE', *, *, #5076, .T. ) ;
#152 = ORIENTED_EDGE ( 'NONE', *, *, #5446, .F. ) ;
#153 = CARTESIAN_POINT ( 'NONE',  ( 1639.664466852872000, 1906.269374610259300, 120.7339465294591000 ) ) ;
#154 = CARTESIAN_POINT ( 'NONE',  ( 1641.661250139466600, 1904.365873575000000, 120.7339465294590900 ) ) ;
#155 = CARTESIAN_POINT ( 'NONE',  ( 1577.905311335349600, 2033.684924590955000, -90.78455347054081400 ) ) ;
#156 = ORIENTED_EDGE ( 'NONE', *, *, #2469, .F. ) ;
#157 = CARTESIAN_POINT ( 'NONE',  ( 1709.209148379516400, 2038.585538644671900, -90.78455347054087100 ) ) ;
#158 = ORIENTED_EDGE ( 'NONE', *, *, #3565, .F. ) ;
#159 = DIRECTION ( 'NONE',  ( 1.000000000000000000, 0.0000000000000000000, 0.0000000000000000000 ) ) ;
#160 = CARTESIAN_POINT ( 'NONE',  ( 1580.401215165909200, 1887.336764442943600, 120.7339465294590900 ) ) ;
#161 = AXIS2_PLACEMENT_3D ( 'NONE', #2186, #1503, #809 ) ;
#162 = EDGE_CURVE ( 'NONE', #589, #2607, #6040, .T. ) ;
#163 = CARTESIAN_POINT ( 'NONE',  ( 1594.720419317669700, 1965.014051441800600, 120.7339465294590900 ) ) ;
#164 = CARTESIAN_POINT ( 'NONE',  ( 1622.293599919463300, 1946.759221368726500, 28.72244652945911300 ) ) ;
#165 = CARTESIAN_POINT ( 'NONE',  ( 1561.442924136699500, 1919.910835101037900, -78.40205347054090600 ) ) ;
#166 = CARTESIAN_POINT ( 'NONE',  ( 1747.023392379236800, 1995.601367647243700, -90.78455347054089900 ) ) ;
#167 = EDGE_CURVE ( 'NONE', #3832, #3658, #5918, .T. ) ;
#168 = FACE_OUTER_BOUND ( 'NONE', #4810, .T. ) ;
#169 = CARTESIAN_POINT ( 'NONE',  ( 1767.629999349615000, 2024.426239472181800, -58.48503642799035900 ) ) ;
#170 = CARTESIAN_POINT ( 'NONE',  ( 1616.433182929272100, 2023.344811866223800, -78.40205347054089200 ) ) ;
#171 = DIRECTION ( 'NONE',  ( 1.000000000000000000, 0.0000000000000000000, 0.0000000000000000000 ) ) ;
#172 = CARTESIAN_POINT ( 'NONE',  ( 1767.629999349615000, 1907.958685556643100, 81.39400590902693000 ) ) ;
#173 = CARTESIAN_POINT ( 'NONE',  ( 1748.500534579525700, 1934.279697195556300, -90.78455347054089900 ) ) ;
#174 = CYLINDRICAL_SURFACE ( 'NONE', #867, 70.00000000000005700 ) ;
#175 = EDGE_CURVE ( 'NONE', #2149, #1210, #547, .T. ) ;
#176 = CARTESIAN_POINT ( 'NONE',  ( 1767.629999349615200, 1979.848270964194400, 79.53948129527937300 ) ) ;
#177 = CARTESIAN_POINT ( 'NONE',  ( 1748.500453136130100, 1954.622588784634200, -90.78455347054091400 ) ) ;
#178 = FACE_OUTER_BOUND ( 'NONE', #2130, .T. ) ;
#179 = CARTESIAN_POINT ( 'NONE',  ( 1743.499999349615100, 2059.999879739976200, 61.79152038698630600 ) ) ;
#180 = CARTESIAN_POINT ( 'NONE',  ( 1713.051932389002600, 1889.285389834902400, 73.53146530532855300 ) ) ;
#181 = ORIENTED_EDGE ( 'NONE', *, *, #6648, .F. ) ;
#182 = EDGE_CURVE ( 'NONE', #996, #1935, #5088, .T. ) ;
#183 = DIRECTION ( 'NONE',  ( 0.0000000000000000000, -0.0000000000000000000, 1.000000000000000000 ) ) ;
#184 = EDGE_CURVE ( 'NONE', #3167, #5245, #1245, .T. ) ;
#185 = CARTESIAN_POINT ( 'NONE',  ( 1604.327912731943600, 2047.387735421411000, 120.7339465294590900 ) ) ;
#186 = VERTEX_POINT ( 'NONE', #2970 ) ;
#187 = CARTESIAN_POINT ( 'NONE',  ( 1722.690406682417700, 2058.890068683381300, 63.38134875627504500 ) ) ;
#188 = DIRECTION ( 'NONE',  ( 0.0000000000000000000, 0.0000000000000000000, -1.000000000000000000 ) ) ;
#189 = MECHANICAL_CONTEXT ( 'NONE', #6069, 'mechanical' ) ;
#190 = CARTESIAN_POINT ( 'NONE',  ( 1723.376742559926200, 2059.356207052845100, -62.42603770847723200 ) ) ;
#191 = ORIENTED_EDGE ( 'NONE', *, *, #3999, .T. ) ;
#192 = ORIENTED_EDGE ( 'NONE', *, *, #5987, .F. ) ;
#193 = DIRECTION ( 'NONE',  ( 1.000000000000000000, 0.0000000000000000000, 0.0000000000000000000 ) ) ;
#194 = CARTESIAN_POINT ( 'NONE',  ( 1545.456755243765900, 2021.170149763233400, -90.78455347054092800 ) ) ;
#195 = CARTESIAN_POINT ( 'NONE',  ( 1527.223749788287900, 1928.040776017381400, 120.7339465294590800 ) ) ;
#196 = CARTESIAN_POINT ( 'NONE',  ( 1698.500534579525000, 1906.498855844674200, -84.59330347054088900 ) ) ;
#197 = ORIENTED_EDGE ( 'NONE', *, *, #2921, .F. ) ;
#198 = CARTESIAN_POINT ( 'NONE',  ( 1562.828915700960100, 2031.036371446561400, -78.40205347054087800 ) ) ;
#199 = EDGE_CURVE ( 'NONE', #5549, #678, #3654, .T. ) ;
#200 = CARTESIAN_POINT ( 'NONE',  ( 1571.387085466674100, 1890.715067706025800, 120.7339465294590900 ) ) ;
#201 = CARTESIAN_POINT ( 'NONE',  ( 1767.629999349614300, 1892.639359216704000, -20.23466174564802600 ) ) ;
#202 = CARTESIAN_POINT ( 'NONE',  ( 1586.981486729825300, 1967.300770830748400, 120.7339465294591000 ) ) ;
#203 = CARTESIAN_POINT ( 'NONE',  ( 1520.202798724549200, 1927.830777750993100, 120.7339465294590900 ) ) ;
#204 = CARTESIAN_POINT ( 'NONE',  ( 1538.933692529823000, 1944.967742946951400, -78.40205347054089200 ) ) ;
#205 = B_SPLINE_CURVE_WITH_KNOTS ( 'NONE', 3,
 ( #6516, #5827, #5155, #4461, #3763, #3092 ),
 .UNSPECIFIED., .F., .F.,
 ( 4, 2, 4 ),
 ( 0.0000000000000000000, 0.5000000000000000000, 1.000000000000000000 ),
 .UNSPECIFIED. ) ;
#206 = CARTESIAN_POINT ( 'NONE',  ( 1657.762044138419200, 2019.745946484888900, 111.2089465294590800 ) ) ;
#207 = AXIS2_PLACEMENT_3D ( 'NONE', #127, #6156, #5466 ) ;
#208 = CARTESIAN_POINT ( 'NONE',  ( 1767.629999349615200, 1992.467914151290000, -76.63266494519244500 ) ) ;
#209 = EDGE_CURVE ( 'NONE', #2578, #5293, #704, .T. ) ;
#210 = CARTESIAN_POINT ( 'NONE',  ( 1643.267731882183900, 1998.536278171430900, -78.40205347054089200 ) ) ;
#211 = CARTESIAN_POINT ( 'NONE',  ( 1596.987216062237400, 2007.854236491461500, 28.72244652945910900 ) ) ;
#212 = DIRECTION ( 'NONE',  ( -1.000000000000000000, 0.0000000000000000000, 0.0000000000000000000 ) ) ;
#213 = VERTEX_POINT ( 'NONE', #2803 ) ;
#214 = CARTESIAN_POINT ( 'NONE',  ( 1588.245104359812300, 1974.261224156469300, 120.7339465294590900 ) ) ;
#215 = FACE_OUTER_BOUND ( 'NONE', #1249, .T. ) ;
#216 = FACE_OUTER_BOUND ( 'NONE', #723, .T. ) ;
#217 = CARTESIAN_POINT ( 'NONE',  ( 1767.629999349615700, 2014.295081498770100, 66.78750909357668800 ) ) ;
#218 = CARTESIAN_POINT ( 'NONE',  ( 1613.474518231432100, 2035.479694647907300, 87.14744652945910300 ) ) ;
#219 = CARTESIAN_POINT ( 'NONE',  ( 1533.325999384806000, 1969.999832439667400, -78.40205347054087800 ) ) ;
#220 = CARTESIAN_POINT ( 'NONE',  ( 1550.733766752967500, 2040.446943406053400, 111.2089465294591100 ) ) ;
#221 = VECTOR ( 'NONE', #5007, 1000.000000000000000 ) ;
#222 = CARTESIAN_POINT ( 'NONE',  ( 1591.999999384806000, 1868.399832439667100, 107.3989465294591400 ) ) ;
#223 = FACE_OUTER_BOUND ( 'NONE', #3543, .T. ) ;
#224 = CARTESIAN_POINT ( 'NONE',  ( 1554.145595333012400, 1965.012615762236200, -51.92255347054098300 ) ) ;
#225 = LINE ( 'NONE', #5561, #3725 ) ;
#226 = ORIENTED_EDGE ( 'NONE', *, *, #5360, .F. ) ;
#227 = EDGE_LOOP ( 'NONE', ( #682, #6661, #1679, #4620, #1480, #2550, #499, #1969, #4936, #5773 ) ) ;
#228 = CARTESIAN_POINT ( 'NONE',  ( 1654.837366439753900, 1982.699832439667300, -52.38392265973462300 ) ) ;
#229 = EDGE_CURVE ( 'NONE', #2411, #4617, #5828, .T. ) ;
#230 = APPROVAL_PERSON_ORGANIZATION ( #1762, #5273, #396 ) ;
#231 = B_SPLINE_CURVE_WITH_KNOTS ( 'NONE', 3,
 ( #1302, #616, #6641, #5948, #5269, #4580, #3883, #3206, #2518, #1829, #1145, #459, #6472, #5782, #5111, #4415, #3717, #3045 ),
 .UNSPECIFIED., .F., .F.,
 ( 4, 2, 2, 2, 2, 2, 2, 2, 4 ),
 ( 0.0000000000000000000, 0.06249999999999780700, 0.1249999999999956100, 0.1874999999999934200, 0.2499999999999947300, 0.3124999999999960000, 0.3749999999999973400, 0.4374999999999986100, 0.5000000000000000000 ),
 .UNSPECIFIED. ) ;
#232 = DIRECTION ( 'NONE',  ( 0.0000000000000000000, 0.0000000000000000000, -1.000000000000000000 ) ) ;
#233 = CARTESIAN_POINT ( 'NONE',  ( 1528.405135621742600, 1926.285376641679000, 111.2089465294591100 ) ) ;
#234 = ORIENTED_EDGE ( 'NONE', *, *, #897, .F. ) ;
#235 = ORIENTED_EDGE ( 'NONE', *, *, #2611, .T. ) ;
#236 = CARTESIAN_POINT ( 'NONE',  ( 1547.914154154410200, 1944.541378192796200, 28.72244652945910200 ) ) ;
#237 = EDGE_CURVE ( 'NONE', #5355, #306, #63, .T. ) ;
#238 = LINE ( 'NONE', #6260, #6363 ) ;
#239 = LINE ( 'NONE', #6261, #2093 ) ;
#240 = DIRECTION ( 'NONE',  ( -0.0000000000000000000, 0.0000000000000000000, -1.000000000000000000 ) ) ;
#241 = ORIENTED_EDGE ( 'NONE', *, *, #6449, .T. ) ;
#242 = EDGE_LOOP ( 'NONE', ( #5704, #5817 ) ) ;
#243 = CARTESIAN_POINT ( 'NONE',  ( 1529.676153501805600, 1994.313406793749000, -78.40205347054089200 ) ) ;
#244 = CARTESIAN_POINT ( 'NONE',  ( 1576.696837774054500, 1894.503055706944200, 120.7339465294591300 ) ) ;
#245 = CARTESIAN_POINT ( 'NONE',  ( 1767.629999349615000, 1898.138113580148200, 35.31863700139819400 ) ) ;
#246 = CARTESIAN_POINT ( 'NONE',  ( 1796.839999349615000, 1944.222579819920400, -75.76664169274896200 ) ) ;
#247 = LINE ( 'NONE', #6270, #4411 ) ;
#248 = DIRECTION ( 'NONE',  ( -0.0000000000000000000, 0.0000000000000000000, 1.000000000000000000 ) ) ;
#249 = CARTESIAN_POINT ( 'NONE',  ( 1579.930385319647500, 1884.969742963540500, 114.0664465294591000 ) ) ;
#250 = CARTESIAN_POINT ( 'NONE',  ( 1551.121808892179600, 2036.991593381607800, 120.7339465294591200 ) ) ;
#251 = LINE ( 'NONE', #6275, #795 ) ;
#252 = CARTESIAN_POINT ( 'NONE',  ( 1638.415224061467400, 1934.107418714068700, -78.40205347054089200 ) ) ;
#253 = CARTESIAN_POINT ( 'NONE',  ( 1596.437279377648600, 1973.545667969079400, 120.7339465294590900 ) ) ;
#254 = FACE_OUTER_BOUND ( 'NONE', #5559, .T. ) ;
#255 = CARTESIAN_POINT ( 'NONE',  ( 1767.629999349615000, 2040.267661086717000, 38.39006701277104800 ) ) ;
#256 = CARTESIAN_POINT ( 'NONE',  ( 1767.629999349615000, 1949.294038187559000, -77.12947337771730400 ) ) ;
#257 = CARTESIAN_POINT ( 'NONE',  ( 1543.989261654182200, 2003.728585219992700, -78.40205347054087800 ) ) ;
#258 = CARTESIAN_POINT ( 'NONE',  ( 1741.466295131004200, 1930.504445165299600, -90.78455347054092800 ) ) ;
#259 = DIRECTION ( 'NONE',  ( 0.0000000000000000000, 0.0000000000000000000, -1.000000000000000000 ) ) ;
#260 = FACE_OUTER_BOUND ( 'NONE', #5569, .T. ) ;
#261 = EDGE_CURVE ( 'NONE', #5399, #3827, #6350, .T. ) ;
#262 = CARTESIAN_POINT ( 'NONE',  ( 1746.901367007423900, 1996.464937521987400, -114.5970534705409400 ) ) ;
#263 = VECTOR ( 'NONE', #6524, 1000.000000000000000 ) ;
#264 = CARTESIAN_POINT ( 'NONE',  ( 1723.653593785957100, 1880.498664425333300, -62.21875985859464500 ) ) ;
#265 = ORIENTED_EDGE ( 'NONE', *, *, #2887, .F. ) ;
#266 = ORIENTED_EDGE ( 'NONE', *, *, #5875, .T. ) ;
#267 = EDGE_CURVE ( 'NONE', #6497, #3953, #4550, .T. ) ;
#268 = CARTESIAN_POINT ( 'NONE',  ( 1597.389882990625900, 1968.170524328267400, 111.2089465294590800 ) ) ;
#269 = FACE_OUTER_BOUND ( 'NONE', #2689, .T. ) ;
#270 = ADVANCED_FACE ( 'NONE', ( #4458 ), #2487, .F. ) ;
#271 = CARTESIAN_POINT ( 'NONE',  ( 1659.939810269812600, 2010.853574138430500, 120.7339465294591000 ) ) ;
#272 = CARTESIAN_POINT ( 'NONE',  ( 1796.839999349615000, 1969.999832439667200, 0.1474465294591179000 ) ) ;
#273 = ORIENTED_EDGE ( 'NONE', *, *, #1965, .F. ) ;
#274 = CARTESIAN_POINT ( 'NONE',  ( 1529.627807811635400, 1945.806488073235600, -78.40205347054086400 ) ) ;
#275 = B_SPLINE_CURVE_WITH_KNOTS ( 'NONE', 3,
 ( #3648, #2962, #2275, #1588 ),
 .UNSPECIFIED., .F., .F.,
 ( 4, 4 ),
 ( 0.0000000000000000000, 1.000000000000000000 ),
 .UNSPECIFIED. ) ;
#276 = CARTESIAN_POINT ( 'NONE',  ( 1576.052071413323100, 1889.787144307280600, 111.2089465294590800 ) ) ;
#277 = CARTESIAN_POINT ( 'NONE',  ( 1796.839999349615000, 1969.999832439667200, -79.85255331776186000 ) ) ;
#278 = CARTESIAN_POINT ( 'NONE',  ( 1591.999999384806000, 1969.999832439667200, 107.3989465294591000 ) ) ;
#279 = ORIENTED_EDGE ( 'NONE', *, *, #386, .T. ) ;
#280 = EDGE_CURVE ( 'NONE', #4187, #3741, #6439, .T. ) ;
#281 = ORIENTED_EDGE ( 'NONE', *, *, #3540, .F. ) ;
#282 = DIRECTION ( 'NONE',  ( 0.0000000000000000000, 0.0000000000000000000, -1.000000000000000000 ) ) ;
#283 = CARTESIAN_POINT ( 'NONE',  ( 1672.340773406139300, 1954.136767758745500, 111.2089465294590800 ) ) ;
#284 = CARTESIAN_POINT ( 'NONE',  ( 1767.629999349615200, 1921.760786279626200, 63.96756090780552000 ) ) ;
#285 = VERTEX_POINT ( 'NONE', #3692 ) ;
#286 = PLANE ( 'NONE',  #6541 ) ;
#287 = CARTESIAN_POINT ( 'NONE',  ( 1647.244759384796200, 1982.699832439667300, -56.85265513870668700 ) ) ;
#288 = CARTESIAN_POINT ( 'NONE',  ( 1707.939999349615200, 2035.479694647907300, 87.39644652945914100 ) ) ;
#289 = LINE ( 'NONE', #6310, #3550 ) ;
#290 = CARTESIAN_POINT ( 'NONE',  ( 1543.796692850541100, 2034.278573467048500, 120.7339465294591000 ) ) ;
#291 = CARTESIAN_POINT ( 'NONE',  ( 1695.888142349615200, 2049.042392279382500, 87.14744652945916000 ) ) ;
#292 = PRODUCT ( '5-Asix', '5-Asix', '', ( #189 ) ) ;
#293 = CARTESIAN_POINT ( 'NONE',  ( 1608.608377424568500, 1913.708125680029100, -78.40205347054087800 ) ) ;
#294 = CARTESIAN_POINT ( 'NONE',  ( 1708.632903732416900, 2049.316312201921400, 75.04016118688417700 ) ) ;
#295 = CARTESIAN_POINT ( 'NONE',  ( 1796.839999349614800, 2039.426360228963200, -39.94460732605570300 ) ) ;
#296 = ADVANCED_FACE ( 'NONE', ( #6635 ), #4387, .T. ) ;
#297 = CARTESIAN_POINT ( 'NONE',  ( 1767.629999349615400, 2048.787109890860800, -13.90122401520709300 ) ) ;
#298 = CARTESIAN_POINT ( 'NONE',  ( 1767.629999349615200, 1917.482193051291200, -60.20751181550242100 ) ) ;
#299 = CARTESIAN_POINT ( 'NONE',  ( 1566.833798503635300, 2023.002710104759900, -78.40205347054090600 ) ) ;
#300 = CARTESIAN_POINT ( 'NONE',  ( 1655.351626390974800, 2016.444695282899600, 111.2089465294591100 ) ) ;
#301 = DIRECTION ( 'NONE',  ( -1.000000000000000000, 0.0000000000000000000, 0.0000000000000000000 ) ) ;
#302 = EDGE_CURVE ( 'NONE', #5623, #1644, #3279, .T. ) ;
#303 = CARTESIAN_POINT ( 'NONE',  ( 1699.523755530390000, 1906.498675669642100, -90.78455347054082800 ) ) ;
#304 = DIRECTION ( 'NONE',  ( 0.0000000000000000000, 0.0000000000000000000, 1.000000000000000000 ) ) ;
#305 = ORIENTED_EDGE ( 'NONE', *, *, #5968, .F. ) ;
#306 = VERTEX_POINT ( 'NONE', #100 ) ;
#307 = FACE_OUTER_BOUND ( 'NONE', #1047, .T. ) ;
#308 = CARTESIAN_POINT ( 'NONE',  ( 1649.283053388586000, 1957.299832439667600, -13.27119771669868900 ) ) ;
#309 = CARTESIAN_POINT ( 'NONE',  ( 1722.001330402814100, 1881.785922692288100, -64.02658624775773400 ) ) ;
#310 = ORIENTED_EDGE ( 'NONE', *, *, #411, .T. ) ;
#311 = EDGE_CURVE ( 'NONE', #407, #3518, #786, .T. ) ;
#312 = CARTESIAN_POINT ( 'NONE',  ( 1566.628293482801400, 1907.916051972594700, -78.40205347054090600 ) ) ;
#313 = FACE_OUTER_BOUND ( 'NONE', #4512, .T. ) ;
#314 = CARTESIAN_POINT ( 'NONE',  ( 1603.291167935770100, 2051.274097143194500, 120.7339465294590900 ) ) ;
#315 = CARTESIAN_POINT ( 'NONE',  ( 1513.751324462231400, 1981.783074205464800, 120.7339465294590900 ) ) ;
#316 = CARTESIAN_POINT ( 'NONE',  ( 1506.985329842518500, 1982.177584820192800, 120.7339465294591000 ) ) ;
#317 = EDGE_LOOP ( 'NONE', ( #3955, #5853, #2205, #4795, #4919 ) ) ;
#318 = EDGE_CURVE ( 'NONE', #5658, #5005, #439, .T. ) ;
#319 = EDGE_LOOP ( 'NONE', ( #490, #5646, #1168, #6403, #801 ) ) ;
#320 = VECTOR ( 'NONE', #5394, 1000.000000000000000 ) ;
#321 = CARTESIAN_POINT ( 'NONE',  ( 1635.803484228696100, 1906.462214198860900, 120.7339465294591200 ) ) ;
#322 = CARTESIAN_POINT ( 'NONE',  ( 1698.333793330088600, 2030.007741359838300, -5.789803470540907600 ) ) ;
#323 = CARTESIAN_POINT ( 'NONE',  ( 1767.629999349615000, 1958.944163646277500, 79.38001561755710600 ) ) ;
#324 = ORIENTED_EDGE ( 'NONE', *, *, #3999, .F. ) ;
#325 = CARTESIAN_POINT ( 'NONE',  ( 1604.070454086967900, 2055.029802587157500, 111.2089465294591000 ) ) ;
#326 = LINE ( 'NONE', #6343, #2811 ) ;
#327 = AXIS2_PLACEMENT_3D ( 'NONE', #814, #125, #6154 ) ;
#328 = EDGE_CURVE ( 'NONE', #6122, #6219, #5943, .T. ) ;
#329 = LINE ( 'NONE', #6344, #4420 ) ;
#330 = CARTESIAN_POINT ( 'NONE',  ( 1595.990801983774400, 1965.956405928745700, 120.7339465294591000 ) ) ;
#331 = DIRECTION ( 'NONE',  ( 5.170897147878251500E-015, -1.000000000000000000, 0.0000000000000000000 ) ) ;
#332 = CARTESIAN_POINT ( 'NONE',  ( 1567.320537284766900, 1916.768318620825500, -78.40205347054086400 ) ) ;
#333 = EDGE_LOOP ( 'NONE', ( #6628, #235, #5862, #5358 ) ) ;
#334 = CARTESIAN_POINT ( 'NONE',  ( 1586.320386721956300, 1969.999832439667400, 120.7339465294591000 ) ) ;
#335 = DIRECTION ( 'NONE',  ( -1.000000000000000000, -0.0000000000000000000, -0.0000000000000000000 ) ) ;
#336 = EDGE_CURVE ( 'NONE', #1535, #3832, #2503, .T. ) ;
#337 = CARTESIAN_POINT ( 'NONE',  ( 1767.629999349615000, 2030.487963273709500, -52.20903443705808700 ) ) ;
#338 = ORIENTED_EDGE ( 'NONE', *, *, #3393, .F. ) ;
#339 = CARTESIAN_POINT ( 'NONE',  ( 1609.361443269727700, 2026.050790342072300, -78.40205347054087800 ) ) ;
#340 = DIRECTION ( 'NONE',  ( 1.000000000000000000, -0.0000000000000000000, -0.0000000000000000000 ) ) ;
#341 = CARTESIAN_POINT ( 'NONE',  ( 1673.192032001713900, 1958.821832192041000, 120.7339465294590900 ) ) ;
#342 = CARTESIAN_POINT ( 'NONE',  ( 1561.706398850148800, 1993.240443510607500, -51.92255347054097600 ) ) ;
#343 = VECTOR ( 'NONE', #4342, 1000.000000000000000 ) ;
#344 = B_SPLINE_CURVE_WITH_KNOTS ( 'NONE', 3,
 ( #2741, #2065, #1370, #684, #3, #6021, #5337, #4654, #3963, #3273, #2584, #1899, #1211, #527, #6542, #5855, #5182, #4488 ),
 .UNSPECIFIED., .F., .F.,
 ( 4, 2, 2, 2, 2, 2, 2, 2, 4 ),
 ( 0.0000000000000000000, 0.1250000000000000000, 0.2500000000000000000, 0.3750000000000000000, 0.5000000000000000000, 0.6250000000000000000, 0.7500000000000000000, 0.8750000000000000000, 1.000000000000000000 ),
 .UNSPECIFIED. ) ;
#345 = CARTESIAN_POINT ( 'NONE',  ( 1745.582402918774100, 1939.665762527973800, -90.78455347054089900 ) ) ;
#346 = CARTESIAN_POINT ( 'NONE',  ( 1590.514932528939700, 1975.532187276408900, 111.2089465294590800 ) ) ;
#347 = DIRECTION ( 'NONE',  ( -0.0000000000000000000, -0.0000000000000000000, -1.000000000000000000 ) ) ;
#348 = AXIS2_PLACEMENT_3D ( 'NONE', #3758, #3087, #2392 ) ;
#349 = CARTESIAN_POINT ( 'NONE',  ( 1704.943730695545800, 1870.999833181521100, 87.14744652945916000 ) ) ;
#350 = FACE_OUTER_BOUND ( 'NONE', #686, .T. ) ;
#351 = CARTESIAN_POINT ( 'NONE',  ( 1606.973688327742800, 2045.770956909993200, 120.7339465294590900 ) ) ;
#352 = EDGE_LOOP ( 'NONE', ( #3254, #2456, #5207, #3148 ) ) ;
#353 = ADVANCED_FACE ( 'NONE', ( #4472 ), #4587, .T. ) ;
#354 = CARTESIAN_POINT ( 'NONE',  ( 1723.578217662186900, 2059.463507496865100, 62.56741000876567000 ) ) ;
#355 = AXIS2_PLACEMENT_3D ( 'NONE', #1895, #5180, #4486 ) ;
#356 = DIRECTION ( 'NONE',  ( 0.0000000000000000000, 0.0000000000000000000, 1.000000000000000000 ) ) ;
#357 = CARTESIAN_POINT ( 'NONE',  ( 1722.454277264431800, 2058.688360308624400, -63.36915773048224300 ) ) ;
#358 = VERTEX_POINT ( 'NONE', #1840 ) ;
#359 = ORIENTED_EDGE ( 'NONE', *, *, #6506, .F. ) ;
#360 = VECTOR ( 'NONE', #2961, 1000.000000000000000 ) ;
#361 = CARTESIAN_POINT ( 'NONE',  ( 1767.629999349615200, 1969.999832439667200, -70.00000000000005700 ) ) ;
#362 = DIRECTION ( 'NONE',  ( -1.000000000000000000, 0.0000000000000000000, 0.0000000000000000000 ) ) ;
#363 = CARTESIAN_POINT ( 'NONE',  ( 1524.653791941485700, 1929.306674312085100, 120.7339465294590900 ) ) ;
#364 = EDGE_CURVE ( 'NONE', #2980, #4939, #1788, .T. ) ;
#365 = CARTESIAN_POINT ( 'NONE',  ( 1748.500534579525700, 1956.498855844675700, -114.5970534705409000 ) ) ;
#366 = ORIENTED_EDGE ( 'NONE', *, *, #1380, .F. ) ;
#367 = CARTESIAN_POINT ( 'NONE',  ( 1572.565616812790000, 2033.213856030777800, -78.40205347054087800 ) ) ;
#368 = EDGE_CURVE ( 'NONE', #3352, #2411, #1225, .T. ) ;
#369 = PLANE ( 'NONE',  #5284 ) ;
#370 = ORIENTED_EDGE ( 'NONE', *, *, #209, .F. ) ;
#371 = CARTESIAN_POINT ( 'NONE',  ( 1767.629999349615200, 1895.947939410333400, -30.12791575042087500 ) ) ;
#372 = CARTESIAN_POINT ( 'NONE',  ( 1588.284209249598700, 1965.704312460269200, 120.7339465294591000 ) ) ;
#373 = DIRECTION ( 'NONE',  ( -0.0000000000000000000, 8.079526793559758100E-017, -1.000000000000000000 ) ) ;
#374 = CARTESIAN_POINT ( 'NONE',  ( 1544.218619666233300, 1935.947252562624700, -78.40205347054087800 ) ) ;
#375 = ADVANCED_FACE ( 'NONE', ( #5090 ), #3579, .T. ) ;
#376 = CARTESIAN_POINT ( 'NONE',  ( 1720.264578950536800, 2056.144031861156700, 66.82244652945908600 ) ) ;
#377 = CARTESIAN_POINT ( 'NONE',  ( 1767.629999349615000, 2005.090653939980500, -71.74576971336264800 ) ) ;
#378 = CARTESIAN_POINT ( 'NONE',  ( 1638.171561068348400, 2006.205448065343000, -78.40205347054089200 ) ) ;
#379 = CARTESIAN_POINT ( 'NONE',  ( 1528.498092979527700, 1905.391922553273400, -78.40205347054089200 ) ) ;
#380 = DIRECTION ( 'NONE',  ( -0.0000000000000000000, 0.0000000000000000000, -1.000000000000000000 ) ) ;
#381 = CARTESIAN_POINT ( 'NONE',  ( 1587.411483081387800, 1973.347127169830400, 120.7339465294591000 ) ) ;
#382 = CARTESIAN_POINT ( 'NONE',  ( 1767.629999349615400, 2006.164249240974600, 71.51730514789628000 ) ) ;
#383 = CARTESIAN_POINT ( 'NONE',  ( 1767.629999349615200, 1902.676357447752500, -76.77886259266499300 ) ) ;
#384 = CARTESIAN_POINT ( 'NONE',  ( 1548.235832302958400, 2033.726345477460200, 111.2089465294591100 ) ) ;
#385 = CARTESIAN_POINT ( 'NONE',  ( 1515.724784512639200, 1988.672138324035400, 111.2089465294591000 ) ) ;
#386 = EDGE_CURVE ( 'NONE', #4354, #3182, #821, .T. ) ;
#387 = CYLINDRICAL_SURFACE ( 'NONE', #2509, 122.0976039079098000 ) ;
#388 = EDGE_LOOP ( 'NONE', ( #5650, #1445, #1976, #3141 ) ) ;
#389 = EDGE_CURVE ( 'NONE', #2947, #3095, #4389, .T. ) ;
#390 = CARTESIAN_POINT ( 'NONE',  ( 1657.016560481272800, 2019.223383203473500, 120.7339465294591200 ) ) ;
#391 = CARTESIAN_POINT ( 'NONE',  ( 1625.217513325547300, 2007.870025953309800, -53.00205347054087900 ) ) ;
#392 = ORIENTED_EDGE ( 'NONE', *, *, #5535, .T. ) ;
#393 = CARTESIAN_POINT ( 'NONE',  ( 1651.432421256879500, 1982.699832439667000, -55.57944252487222800 ) ) ;
#394 = AXIS2_PLACEMENT_3D ( 'NONE', #4315, #3624, #2934 ) ;
#395 = CARTESIAN_POINT ( 'NONE',  ( 1667.908984055200100, 1952.404275352494100, 120.7339465294591000 ) ) ;
#396 = APPROVAL_ROLE ( '' ) ;
#397 = CARTESIAN_POINT ( 'NONE',  ( 1523.274304393010700, 1929.333897987724000, 111.2089465294591100 ) ) ;
#398 = ORIENTED_EDGE ( 'NONE', *, *, #5824, .F. ) ;
#399 = ORIENTED_EDGE ( 'NONE', *, *, #2266, .F. ) ;
#400 = PLANE ( 'NONE',  #1126 ) ;
#401 = CYLINDRICAL_SURFACE ( 'NONE', #6410, 50.00000019999717400 ) ;
#402 = CARTESIAN_POINT ( 'NONE',  ( 1632.767288769210600, 1902.019912899139900, 120.7339465294591000 ) ) ;
#403 = DIRECTION ( 'NONE',  ( -0.0000000000000000000, -0.0000000000000000000, 1.000000000000000000 ) ) ;
#404 = EDGE_CURVE ( 'NONE', #1884, #358, #205, .T. ) ;
#405 = CARTESIAN_POINT ( 'NONE',  ( 1572.906158699652500, 2003.064216362464100, 28.72244652945910900 ) ) ;
#406 = ORIENTED_EDGE ( 'NONE', *, *, #3055, .F. ) ;
#407 = VERTEX_POINT ( 'NONE', #1710 ) ;
#408 = CYLINDRICAL_SURFACE ( 'NONE', #4084, 4.756378424428886500 ) ;
#409 = COORDINATED_UNIVERSAL_TIME_OFFSET ( 1, 0, .AHEAD. ) ;
#410 = CARTESIAN_POINT ( 'NONE',  ( 1532.835178231634200, 2003.894198250335600, -78.40205347054086400 ) ) ;
#411 = EDGE_CURVE ( 'NONE', #1927, #1884, #2397, .T. ) ;
#412 = CARTESIAN_POINT ( 'NONE',  ( 1574.276633147101200, 1894.199941397339700, 120.7339465294590900 ) ) ;
#413 = CARTESIAN_POINT ( 'NONE',  ( 1767.629999349615200, 1893.534317571182600, 23.76268717319013000 ) ) ;
#414 = DIRECTION ( 'NONE',  ( -0.0000000000000000000, 8.079526793559758100E-017, -1.000000000000000000 ) ) ;
#415 = DIRECTION ( 'NONE',  ( -3.803533858605790600E-006, -0.9999999999927665600, 0.0000000000000000000 ) ) ;
#416 = CARTESIAN_POINT ( 'NONE',  ( 1721.102433758786000, 2028.344093167103000, -90.78455347054092800 ) ) ;
#417 = CARTESIAN_POINT ( 'NONE',  ( 1554.129805871164300, 1936.782318498925900, -53.00205347054088600 ) ) ;
#418 = CARTESIAN_POINT ( 'NONE',  ( 1748.500534579525700, 1983.500809044674700, -90.78455347054092800 ) ) ;
#419 = CARTESIAN_POINT ( 'NONE',  ( 1698.906671682955200, 1890.971459215308000, 87.14744652945910300 ) ) ;
#420 = CARTESIAN_POINT ( 'NONE',  ( 1642.844679142965800, 1940.674201854316600, -78.40205347054090600 ) ) ;
#421 = CARTESIAN_POINT ( 'NONE',  ( 1594.863492865146100, 1974.909558764979200, 120.7339465294590900 ) ) ;
#422 = ADVANCED_FACE ( 'NONE', ( #3217 ), #4634, .F. ) ;
#423 = CARTESIAN_POINT ( 'NONE',  ( 1767.629999349614800, 2035.014398542282600, 46.76666823947102400 ) ) ;
#424 = CARTESIAN_POINT ( 'NONE',  ( 1767.629999349614500, 1960.151393915329400, -79.24458823636102500 ) ) ;
#425 = CARTESIAN_POINT ( 'NONE',  ( 1538.848007685387300, 1994.849546931376200, -78.40205347054086400 ) ) ;
#426 = DIRECTION ( 'NONE',  ( 0.5555702329675376000, -0.8314696123373338500, 0.0000000000000000000 ) ) ;
#427 = CARTESIAN_POINT ( 'NONE',  ( 1724.415015371995000, 1880.204277180592300, 62.08902835127056400 ) ) ;
#428 = ORIENTED_EDGE ( 'NONE', *, *, #461, .T. ) ;
#429 = EDGE_CURVE ( 'NONE', #1878, #1927, #4299, .T. ) ;
#430 = DIRECTION ( 'NONE',  ( 0.0000000000000000000, 0.0000000000000000000, 1.000000000000000000 ) ) ;
#431 = CARTESIAN_POINT ( 'NONE',  ( 1724.935485556197400, 1880.078728383092300, -61.61174448240987500 ) ) ;
#432 = ORIENTED_EDGE ( 'NONE', *, *, #637, .T. ) ;
#433 = AXIS2_PLACEMENT_3D ( 'NONE', #1297, #612, #6634 ) ;
#434 = CARTESIAN_POINT ( 'NONE',  ( 1588.510733051489300, 1965.456810589498000, 111.2089465294591100 ) ) ;
#435 = CARTESIAN_POINT ( 'NONE',  ( 1661.861289082676000, 2011.185622521868000, 120.7339465294590900 ) ) ;
#436 = VECTOR ( 'NONE', #193, 1000.000000000000000 ) ;
#437 = CARTESIAN_POINT ( 'NONE',  ( 1524.289642400978200, 1919.135966544994300, 120.7339465294590900 ) ) ;
#438 = ORIENTED_EDGE ( 'NONE', *, *, #4319, .F. ) ;
#439 = CIRCLE ( 'NONE', #6540, 109.0871227772100000 ) ;
#440 = CARTESIAN_POINT ( 'NONE',  ( 1528.498157216749900, 1954.969539478707000, -78.40205347054089200 ) ) ;
#441 = DIRECTION ( 'NONE',  ( 0.9807852803910406300, -0.1950903220774113100, 0.0000000000000000000 ) ) ;
#442 = CARTESIAN_POINT ( 'NONE',  ( 1551.608532005262800, 2000.987313867587800, 28.72244652945909800 ) ) ;
#443 = DIRECTION ( 'NONE',  ( -0.5555702329674506700, 0.8314696123373919200, 0.0000000000000000000 ) ) ;
#444 = ORIENTED_EDGE ( 'NONE', *, *, #1179, .T. ) ;
#445 = ORIENTED_EDGE ( 'NONE', *, *, #580, .F. ) ;
#446 = CLOSED_SHELL ( 'NONE', ( #3880, #1320, #6159, #5377, #2494, #5001, #5019, #6474, #2719, #889, #5836, #1797, #6409, #6186, #5468, #3806, #2251, #797, #375, #422, #2843, #6528, #2439, #6429, #2202, #4879, #4877, #2285, #6041, #4790, #2457, #1215, #6136, #1624, #2295, #5052, #3486, #5481, #1885, #2784, #5632, #4308, #1272, #1785, #4811, #449, #1981, #2724, #353, #1358, #3527, #4828, #1756, #5888, #3863, #1928, #6129, #1419, #4053, #1371, #1497, #1834, #6601, #3337, #6008, #709, #760, #4249, #3874, #5418, #2851, #2939, #735, #1971, #6383, #270, #2659, #2373, #2451, #1482, #1859, #2772, #1351, #5302, #6003, #1450, #5846, #854, #5510, #6095, #3748, #1716, #741, #4686, #2412, #3644, #3510, #1738, #3916, #1646, #4350, #3996, #2072, #1332, #4412, #296, #2054, #3938, #2993, #768, #2400, #5115, #586, #4283, #1842, #4913, #2311, #3978, #2942, #5586, #1707, #5818, #2976, #2734, #5402, #3608, #5211, #1411 ) ) ;
#447 = CARTESIAN_POINT ( 'NONE',  ( 1553.899999384806100, 1967.506193270880400, 28.72244652945910900 ) ) ;
#448 = AXIS2_PLACEMENT_3D ( 'NONE', #4228, #3546, #2854 ) ;
#449 = ADVANCED_FACE ( 'NONE', ( #3383 ), #2235, .F. ) ;
#450 = CARTESIAN_POINT ( 'NONE',  ( 1580.474270774487000, 1891.548634127696500, 120.7339465294590900 ) ) ;
#451 = CARTESIAN_POINT ( 'NONE',  ( 1767.629999349615200, 1915.246150146116000, 58.47488842765297100 ) ) ;
#452 = CARTESIAN_POINT ( 'NONE',  ( 1796.839999349615300, 1969.999832439667400, 80.14744637668009400 ) ) ;
#453 = CARTESIAN_POINT ( 'NONE',  ( 1743.499999349615100, 1913.617209437741600, 85.14744614636021000 ) ) ;
#454 = CARTESIAN_POINT ( 'NONE',  ( 1698.500534579524800, 1906.498855844674600, -90.78455347054088500 ) ) ;
#455 = CIRCLE ( 'NONE', #1945, 70.00000000000005700 ) ;
#456 = CARTESIAN_POINT ( 'NONE',  ( 1748.500534579525700, 1956.498855844675700, -114.5970534705409000 ) ) ;
#457 = CARTESIAN_POINT ( 'NONE',  ( 1545.955222401499700, 2033.469888740313100, 120.7339465294591000 ) ) ;
#458 = B_SPLINE_CURVE_WITH_KNOTS ( 'NONE', 3,
 ( #4466, #3770, #3096, #2402, #1713, #1030, #345, #6360, #5682, #4997, #4305, #3617, #2923, #2240, #1555, #864, #177, #6206 ),
 .UNSPECIFIED., .F., .F.,
 ( 4, 1, 1, 2, 2, 2, 1, 1, 2, 2, 4 ),
 ( 0.0000000000000000000, 0.1250000000001583500, 0.1875000000002238200, 0.2187500000002374500, 0.2500000000002510200, 0.5000000000001949600, 0.6250000000001668700, 0.6875000000001528800, 0.7187500000001438800, 0.7500000000001347800, 1.000000000000000000 ),
 .UNSPECIFIED. ) ;
#459 = CARTESIAN_POINT ( 'NONE',  ( 1566.808858907526900, 2013.622776295143500, -53.00205347054087900 ) ) ;
#460 = CARTESIAN_POINT ( 'NONE',  ( 1616.900855293994700, 1916.871782221636500, -78.40205347054087800 ) ) ;
#461 = EDGE_CURVE ( 'NONE', #4193, #6152, #5604, .T. ) ;
#462 = ORIENTED_EDGE ( 'NONE', *, *, #4923, .F. ) ;
#463 = CARTESIAN_POINT ( 'NONE',  ( 1717.232974176827400, 2053.190927101997700, 70.71314626059569300 ) ) ;
#464 = CARTESIAN_POINT ( 'NONE',  ( 1796.839999349615000, 2041.906469136966500, 35.59954297119447400 ) ) ;
#465 = CARTESIAN_POINT ( 'NONE',  ( 1767.629999349615400, 2049.792284671015300, 6.801556925446194900 ) ) ;
#466 = CARTESIAN_POINT ( 'NONE',  ( 1767.629999349615200, 1925.704583338002100, -66.49261600096106400 ) ) ;
#467 = CARTESIAN_POINT ( 'NONE',  ( 1561.110822241854300, 2019.884710154554600, -78.40205347054090600 ) ) ;
#468 = CARTESIAN_POINT ( 'NONE',  ( 1667.584394982203800, 1954.866238572180000, 111.2089465294591100 ) ) ;
#469 = CARTESIAN_POINT ( 'NONE',  ( 1528.820397323144800, 1990.045712830561800, -114.5970534705409800 ) ) ;
#470 = EDGE_CURVE ( 'NONE', #1599, #3591, #4571, .T. ) ;
#471 = CARTESIAN_POINT ( 'NONE',  ( 1743.499999349615100, 2035.479694647907300, 87.39644652945909800 ) ) ;
#472 = CARTESIAN_POINT ( 'NONE',  ( 1698.500534379524900, 2033.500809244672200, -78.40205347054087800 ) ) ;
#473 = ORIENTED_EDGE ( 'NONE', *, *, #2915, .T. ) ;
#474 = CIRCLE ( 'NONE', #4597, 58.67399999999989300 ) ;
#475 = EDGE_LOOP ( 'NONE', ( #1440, #4099, #73, #4044 ) ) ;
#476 = CARTESIAN_POINT ( 'NONE',  ( 1655.472707555374400, 2014.520895354823800, 120.7339465294591000 ) ) ;
#477 = CARTESIAN_POINT ( 'NONE',  ( 1713.435310899424600, 1957.299832439667600, -78.40205347054087800 ) ) ;
#478 = ORIENTED_EDGE ( 'NONE', *, *, #6415, .T. ) ;
#479 = CARTESIAN_POINT ( 'NONE',  ( 1554.731640802096500, 1912.451261916920400, -78.40205347054090600 ) ) ;
#480 = FACE_OUTER_BOUND ( 'NONE', #1650, .T. ) ;
#481 = CARTESIAN_POINT ( 'NONE',  ( 1521.292714283887300, 1928.559036044779100, 111.2089465294590800 ) ) ;
#482 = CARTESIAN_POINT ( 'NONE',  ( 1515.802232711670700, 1983.651136003309800, 120.7339465294590900 ) ) ;
#483 = CARTESIAN_POINT ( 'NONE',  ( 1526.281177229577000, 1920.466667573955600, 111.2089465294590800 ) ) ;
#484 = ORIENTED_EDGE ( 'NONE', *, *, #311, .F. ) ;
#485 = ORIENTED_EDGE ( 'NONE', *, *, #3959, .T. ) ;
#486 = CARTESIAN_POINT ( 'NONE',  ( 1633.256746157701600, 1904.125780018994600, 120.7339465294590900 ) ) ;
#487 = VECTOR ( 'NONE', #5314, 1000.000000000000000 ) ;
#488 = CARTESIAN_POINT ( 'NONE',  ( 1617.191139862084800, 1926.376888584191200, -53.00205347054088600 ) ) ;
#489 = CARTESIAN_POINT ( 'NONE',  ( 1767.629999349615000, 1947.361628111385900, 76.87762624228520300 ) ) ;
#490 = ORIENTED_EDGE ( 'NONE', *, *, #318, .F. ) ;
#491 = PLANE ( 'NONE',  #6569 ) ;
#492 = VERTEX_POINT ( 'NONE', #2076 ) ;
#493 = VECTOR ( 'NONE', #4307, 1000.000000000000000 ) ;
#494 = CARTESIAN_POINT ( 'NONE',  ( 1527.937426361119800, 1922.025206017693100, 120.7339465294591200 ) ) ;
#495 = CARTESIAN_POINT ( 'NONE',  ( 1516.173725770875100, 1987.698214323649800, 120.7339465294590900 ) ) ;
#496 = CARTESIAN_POINT ( 'NONE',  ( 1597.170365581625000, 1967.604450957243000, 120.7339465294590900 ) ) ;
#497 = CARTESIAN_POINT ( 'NONE',  ( 1644.587962685835500, 1876.814543417400300, 76.98494652945909400 ) ) ;
#498 = CARTESIAN_POINT ( 'NONE',  ( 1576.493270878869900, 1913.393648898411400, -78.40205347054087800 ) ) ;
#499 = ORIENTED_EDGE ( 'NONE', *, *, #3820, .F. ) ;
#500 = CARTESIAN_POINT ( 'NONE',  ( 1743.499999349615100, 1913.617210380635000, -84.85255371288667400 ) ) ;
#501 = PLANE ( 'NONE',  #5835 ) ;
#502 = CARTESIAN_POINT ( 'NONE',  ( 1767.629999349615000, 2036.148012321568600, -44.84682051205089000 ) ) ;
#503 = ORIENTED_EDGE ( 'NONE', *, *, #3729, .F. ) ;
#504 = B_SPLINE_CURVE_WITH_KNOTS ( 'NONE', 3,
 ( #3861, #1122, #437, #6451 ),
 .UNSPECIFIED., .F., .F.,
 ( 4, 4 ),
 ( 0.0000000000000000000, 0.9999999570794669800 ),
 .UNSPECIFIED. ) ;
#505 = CARTESIAN_POINT ( 'NONE',  ( 1599.748210744323600, 2028.169938504488100, -78.40205347054087800 ) ) ;
#506 = CARTESIAN_POINT ( 'NONE',  ( 1630.099999384806100, 1969.999832439667400, -51.92255347054094700 ) ) ;
#507 = CARTESIAN_POINT ( 'NONE',  ( 1671.679476143514200, 1958.847901943580600, 120.7339465294591000 ) ) ;
#508 = CARTESIAN_POINT ( 'NONE',  ( 1720.428141336798700, 2056.338958675019500, 66.82244658802655100 ) ) ;
#509 = PLANE ( 'NONE',  #826 ) ;
#510 = CARTESIAN_POINT ( 'NONE',  ( 1597.679612047655800, 1969.999832439667400, 111.2089465294591000 ) ) ;
#511 = DIRECTION ( 'NONE',  ( -0.0000000000000000000, 8.079526793559758100E-017, -1.000000000000000000 ) ) ;
#512 = CARTESIAN_POINT ( 'NONE',  ( 1512.630371360603500, 1990.740832246745900, 111.2089465294590800 ) ) ;
#513 = CARTESIAN_POINT ( 'NONE',  ( 1609.505114416292600, 2045.913949972952400, 120.7339465294590800 ) ) ;
#514 = EDGE_LOOP ( 'NONE', ( #631, #2374, #6335, #2450 ) ) ;
#515 = CARTESIAN_POINT ( 'NONE',  ( 1724.753664303631900, 2059.882903850787900, 61.96196419747596500 ) ) ;
#516 = CARTESIAN_POINT ( 'NONE',  ( 1586.320386721956100, 1969.999832439667200, 111.2089465294590800 ) ) ;
#517 =( LENGTH_UNIT ( ) NAMED_UNIT ( * ) SI_UNIT ( .MILLI., .METRE. ) );
#518 = CARTESIAN_POINT ( 'NONE',  ( 1657.885210128348000, 1982.699832439667300, -4.911986494449820400 ) ) ;
#519 = ORIENTED_EDGE ( 'NONE', *, *, #3767, .F. ) ;
#520 = ORIENTED_EDGE ( 'NONE', *, *, #2217, .T. ) ;
#521 = B_SPLINE_CURVE_WITH_KNOTS ( 'NONE', 3,
 ( #5962, #5280, #4595, #3899 ),
 .UNSPECIFIED., .F., .F.,
 ( 4, 4 ),
 ( 0.0000000000000000000, 1.000000000000000000 ),
 .UNSPECIFIED. ) ;
#522 = CARTESIAN_POINT ( 'NONE',  ( 1632.836545150755200, 1901.086058498704000, 111.2089465294591000 ) ) ;
#523 = AXIS2_PLACEMENT_3D ( 'NONE', #1812, #1127, #441 ) ;
#524 = DIRECTION ( 'NONE',  ( -1.000000000000000000, 0.0000000000000000000, 0.0000000000000000000 ) ) ;
#525 = CARTESIAN_POINT ( 'NONE',  ( 1649.283053388586000, 1982.699832439667000, -13.27119772746675600 ) ) ;
#526 = VERTEX_POINT ( 'NONE', #1383 ) ;
#527 = CARTESIAN_POINT ( 'NONE',  ( 1579.968301265795400, 1892.548843030372400, 111.2089465294591000 ) ) ;
#528 = VECTOR ( 'NONE', #6538, 1000.000000000000000 ) ;
#529 = CARTESIAN_POINT ( 'NONE',  ( 1635.807389065040800, 1906.486268581383700, 111.2089465294591100 ) ) ;
#530 = CARTESIAN_POINT ( 'NONE',  ( 1767.629999349615000, 1900.718246214781900, -39.86650802849347700 ) ) ;
#531 = CARTESIAN_POINT ( 'NONE',  ( 1589.505653165349000, 1964.896677315422000, 120.7339465294590900 ) ) ;
#532 = CARTESIAN_POINT ( 'NONE',  ( 1711.220444576453000, 1894.634079827422300, -78.71955347054093000 ) ) ;
#533 = FACE_OUTER_BOUND ( 'NONE', #3544, .T. ) ;
#534 = VECTOR ( 'NONE', #3151, 1000.000000000000000 ) ;
#535 = CARTESIAN_POINT ( 'NONE',  ( 1550.293014188933300, 1928.686459211220400, -78.40205347054087800 ) ) ;
#536 = CARTESIAN_POINT ( 'NONE',  ( 1743.499999349615100, 1879.999861042323800, -78.71955347054093000 ) ) ;
#537 = CARTESIAN_POINT ( 'NONE',  ( 1767.629999349615200, 2011.612333142887800, -68.17825373623726600 ) ) ;
#538 = CARTESIAN_POINT ( 'NONE',  ( 1631.133203318500600, 2013.717527913452200, -78.40205347054092000 ) ) ;
#539 = LINE ( 'NONE', #6554, #4296 ) ;
#540 = CARTESIAN_POINT ( 'NONE',  ( 1657.138298176295800, 2011.868415709971500, 111.2089465294591100 ) ) ;
#541 = VERTEX_POINT ( 'NONE', #697 ) ;
#542 = CARTESIAN_POINT ( 'NONE',  ( 1586.531285421627400, 1971.533334452169800, 120.7339465294590900 ) ) ;
#543 = B_SPLINE_CURVE_WITH_KNOTS ( 'NONE', 3,
 ( #4767, #4079, #3386, #2695, #2018, #1326, #639, #6664, #5973, #5290, #4607, #3910, #3228, #2543, #1852, #1164, #482, #6493, #5806, #5133, #4440, #3739, #3069, #2370, #1687, #1006, #315, #6333, #5656, #4968, #4274, #3589, #2895, #2214, #1532, #837, #149, #6177, #5484, #4802, #4119, #3423, #2731, #2056, #1361, #675 ),
 .UNSPECIFIED., .F., .F.,
 ( 4, 1, 1, 1, 2, 2, 1, 1, 1, 2, 2, 1, 1, 2, 2, 2, 1, 1, 2, 2, 1, 1, 1, 2, 2, 1, 1, 1, 2, 2, 4 ),
 ( 0.0000000000000000000, 0.06250000000022991300, 0.09375000000029865000, 0.1093750000003330300, 0.1171875000003578200, 0.1250000000003826100, 0.1875000000007439300, 0.2187500000008877300, 0.2343750000009739400, 0.2421875000009662800, 0.2500000000009586200, 0.3125000000009232100, 0.3437500000009055000, 0.3593750000008667000, 0.3750000000008278900, 0.5000000000003078600, 0.5625000000000759400, 0.5937499999999599200, 0.6093749999999496000, 0.6249999999999392700, 0.6875000000000034400, 0.7187500000000252000, 0.7343750000000636200, 0.7421875000000470700, 0.7500000000000304200, 0.8124999999999102900, 0.8437499999998890900, 0.8593749999998784300, 0.8671874999998331300, 0.8749999999997879500, 1.000000000000000000 ),
 .UNSPECIFIED. ) ;
#544 = CARTESIAN_POINT ( 'NONE',  ( 1767.629999349615200, 1997.794215778534600, 75.22431255626321400 ) ) ;
#545 = LINE ( 'NONE', #3135, #3600 ) ;
#546 = DIRECTION ( 'NONE',  ( 0.0000000000000000000, 0.0000000000000000000, 1.000000000000000000 ) ) ;
#547 = LINE ( 'NONE', #6562, #1310 ) ;
#548 = VERTEX_POINT ( 'NONE', #17 ) ;
#549 = CARTESIAN_POINT ( 'NONE',  ( 1655.839155013266500, 2017.708680543686100, 120.7339465294590900 ) ) ;
#550 = LINE ( 'NONE', #6567, #3384 ) ;
#551 = ORIENTED_EDGE ( 'NONE', *, *, #1437, .T. ) ;
#552 = CARTESIAN_POINT ( 'NONE',  ( 1648.904932476971700, 1982.699832439667000, -56.58264405142170300 ) ) ;
#553 = CARTESIAN_POINT ( 'NONE',  ( 1669.520965123236700, 1950.303803737997400, 120.7339465294591200 ) ) ;
#554 = PERSON_AND_ORGANIZATION_ROLE ( 'creator' ) ;
#555 = LINE ( 'NONE', #6575, #1782 ) ;
#556 = ORIENTED_EDGE ( 'NONE', *, *, #3841, .T. ) ;
#557 = FACE_OUTER_BOUND ( 'NONE', #242, .T. ) ;
#558 = EDGE_LOOP ( 'NONE', ( #5181, #478 ) ) ;
#559 = CARTESIAN_POINT ( 'NONE',  ( 1603.343414040682100, 2049.258256417021600, 111.2089465294591100 ) ) ;
#560 = AXIS2_PLACEMENT_3D ( 'NONE', #5627, #4940, #4246 ) ;
#561 = CARTESIAN_POINT ( 'NONE',  ( 1743.499999349615100, 2059.999879739975800, -61.49662732806798000 ) ) ;
#562 = CARTESIAN_POINT ( 'NONE',  ( 1528.647859332982300, 1925.348656408322300, 120.7339465294591500 ) ) ;
#563 = CARTESIAN_POINT ( 'NONE',  ( 1553.899999384806100, 1972.493471608454200, 28.72244652945910200 ) ) ;
#564 = ORIENTED_EDGE ( 'NONE', *, *, #5953, .F. ) ;
#565 = CARTESIAN_POINT ( 'NONE',  ( 1539.029126100186200, 2014.245119033506400, -78.40205347054089200 ) ) ;
#566 = AXIS2_PLACEMENT_3D ( 'NONE', #920, #232, #6254 ) ;
#567 = CARTESIAN_POINT ( 'NONE',  ( 1572.913607481192000, 1893.364509064967500, 120.7339465294590900 ) ) ;
#568 = CARTESIAN_POINT ( 'NONE',  ( 1767.629999349615900, 1890.596666183103000, 9.903451792838980700 ) ) ;
#569 = CARTESIAN_POINT ( 'NONE',  ( 1720.428170934178300, 1883.660706136408400, 66.82244652945912800 ) ) ;
#570 = CARTESIAN_POINT ( 'NONE',  ( 1713.001404459709600, 1986.848412936532200, -78.40205347054087800 ) ) ;
#571 = CARTESIAN_POINT ( 'NONE',  ( 1533.852518530681400, 1962.156868095386000, -78.40205347054089200 ) ) ;
#572 = LINE ( 'NONE', #6593, #5027 ) ;
#573 = DIRECTION ( 'NONE',  ( 0.0000000000000000000, 0.0000000000000000000, -1.000000000000000000 ) ) ;
#574 = CIRCLE ( 'NONE', #1134, 58.67399999999989300 ) ;
#575 = CALENDAR_DATE ( 2013, 29, 7 ) ;
#576 = CARTESIAN_POINT ( 'NONE',  ( 1648.725751662857600, 1985.213175753256100, -78.40205347054089200 ) ) ;
#577 = CARTESIAN_POINT ( 'NONE',  ( 1603.406591214269600, 2051.692338676144100, 111.2089465294590800 ) ) ;
#578 = CARTESIAN_POINT ( 'NONE',  ( 1645.825102568381000, 1946.566633683667500, -78.40205347054089200 ) ) ;
#579 = CARTESIAN_POINT ( 'NONE',  ( 1593.167952544957900, 1975.558410202232400, 120.7339465294590900 ) ) ;
#580 = EDGE_CURVE ( 'NONE', #5399, #1902, #6034, .T. ) ;
#581 = CARTESIAN_POINT ( 'NONE',  ( 1767.629999349615000, 2028.602010805260500, 54.61475923378272800 ) ) ;
#582 = LINE ( 'NONE', #6603, #6200 ) ;
#583 = CARTESIAN_POINT ( 'NONE',  ( 1535.555050658066200, 1986.018784369079600, -78.40205347054090600 ) ) ;
#584 = CARTESIAN_POINT ( 'NONE',  ( 1655.353640584696400, 1957.299832439667400, -51.67342154473393400 ) ) ;
#585 = CARTESIAN_POINT ( 'NONE',  ( 1723.247993335785600, 1880.717538589424300, 62.82664658976286600 ) ) ;
#586 = ADVANCED_FACE ( 'NONE', ( #1653 ), #5724, .T. ) ;
#587 = CARTESIAN_POINT ( 'NONE',  ( 1570.612906838158100, 1886.823008914205000, 120.7339465294591000 ) ) ;
#588 = DIRECTION ( 'NONE',  ( 0.0000000000000000000, 0.0000000000000000000, -1.000000000000000000 ) ) ;
#589 = VERTEX_POINT ( 'NONE', #1912 ) ;
#590 = FACE_OUTER_BOUND ( 'NONE', #5927, .T. ) ;
#591 = VERTEX_POINT ( 'NONE', #1224 ) ;
#592 = CARTESIAN_POINT ( 'NONE',  ( 1656.499989384793500, 1982.699832439667000, -46.85265347054798500 ) ) ;
#593 = CIRCLE ( 'NONE', #2864, 19.99999926449591600 ) ;
#594 = CARTESIAN_POINT ( 'NONE',  ( 1662.750507084111400, 2011.653578014062800, 120.7339465294590900 ) ) ;
#595 = EDGE_CURVE ( 'NONE', #5421, #2849, #539, .T. ) ;
#596 = DIRECTION ( 'NONE',  ( 0.0000000000000000000, -1.000000000000000000, 0.0000000000000000000 ) ) ;
#597 = ORIENTED_EDGE ( 'NONE', *, *, #6121, .T. ) ;
#598 = ORIENTED_EDGE ( 'NONE', *, *, #2266, .T. ) ;
#599 = CARTESIAN_POINT ( 'NONE',  ( 1630.272049423858600, 1936.429833510166200, 28.72244652945909800 ) ) ;
#600 = CARTESIAN_POINT ( 'NONE',  ( 1611.093840069959000, 2003.064216362464100, -51.92255347054099700 ) ) ;
#601 = CARTESIAN_POINT ( 'NONE',  ( 1595.324851609855600, 2020.799832439667600, 28.72244652945910900 ) ) ;
#602 = CARTESIAN_POINT ( 'NONE',  ( 1647.244759384796200, 1957.299832439667600, -56.85265513870670200 ) ) ;
#603 = VERTEX_POINT ( 'NONE', #4499 ) ;
#604 = CYLINDRICAL_SURFACE ( 'NONE', #1720, 109.0871227772101100 ) ;
#605 = ORIENTED_EDGE ( 'NONE', *, *, #4465, .F. ) ;
#606 = CARTESIAN_POINT ( 'NONE',  ( 1572.906158699653100, 1936.935448516870600, 28.72244652945911300 ) ) ;
#607 = AXIS2_PLACEMENT_3D ( 'NONE', #4522, #3828, #3149 ) ;
#608 = CARTESIAN_POINT ( 'NONE',  ( 1579.419522426664600, 1893.149846465785900, 120.7339465294590800 ) ) ;
#609 = CARTESIAN_POINT ( 'NONE',  ( 1767.629999349614800, 1908.874630481771900, 51.76096542740097600 ) ) ;
#610 = CARTESIAN_POINT ( 'NONE',  ( 1796.839999349615000, 1906.391222514619100, 48.94662978732166200 ) ) ;
#611 = LOCAL_TIME ( 18, 46, 3.000000000000000000, #4696 ) ;
#612 = DIRECTION ( 'NONE',  ( 0.1950903220774429800, 0.9807852803910341900, -0.0000000000000000000 ) ) ;
#613 = CARTESIAN_POINT ( 'NONE',  ( 1545.456755450490600, 1918.829515255057000, -114.5970534705408400 ) ) ;
#614 = CARTESIAN_POINT ( 'NONE',  ( 1729.000024173935600, 1916.743474565597100, -114.5970534705410000 ) ) ;
#615 = CARTESIAN_POINT ( 'NONE',  ( 1549.369448358348300, 2034.384606285544600, 120.7339465294590900 ) ) ;
#616 = CARTESIAN_POINT ( 'NONE',  ( 1541.733399384806000, 1973.289773716353500, -53.00205347054087900 ) ) ;
#617 = AXIS2_PLACEMENT_3D ( 'NONE', #3845, #3165, #2479 ) ;
#618 = CARTESIAN_POINT ( 'NONE',  ( 1622.244146774399300, 1919.721301405416200, -78.40205347054090600 ) ) ;
#619 = DIRECTION ( 'NONE',  ( 0.0000000000000000000, -6.829619984160648200E-017, 1.000000000000000000 ) ) ;
#620 = CARTESIAN_POINT ( 'NONE',  ( 1796.839999349615000, 1980.471678461518900, 79.63175934731056300 ) ) ;
#621 = CARTESIAN_POINT ( 'NONE',  ( 1767.629999349615200, 2047.437139889906800, 20.23410440809947600 ) ) ;
#622 = CARTESIAN_POINT ( 'NONE',  ( 1767.629999349615000, 1933.835415596163800, -71.22241206758343400 ) ) ;
#623 = CARTESIAN_POINT ( 'NONE',  ( 1555.549712686183500, 2015.979448985547600, -78.40205347054090600 ) ) ;
#624 = CARTESIAN_POINT ( 'NONE',  ( 1722.001379402814600, 2058.213885292362200, -64.02638953409521600 ) ) ;
#625 = CARTESIAN_POINT ( 'NONE',  ( 1556.340532444478600, 2028.442457235851000, -114.5970534705409700 ) ) ;
#626 = FACE_OUTER_BOUND ( 'NONE', #1727, .T. ) ;
#627 = PRODUCT_RELATED_PRODUCT_CATEGORY ( 'detail', '', ( #292 ) ) ;
#628 = ORIENTED_EDGE ( 'NONE', *, *, #2351, .T. ) ;
#629 = CARTESIAN_POINT ( 'NONE',  ( 1713.435310878016700, 1982.699832439667000, 51.08274919958643800 ) ) ;
#630 = DIRECTION ( 'NONE',  ( 0.004699791557346506700, -0.9999889559186728700, 0.0000000000000000000 ) ) ;
#631 = ORIENTED_EDGE ( 'NONE', *, *, #1743, .F. ) ;
#632 = VERTEX_POINT ( 'NONE', #5192 ) ;
#633 = CARTESIAN_POINT ( 'NONE',  ( 1656.407323740651900, 2012.618629748244500, 120.7339465294590900 ) ) ;
#634 = CARTESIAN_POINT ( 'NONE',  ( 1603.849166460109700, 2053.917314561898800, 120.7339465294590900 ) ) ;
#635 = ORIENTED_EDGE ( 'NONE', *, *, #3055, .T. ) ;
#636 = CARTESIAN_POINT ( 'NONE',  ( 1544.362977059648100, 1919.923262598057600, -78.40205347054089200 ) ) ;
#637 = EDGE_CURVE ( 'NONE', #828, #4285, #3801, .T. ) ;
#638 = DIRECTION ( 'NONE',  ( 1.000000000000000000, 0.0000000000000000000, 0.0000000000000000000 ) ) ;
#639 = CARTESIAN_POINT ( 'NONE',  ( 1516.364260216660600, 1985.131912207681800, 120.7339465294590900 ) ) ;
#640 = CARTESIAN_POINT ( 'NONE',  ( 1700.544479238721100, 2033.614737612798100, -90.78455347054081400 ) ) ;
#641 = ORIENTED_EDGE ( 'NONE', *, *, #706, .T. ) ;
#642 = VERTEX_POINT ( 'NONE', #1065 ) ;
#643 = CARTESIAN_POINT ( 'NONE',  ( 1632.767266700234600, 1902.154114624530800, 120.7339465294591200 ) ) ;
#644 = CARTESIAN_POINT ( 'NONE',  ( 1642.266599384805900, 1966.709891162981400, -53.00205347054087200 ) ) ;
#645 = CARTESIAN_POINT ( 'NONE',  ( 1767.629999349615200, 1934.822441715236000, 71.99835888805128500 ) ) ;
#646 = ORIENTED_EDGE ( 'NONE', *, *, #3733, .T. ) ;
#647 = LINE ( 'NONE', #6674, #6098 ) ;
#648 = DIRECTION ( 'NONE',  ( -1.000000000000000000, 0.0000000000000000000, 0.0000000000000000000 ) ) ;
#649 = VECTOR ( 'NONE', #3392, 1000.000000000000000 ) ;
#650 = CARTESIAN_POINT ( 'NONE',  ( 1513.989343836786000, 1990.246525690922500, 120.7339465294590600 ) ) ;
#651 = CARTESIAN_POINT ( 'NONE',  ( 1597.651041443860500, 1969.327385136242100, 120.7339465294590900 ) ) ;
#652 = DIRECTION ( 'NONE',  ( -0.0000000000000000000, 0.0000000000000000000, -1.000000000000000000 ) ) ;
#653 = CARTESIAN_POINT ( 'NONE',  ( 1592.441206854587800, 1911.326855064923200, -78.40205347054089200 ) ) ;
#654 = CARTESIAN_POINT ( 'NONE',  ( 1591.999999384806000, 1969.999832439667200, 120.7339465294591200 ) ) ;
#655 = CARTESIAN_POINT ( 'NONE',  ( 1591.999999384806000, 1969.999832439667200, 66.82244652945912800 ) ) ;
#656 = EDGE_CURVE ( 'NONE', #5391, #1175, #1746, .T. ) ;
#657 = CARTESIAN_POINT ( 'NONE',  ( 1767.629999349614500, 2041.234250402298100, -36.26598587009183200 ) ) ;
#658 = AXIS2_PLACEMENT_3D ( 'NONE', #3402, #2711, #2033 ) ;
#659 = AXIS2_PLACEMENT_3D ( 'NONE', #6169, #5475, #4792 ) ;
#660 = CARTESIAN_POINT ( 'NONE',  ( 1591.071845018081600, 2028.667144853278600, -78.40205347054089200 ) ) ;
#661 = CARTESIAN_POINT ( 'NONE',  ( 1615.240610455746500, 1939.706231905010100, -51.92255347054099700 ) ) ;
#662 = CARTESIAN_POINT ( 'NONE',  ( 1668.715951801062400, 1957.222290547648800, 120.7339465294590900 ) ) ;
#663 = ORIENTED_EDGE ( 'NONE', *, *, #141, .T. ) ;
#664 = VERTEX_POINT ( 'NONE', #5030 ) ;
#665 = PLANE ( 'NONE',  #1177 ) ;
#666 = CARTESIAN_POINT ( 'NONE',  ( 1578.498092779528200, 2033.500809244671500, -114.5970534705409000 ) ) ;
#667 = ORIENTED_EDGE ( 'NONE', *, *, #2705, .F. ) ;
#668 = DIRECTION ( 'NONE',  ( 0.0000000000000000000, 0.5150380749100499400, -0.8571673007021148900 ) ) ;
#669 = CARTESIAN_POINT ( 'NONE',  ( 1611.765911852044600, 2047.524729968341000, 120.7339465294590800 ) ) ;
#670 = VERTEX_POINT ( 'NONE', #4340 ) ;
#671 = VECTOR ( 'NONE', #1508, 1000.000000000000000 ) ;
#672 = EDGE_CURVE ( 'NONE', #3022, #2149, #5708, .T. ) ;
#673 = CARTESIAN_POINT ( 'NONE',  ( 1714.097603292715800, 1969.999832337318600, 51.74504255091022000 ) ) ;
#674 = CARTESIAN_POINT ( 'NONE',  ( 1642.324913280899400, 1903.372631492928600, 111.2089465294590800 ) ) ;
#675 = CARTESIAN_POINT ( 'NONE',  ( 1510.435578715618700, 1981.491287648570500, 120.7339465294590900 ) ) ;
#676 = CARTESIAN_POINT ( 'NONE',  ( 1656.500030300544000, 1982.699832439667300, -9.669593000275181500 ) ) ;
#677 = ORIENTED_EDGE ( 'NONE', *, *, #3521, .F. ) ;
#678 = VERTEX_POINT ( 'NONE', #1587 ) ;
#679 = CARTESIAN_POINT ( 'NONE',  ( 1641.661250139466600, 1904.365873575000000, 120.7339465294590900 ) ) ;
#680 = CARTESIAN_POINT ( 'NONE',  ( 1591.999999384806000, 1969.999832439667200, 107.3989465294591400 ) ) ;
#681 = CARTESIAN_POINT ( 'NONE',  ( 1539.453217248728800, 2014.943026434434800, -90.78455347054082800 ) ) ;
#682 = ORIENTED_EDGE ( 'NONE', *, *, #5945, .F. ) ;
#683 = AXIS2_PLACEMENT_3D ( 'NONE', #3245, #6511, #5822 ) ;
#684 = CARTESIAN_POINT ( 'NONE',  ( 1572.345903820329800, 1892.824932625641600, 111.2089465294591100 ) ) ;
#685 = CARTESIAN_POINT ( 'NONE',  ( 1580.751077124537700, 1888.934810584389700, 120.7339465294590900 ) ) ;
#686 = EDGE_LOOP ( 'NONE', ( #5982, #3231, #6099, #3500, #2196, #2816 ) ) ;
#687 = CARTESIAN_POINT ( 'NONE',  ( 1767.629999349615000, 1907.323057916300500, -49.60721457336045100 ) ) ;
#688 = EDGE_CURVE ( 'NONE', #4187, #6466, #3300, .T. ) ;
#689 = CARTESIAN_POINT ( 'NONE',  ( 1592.472903428045100, 1964.320269425792700, 120.7339465294590900 ) ) ;
#690 = CARTESIAN_POINT ( 'NONE',  ( 1594.493638553593400, 1931.899832439667300, 28.72244652945910900 ) ) ;
#691 = CARTESIAN_POINT ( 'NONE',  ( 1556.290568973405700, 1923.443643910914700, -78.40205347054087800 ) ) ;
#692 = LINE ( 'NONE', #11, #1207 ) ;
#693 = FACE_OUTER_BOUND ( 'NONE', #5094, .T. ) ;
#694 = EDGE_CURVE ( 'NONE', #5575, #6485, #1760, .T. ) ;
#695 = CARTESIAN_POINT ( 'NONE',  ( 1767.629999349615000, 2018.136496141555200, -63.74984023463383000 ) ) ;
#696 = CARTESIAN_POINT ( 'NONE',  ( 1621.953910445083500, 2020.451871006817300, -78.40205347054090600 ) ) ;
#697 = CARTESIAN_POINT ( 'NONE',  ( 1542.381971228532400, 2035.846740483843000, 120.7339465294590900 ) ) ;
#698 = FACE_OUTER_BOUND ( 'NONE', #1790, .T. ) ;
#699 = CARTESIAN_POINT ( 'NONE',  ( 1662.750507084111400, 2011.653578014062800, 111.2089465294590800 ) ) ;
#700 = CARTESIAN_POINT ( 'NONE',  ( 1698.500534579525000, 1906.498855844674400, -78.40205347054087800 ) ) ;
#701 = CARTESIAN_POINT ( 'NONE',  ( 1767.629999349615000, 1989.004624293658500, 77.86885842720775500 ) ) ;
#702 = CARTESIAN_POINT ( 'NONE',  ( 1591.999999384806000, 1969.999832439667200, 66.82244652945912800 ) ) ;
#703 = CARTESIAN_POINT ( 'NONE',  ( 1485.000036888018300, 1969.999832439667200, 87.14744652945916000 ) ) ;
#704 = B_SPLINE_CURVE_WITH_KNOTS ( 'NONE', 3,
 ( #910, #220, #6246, #5556, #4872, #4182 ),
 .UNSPECIFIED., .F., .F.,
 ( 4, 2, 4 ),
 ( 0.0000000000000000000, 0.5000000000000000000, 1.000000000000000000 ),
 .UNSPECIFIED. ) ;
#705 = CARTESIAN_POINT ( 'NONE',  ( 1719.619821265108800, 1884.624024227141900, 68.06313325928006500 ) ) ;
#706 = EDGE_CURVE ( 'NONE', #5761, #2899, #5908, .T. ) ;
#707 = ORIENTED_EDGE ( 'NONE', *, *, #5360, .T. ) ;
#708 = CARTESIAN_POINT ( 'NONE',  ( 1642.988576347606600, 1902.379389522691600, 120.7339465294590900 ) ) ;
#709 = ADVANCED_FACE ( 'NONE', ( #533 ), #6597, .F. ) ;
#710 = CARTESIAN_POINT ( 'NONE',  ( 1603.322110798155600, 2049.496506617709700, 120.7339465294591200 ) ) ;
#711 = ORIENTED_EDGE ( 'NONE', *, *, #6222, .F. ) ;
#712 = ORIENTED_EDGE ( 'NONE', *, *, #6076, .F. ) ;
#713 = CARTESIAN_POINT ( 'NONE',  ( 1665.899050852904800, 2013.757367700639600, 111.2089465294591000 ) ) ;
#714 = CARTESIAN_POINT ( 'NONE',  ( 1613.387914245506600, 2053.176444520805500, 120.7339465294591000 ) ) ;
#715 = PERSON_AND_ORGANIZATION ( #3143, #4345 ) ;
#716 = CARTESIAN_POINT ( 'NONE',  ( 1724.415060687774900, 2059.795533602128700, -61.79392377842607700 ) ) ;
#717 = ORIENTED_EDGE ( 'NONE', *, *, #2806, .T. ) ;
#718 = VERTEX_POINT ( 'NONE', #1787 ) ;
#719 = CARTESIAN_POINT ( 'NONE',  ( 1610.355692692181000, 2046.257403804736400, 111.2089465294591000 ) ) ;
#720 = PLANE ( 'NONE',  #3252 ) ;
#721 = CARTESIAN_POINT ( 'NONE',  ( 1528.101203893286500, 1926.899433873300000, 120.7339465294591000 ) ) ;
#722 = CARTESIAN_POINT ( 'NONE',  ( 1551.275933999095300, 2038.192701160191700, 111.2089465294591100 ) ) ;
#723 = EDGE_LOOP ( 'NONE', ( #2982, #1774, #1941, #711 ) ) ;
#724 = CARTESIAN_POINT ( 'NONE',  ( 1553.980125218977500, 2027.124034706924200, -78.40205347054089200 ) ) ;
#725 = B_SPLINE_CURVE_WITH_KNOTS ( 'NONE', 3,
 ( #1191, #6518, #5830, #5157, #4463, #3766, #3094, #2399, #1712, #1029, #342, #6356, #5679, #4994, #4302, #3614, #2920, #2237 ),
 .UNSPECIFIED., .F., .F.,
 ( 4, 2, 2, 2, 2, 2, 2, 2, 4 ),
 ( 0.5000000000000000000, 0.5625000000000000000, 0.6250000000000000000, 0.6875000000000000000, 0.7500000000000000000, 0.8125000000000000000, 0.8750000000000000000, 0.9375000000000000000, 1.000000000000000000 ),
 .UNSPECIFIED. ) ;
#726 = EDGE_CURVE ( 'NONE', #1817, #997, #3370, .T. ) ;
#727 = CARTESIAN_POINT ( 'NONE',  ( 1571.818219877215600, 1891.954561703383900, 120.7339465294590900 ) ) ;
#728 = CARTESIAN_POINT ( 'NONE',  ( 1767.629999349615700, 1890.674674586259900, -10.22376447701475400 ) ) ;
#729 = CARTESIAN_POINT ( 'NONE',  ( 1586.396312241008200, 1968.927874970900100, 120.7339465294590800 ) ) ;
#730 = CARTESIAN_POINT ( 'NONE',  ( 1658.503317050321600, 1957.299832439668100, -3.849322313852988400 ) ) ;
#731 = CARTESIAN_POINT ( 'NONE',  ( 1535.600471641923800, 1953.821682545599700, -78.40205347054089200 ) ) ;
#732 = DIRECTION ( 'NONE',  ( 0.0000000000000000000, 1.000000000000000000, 0.0000000000000000000 ) ) ;
#733 = VECTOR ( 'NONE', #6309, 1000.000000000000000 ) ;
#734 = CARTESIAN_POINT ( 'NONE',  ( 1767.629999349615000, 1980.837455383332300, -79.11510877729809000 ) ) ;
#735 = ADVANCED_FACE ( 'NONE', ( #6248 ), #5072, .F. ) ;
#736 = CARTESIAN_POINT ( 'NONE',  ( 1646.223288770637300, 1992.436115757645700, -78.40205347054089200 ) ) ;
#737 = CARTESIAN_POINT ( 'NONE',  ( 1625.064383307602800, 1989.093673124820300, 28.72244652945909800 ) ) ;
#738 = CARTESIAN_POINT ( 'NONE',  ( 1647.861013681319700, 1952.029986599925200, -78.40205347054089200 ) ) ;
#739 = CARTESIAN_POINT ( 'NONE',  ( 1589.840574633987900, 1975.261783126698000, 120.7339465294591200 ) ) ;
#740 = VECTOR ( 'NONE', #188, 1000.000000000000000 ) ;
#741 = ADVANCED_FACE ( 'NONE', ( #626 ), #2184, .T. ) ;
#742 = ORIENTED_EDGE ( 'NONE', *, *, #4465, .T. ) ;
#743 = CARTESIAN_POINT ( 'NONE',  ( 1767.629999349615200, 2020.700947264081600, 62.05606135170234000 ) ) ;
#744 = DIRECTION ( 'NONE',  ( 0.0000000000000000000, 0.0000000000000000000, -1.000000000000000000 ) ) ;
#745 = CARTESIAN_POINT ( 'NONE',  ( 1533.826520179088900, 1977.647356449922200, -78.40205347054089200 ) ) ;
#746 = CARTESIAN_POINT ( 'NONE',  ( 1660.614045597815200, 2021.651592935113700, 111.2089465294591000 ) ) ;
#747 = EDGE_CURVE ( 'NONE', #4793, #1613, #251, .T. ) ;
#748 = CARTESIAN_POINT ( 'NONE',  ( 1722.258273460584000, 1881.496459617465500, 63.92214954917408000 ) ) ;
#749 = CC_DESIGN_APPROVAL ( #5273, ( #6418 ) ) ;
#750 = B_SPLINE_CURVE_WITH_KNOTS ( 'NONE', 3,
 ( #4066, #3372, #2683, #2006, #1315, #625, #6652, #5959, #5278, #4588, #3894, #3215, #2530, #1841, #1153, #469, #6481, #5792 ),
 .UNSPECIFIED., .F., .F.,
 ( 4, 2, 2, 2, 2, 2, 2, 2, 4 ),
 ( 0.0000000000000000000, 0.1250000000000019700, 0.2500000000000039400, 0.3750000000000058800, 0.5000000000000078800, 0.6250000000000098800, 0.7500000000000117700, 0.8750000000000058800, 1.000000000000000000 ),
 .UNSPECIFIED. ) ;
#751 = CARTESIAN_POINT ( 'NONE',  ( 1572.906158699653400, 1936.935448516869900, -51.92255347054099700 ) ) ;
#752 = CARTESIAN_POINT ( 'NONE',  ( 1712.874671065773300, 2047.337015627931600, 66.82244652945908600 ) ) ;
#753 = VERTEX_POINT ( 'NONE', #4214 ) ;
#754 = CARTESIAN_POINT ( 'NONE',  ( 1655.843796021231400, 1982.699832439667300, -50.42113412197461700 ) ) ;
#755 = CARTESIAN_POINT ( 'NONE',  ( 1707.939999349615200, 2049.213607247534100, 87.14744652945913100 ) ) ;
#756 = CARTESIAN_POINT ( 'NONE',  ( 1713.435310899424400, 1957.299832439667600, 51.08274922099416000 ) ) ;
#757 = ORIENTED_EDGE ( 'NONE', *, *, #386, .F. ) ;
#758 = ORIENTED_EDGE ( 'NONE', *, *, #5551, .F. ) ;
#759 = CARTESIAN_POINT ( 'NONE',  ( 1585.350377148231000, 1919.527293703941700, 28.72244652945909800 ) ) ;
#760 = ADVANCED_FACE ( 'NONE', ( #6294 ), #4901, .F. ) ;
#761 = CARTESIAN_POINT ( 'NONE',  ( 1630.099999384805600, 1972.493471608454200, -51.92255347054097600 ) ) ;
#762 = CARTESIAN_POINT ( 'NONE',  ( 1636.085844615201700, 1995.458286686538500, 28.72244652945910600 ) ) ;
#763 = CARTESIAN_POINT ( 'NONE',  ( 1612.656135901324200, 2049.497546352815800, 120.7339465294590900 ) ) ;
#764 = ORIENTED_EDGE ( 'NONE', *, *, #5600, .F. ) ;
#765 = ORIENTED_EDGE ( 'NONE', *, *, #2737, .F. ) ;
#766 = CARTESIAN_POINT ( 'NONE',  ( 1528.498092979527900, 1983.500809044674700, -78.40205347054089200 ) ) ;
#767 = CARTESIAN_POINT ( 'NONE',  ( 1578.361792674956000, 1893.945311423025500, 120.7339465294591300 ) ) ;
#768 = ADVANCED_FACE ( 'NONE', ( #5605 ), #1464, .F. ) ;
#769 = CARTESIAN_POINT ( 'NONE',  ( 1767.629999349615200, 1902.727582444391600, 43.45447981685819600 ) ) ;
#770 = CARTESIAN_POINT ( 'NONE',  ( 1796.839999349615000, 1894.085744217459500, -25.62980609028790700 ) ) ;
#771 = CARTESIAN_POINT ( 'NONE',  ( 1656.499989384793700, 1957.299832439667600, -9.994783470538687100 ) ) ;
#772 = B_SPLINE_CURVE_WITH_KNOTS ( 'NONE', 3,
 ( #89, #6107, #5423, #4740, #4054, #3360, #2671, #1991, #1299, #613, #6637, #5944, #5266, #4577, #3879, #3200, #2514, #1824 ),
 .UNSPECIFIED., .F., .F.,
 ( 4, 2, 2, 2, 2, 2, 2, 2, 4 ),
 ( 0.0000000000000000000, 0.1250000000000000000, 0.2500000000000000000, 0.3750000000000000000, 0.5000000000000000000, 0.6250000000000000000, 0.7500000000000000000, 0.8750000000000000000, 1.000000000000000000 ),
 .UNSPECIFIED. ) ;
#773 = CARTESIAN_POINT ( 'NONE',  ( 1570.612906837458200, 1886.823008910686700, 111.2089465294591000 ) ) ;
#774 = VECTOR ( 'NONE', #2028, 1000.000000000000000 ) ;
#775 = CARTESIAN_POINT ( 'NONE',  ( 1712.356635337441000, 1949.035521695882200, -78.40205347054087800 ) ) ;
#776 = CARTESIAN_POINT ( 'NONE',  ( 1550.538345938991800, 2035.648548748435400, 120.7339465294591200 ) ) ;
#777 = CARTESIAN_POINT ( 'NONE',  ( 1528.498092979527700, 1906.498855844674600, -114.5970534705409000 ) ) ;
#778 = CARTESIAN_POINT ( 'NONE',  ( 1631.328776248164600, 1926.458062564764100, -78.40205347054089200 ) ) ;
#779 = CARTESIAN_POINT ( 'NONE',  ( 1597.408707974109800, 1971.734033211670700, 120.7339465294590800 ) ) ;
#780 = EDGE_CURVE ( 'NONE', #2849, #4636, #2000, .T. ) ;
#781 = DIRECTION ( 'NONE',  ( 0.0000000000000000000, 0.0000000000000000000, -1.000000000000000000 ) ) ;
#782 = VECTOR ( 'NONE', #4161, 1000.000000000000000 ) ;
#783 = CARTESIAN_POINT ( 'NONE',  ( 1767.629999349615200, 2044.311153167853500, 29.77678115223446300 ) ) ;
#784 = CARTESIAN_POINT ( 'NONE',  ( 1767.629999349615000, 1942.205449074898500, -74.92941948737375000 ) ) ;
#785 = CARTESIAN_POINT ( 'NONE',  ( 1550.480930885652700, 2011.463273267288300, -78.40205347054089200 ) ) ;
#786 = LINE ( 'NONE', #6119, #2435 ) ;
#787 = AXIS2_PLACEMENT_3D ( 'NONE', #349, #4309, #3620 ) ;
#788 = CARTESIAN_POINT ( 'NONE',  ( 1655.351624102500000, 2015.608362139614700, 120.7339465294591000 ) ) ;
#789 = CARTESIAN_POINT ( 'NONE',  ( 1720.658094786554600, 2028.442457246078900, -114.5970534705409600 ) ) ;
#790 = CARTESIAN_POINT ( 'NONE',  ( 1722.773792081618000, 1881.043420814204200, -62.99335472619100100 ) ) ;
#791 = ORIENTED_EDGE ( 'NONE', *, *, #2883, .T. ) ;
#792 = CARTESIAN_POINT ( 'NONE',  ( 1657.783565428426500, 2011.454117679350200, 120.7339465294591000 ) ) ;
#793 = CARTESIAN_POINT ( 'NONE',  ( 1508.135412763718900, 1981.948819103579100, 120.7339465294590900 ) ) ;
#794 = ORIENTED_EDGE ( 'NONE', *, *, #824, .T. ) ;
#795 = VECTOR ( 'NONE', #5589, 1000.000000000000000 ) ;
#796 = CARTESIAN_POINT ( 'NONE',  ( 1532.630513332806200, 1936.523324238422400, -78.40205347054089200 ) ) ;
#797 = ADVANCED_FACE ( 'NONE', ( #6681 ), #5433, .F. ) ;
#798 = CARTESIAN_POINT ( 'NONE',  ( 1668.318436854309100, 1951.540475736374700, 111.2089465294591000 ) ) ;
#799 = LINE ( 'NONE', #6135, #3134 ) ;
#800 = CARTESIAN_POINT ( 'NONE',  ( 1767.629999349615000, 1969.999832439667200, 0.1474465294591179000 ) ) ;
#801 = ORIENTED_EDGE ( 'NONE', *, *, #5551, .T. ) ;
#802 = EDGE_CURVE ( 'NONE', #642, #3941, #231, .T. ) ;
#803 = ORIENTED_EDGE ( 'NONE', *, *, #2798, .F. ) ;
#804 = CARTESIAN_POINT ( 'NONE',  ( 1516.458826386286100, 1985.346375489613100, 111.2089465294591100 ) ) ;
#805 = PLANE ( 'NONE',  #6321 ) ;
#806 = CARTESIAN_POINT ( 'NONE',  ( 1767.629999349614800, 1928.213829593794300, 68.36724800015437600 ) ) ;
#807 = ORIENTED_EDGE ( 'NONE', *, *, #5998, .T. ) ;
#808 = CARTESIAN_POINT ( 'NONE',  ( 1521.448436287253600, 1928.663026092127900, 120.7339465294590900 ) ) ;
#809 = DIRECTION ( 'NONE',  ( 0.6427879463403768400, -0.7660441606327410600, 0.0000000000000000000 ) ) ;
#810 = ORIENTED_EDGE ( 'NONE', *, *, #2611, .F. ) ;
#811 = PLANE ( 'NONE',  #1427 ) ;
#812 = CARTESIAN_POINT ( 'NONE',  ( 1551.275721820422400, 2038.664045956128600, 120.7339465294590900 ) ) ;
#813 = CARTESIAN_POINT ( 'NONE',  ( 1542.590840502910200, 2035.478597957716600, 120.7339465294590900 ) ) ;
#814 = CARTESIAN_POINT ( 'NONE',  ( 1698.500534554841100, 2047.319527219835700, -90.78455347054089900 ) ) ;
#815 = CARTESIAN_POINT ( 'NONE',  ( 1600.545770702592800, 1911.947116031506800, -78.40205347054090600 ) ) ;
#816 = CARTESIAN_POINT ( 'NONE',  ( 1675.203747031009900, 1948.717725510389100, 120.7339465294591000 ) ) ;
#817 = CARTESIAN_POINT ( 'NONE',  ( 1796.839999349614300, 1980.471678461519100, -79.33686628839234300 ) ) ;
#818 = EDGE_CURVE ( 'NONE', #5421, #4278, #3839, .T. ) ;
#819 = CARTESIAN_POINT ( 'NONE',  ( 1767.629999349615000, 2045.556999588312500, -26.16388699045233700 ) ) ;
#820 = CARTESIAN_POINT ( 'NONE',  ( 1575.446608979839500, 2026.308836998825200, -78.40205347054089200 ) ) ;
#821 = LINE ( 'NONE', #133, #3604 ) ;
#822 = CARTESIAN_POINT ( 'NONE',  ( 1667.618176207390000, 1954.746559918797200, 120.7339465294590900 ) ) ;
#823 = VECTOR ( 'NONE', #6338, 1000.000000000000000 ) ;
#824 = EDGE_CURVE ( 'NONE', #1210, #2168, #5631, .T. ) ;
#825 = PLANE ( 'NONE',  #6157 ) ;
#826 = AXIS2_PLACEMENT_3D ( 'NONE', #6519, #5832, #5161 ) ;
#827 = DIRECTION ( 'NONE',  ( 0.8314696123372801200, 0.5555702329676177600, 0.0000000000000000000 ) ) ;
#828 = VERTEX_POINT ( 'NONE', #3571 ) ;
#829 = AXIS2_PLACEMENT_3D ( 'NONE', #2881, #2199, #1516 ) ;
#830 = CYLINDRICAL_SURFACE ( 'NONE', #136, 106.9999624967876700 ) ;
#831 = CARTESIAN_POINT ( 'NONE',  ( 1725.831552379516600, 1879.999861042323800, -61.49673814588083300 ) ) ;
#832 = CARTESIAN_POINT ( 'NONE',  ( 1710.167586366451100, 2044.110813326100500, -78.40205347054089200 ) ) ;
#833 = ORIENTED_EDGE ( 'NONE', *, *, #6658, .T. ) ;
#834 = CARTESIAN_POINT ( 'NONE',  ( 1575.439203579607500, 1906.498935110822500, -78.40205347054086400 ) ) ;
#835 = B_SPLINE_CURVE_WITH_KNOTS ( 'NONE', 3,
 ( #4454, #3754, #3083, #2388 ),
 .UNSPECIFIED., .F., .F.,
 ( 4, 4 ),
 ( 0.0000000000000000000, 1.000000000000000000 ),
 .UNSPECIFIED. ) ;
#836 = DIRECTION ( 'NONE',  ( -0.0000000000000000000, 0.0000000000000000000, -1.000000000000000000 ) ) ;
#837 = CARTESIAN_POINT ( 'NONE',  ( 1512.504933863796200, 1981.387602819374500, 120.7339465294590900 ) ) ;
#838 = DIRECTION ( 'NONE',  ( -1.000000000000000000, -0.0000000000000000000, -0.0000000000000000000 ) ) ;
#839 = VERTEX_POINT ( 'NONE', #2874 ) ;
#840 = EDGE_CURVE ( 'NONE', #6053, #6695, #6312, .T. ) ;
#841 = EDGE_LOOP ( 'NONE', ( #4716, #5476, #3780, #520 ) ) ;
#842 = CARTESIAN_POINT ( 'NONE',  ( 1639.541300360254100, 1906.329309318701000, 120.7339465294590900 ) ) ;
#843 = DIRECTION ( 'NONE',  ( -1.000000000000000000, 0.0000000000000000000, 0.0000000000000000000 ) ) ;
#844 = CARTESIAN_POINT ( 'NONE',  ( 1581.290984568811600, 2033.500810434289200, -90.78455347054088500 ) ) ;
#845 = EDGE_LOOP ( 'NONE', ( #2867, #758, #3707, #4576, #3870 ) ) ;
#846 = DIRECTION ( 'NONE',  ( 1.000000000000000000, 0.0000000000000000000, 0.0000000000000000000 ) ) ;
#847 = ORIENTED_EDGE ( 'NONE', *, *, #2023, .T. ) ;
#848 = DIRECTION ( 'NONE',  ( -0.0000000000000000000, 0.0000000000000000000, 1.000000000000000000 ) ) ;
#849 = CARTESIAN_POINT ( 'NONE',  ( 1485.000036888018300, 1969.999832439667200, 66.82244652945912800 ) ) ;
#850 = CARTESIAN_POINT ( 'NONE',  ( 1594.767749367095800, 1965.040164575910700, 120.7339465294591000 ) ) ;
#851 = CARTESIAN_POINT ( 'NONE',  ( 1625.064383307602800, 1950.905991754513900, 28.72244652945910600 ) ) ;
#852 = CARTESIAN_POINT ( 'NONE',  ( 1561.555692264043500, 1919.842214281061800, -78.40205347054090600 ) ) ;
#853 = CARTESIAN_POINT ( 'NONE',  ( 1747.656322324135300, 1992.842506636490700, -90.78455347054087100 ) ) ;
#854 = ADVANCED_FACE ( 'NONE', ( #3948 ), #2174, .F. ) ;
#855 = CARTESIAN_POINT ( 'NONE',  ( 1767.629999349614300, 2024.524591851014500, -58.39368820845783900 ) ) ;
#856 = CARTESIAN_POINT ( 'NONE',  ( 1616.022776510575800, 2023.531705223754700, -78.40205347054087800 ) ) ;
#857 = B_SPLINE_CURVE_WITH_KNOTS ( 'NONE', 3,
 ( #3269, #1893, #1206, #522, #6535, #5848 ),
 .UNSPECIFIED., .F., .F.,
 ( 4, 2, 4 ),
 ( 0.0000000000000000000, 0.09161372887182717100, 0.1832274577436543400 ),
 .UNSPECIFIED. ) ;
#858 = DIRECTION ( 'NONE',  ( 0.0000000000000000000, 0.0000000000000000000, 1.000000000000000000 ) ) ;
#859 = CARTESIAN_POINT ( 'NONE',  ( 1767.629999349615000, 1902.676356887740000, 77.07375514483284500 ) ) ;
#860 = LINE ( 'NONE', #173, #6441 ) ;
#861 = FACE_OUTER_BOUND ( 'NONE', #4266, .T. ) ;
#862 = FACE_OUTER_BOUND ( 'NONE', #6422, .T. ) ;
#863 = CARTESIAN_POINT ( 'NONE',  ( 1767.629999349615000, 1979.076799709124100, 79.63303053426494700 ) ) ;
#864 = CARTESIAN_POINT ( 'NONE',  ( 1748.395276537063600, 1952.753143808563000, -90.78455347054089900 ) ) ;
#865 = CARTESIAN_POINT ( 'NONE',  ( 1586.320386721956100, 1969.999832439667000, 111.2089465294591000 ) ) ;
#866 = CARTESIAN_POINT ( 'NONE',  ( 1712.456611460641900, 1889.537932853149900, 73.80827853415627300 ) ) ;
#867 = AXIS2_PLACEMENT_3D ( 'NONE', #6455, #5768, #5096 ) ;
#868 = EDGE_CURVE ( 'NONE', #2989, #4519, #5464, .T. ) ;
#869 = ORIENTED_EDGE ( 'NONE', *, *, #3489, .F. ) ;
#870 = DIRECTION ( 'NONE',  ( 1.000000000000000000, 0.0000000000000000000, 0.0000000000000000000 ) ) ;
#871 = CARTESIAN_POINT ( 'NONE',  ( 1604.429096303908600, 2047.269923371669400, 120.7339465294590900 ) ) ;
#872 = ORIENTED_EDGE ( 'NONE', *, *, #5875, .F. ) ;
#873 = ORIENTED_EDGE ( 'NONE', *, *, #2330, .F. ) ;
#874 = EDGE_CURVE ( 'NONE', #407, #5736, #6638, .T. ) ;
#875 = CARTESIAN_POINT ( 'NONE',  ( 1722.715326218117500, 2058.910149913245300, 63.35311661153425400 ) ) ;
#876 = VECTOR ( 'NONE', #3176, 1000.000000000000000 ) ;
#877 = AXIS2_PLACEMENT_3D ( 'NONE', #2461, #6420, #5734 ) ;
#878 = CARTESIAN_POINT ( 'NONE',  ( 1604.070454086967900, 2055.029802587157500, 114.0664465294591000 ) ) ;
#879 = CARTESIAN_POINT ( 'NONE',  ( 1723.248038029394800, 2059.282271441904900, -62.53154677188415900 ) ) ;
#880 = ORIENTED_EDGE ( 'NONE', *, *, #3267, .F. ) ;
#881 = ORIENTED_EDGE ( 'NONE', *, *, #4382, .T. ) ;
#882 = CARTESIAN_POINT ( 'NONE',  ( 1578.498092779528200, 2033.500809244671500, -114.5970534705409000 ) ) ;
#883 = B_SPLINE_CURVE_WITH_KNOTS ( 'NONE', 3,
 ( #4641, #3262, #2574, #1886, #1199, #515, #6529, #5841, #5169, #4476, #3777, #3105, #2408, #1722, #1041, #354, #6370, #5688, #5006, #4313, #3623, #2932, #2249, #1565, #875, #187, #6214, #5519, #4838, #4153, #3458 ),
 .UNSPECIFIED., .F., .F.,
 ( 4, 2, 1, 1, 1, 2, 2, 2, 1, 1, 1, 2, 2, 2, 1, 1, 1, 2, 2, 4 ),
 ( 0.0000000000000000000, 0.1249999999990774600, 0.1874999999986951800, 0.2187499999985637300, 0.2343749999985551000, 0.2421874999985217100, 0.2499999999984883200, 0.3749999999979984300, 0.4374999999978470000, 0.4687499999977227700, 0.4843749999977049500, 0.4921874999977399200, 0.4999999999977747800, 0.6249999999989158700, 0.6874999999994865200, 0.7187499999997146700, 0.7343749999997921700, 0.7421874999997734000, 0.7499999999997547500, 1.000000000000000000 ),
 .UNSPECIFIED. ) ;
#884 = CARTESIAN_POINT ( 'NONE',  ( 1540.828752196637900, 2016.542146679081500, -90.78455347054092800 ) ) ;
#885 = CARTESIAN_POINT ( 'NONE',  ( 1527.159411611457500, 1928.102009317684600, 120.7339465294590900 ) ) ;
#886 = CARTESIAN_POINT ( 'NONE',  ( 1540.471263284284500, 2038.706317004364300, 120.7339465294591000 ) ) ;
#887 = EDGE_LOOP ( 'NONE', ( #5710, #6539, #1890, #4648, #1354, #3659, #1319 ) ) ;
#888 = CARTESIAN_POINT ( 'NONE',  ( 1563.525923075785400, 2031.264081029543100, -78.40205347054090600 ) ) ;
#889 = ADVANCED_FACE ( 'NONE', ( #1391 ), #408, .F. ) ;
#890 = DIRECTION ( 'NONE',  ( -1.000000000000000000, -0.0000000000000000000, -0.0000000000000000000 ) ) ;
#891 = ORIENTED_EDGE ( 'NONE', *, *, #1951, .F. ) ;
#892 = CARTESIAN_POINT ( 'NONE',  ( 1767.629999349615000, 1892.822514193160900, -20.92279696466421900 ) ) ;
#893 = CARTESIAN_POINT ( 'NONE',  ( 1587.249891956558700, 1966.867219974687500, 120.7339465294591200 ) ) ;
#894 = CARTESIAN_POINT ( 'NONE',  ( 1519.112883165211500, 1927.102519457206400, 120.7339465294590900 ) ) ;
#895 = CARTESIAN_POINT ( 'NONE',  ( 1538.945376317268900, 1944.942989523078700, -78.40205347054090600 ) ) ;
#896 = ORIENTED_EDGE ( 'NONE', *, *, #261, .T. ) ;
#897 = EDGE_CURVE ( 'NONE', #1817, #664, #5990, .T. ) ;
#898 = CARTESIAN_POINT ( 'NONE',  ( 1698.333748447151700, 1909.991843511104200, 66.82244652945911400 ) ) ;
#899 = EDGE_CURVE ( 'NONE', #5005, #4960, #3242, .T. ) ;
#900 = CARTESIAN_POINT ( 'NONE',  ( 1767.629999349615000, 1992.518964317142500, -76.61771991351088200 ) ) ;
#901 = CARTESIAN_POINT ( 'NONE',  ( 1642.927326598531900, 1999.143091077523900, -78.40205347054087800 ) ) ;
#902 = CARTESIAN_POINT ( 'NONE',  ( 1594.493638553592300, 2008.099832439667100, 28.72244652945910200 ) ) ;
#903 = CARTESIAN_POINT ( 'NONE',  ( 1711.026767247814200, 1969.999832439667200, 0.1474465294591179000 ) ) ;
#904 = CARTESIAN_POINT ( 'NONE',  ( 1588.228006393825100, 1974.246084023228400, 120.7339465294590900 ) ) ;
#905 = CYLINDRICAL_SURFACE ( 'NONE', #1373, 4.756378424428886500 ) ;
#906 = CARTESIAN_POINT ( 'NONE',  ( 1767.629999349615400, 2012.654345222006900, 67.84002991353027300 ) ) ;
#907 = B_SPLINE_CURVE_WITH_KNOTS ( 'NONE', 3,
 ( #6024, #5338, #4655, #3964, #3274, #2585, #1901, #1213, #529, #6544, #5857, #5183, #4489, #3790, #3118, #2425, #1736, #1056 ),
 .UNSPECIFIED., .F., .F.,
 ( 4, 2, 2, 2, 2, 2, 2, 2, 4 ),
 ( 0.1832274577436543400, 0.2853240255256975800, 0.3874205933077407600, 0.4895171610897839400, 0.5916137288718271700, 0.6937102966538704100, 0.7958068644359135300, 0.8979034322179567700, 1.000000000000000000 ),
 .UNSPECIFIED. ) ;
#908 = LINE ( 'NONE', #218, #4124 ) ;
#909 = CARTESIAN_POINT ( 'NONE',  ( 1542.381971228532400, 2035.846740483843000, 111.2089465294590800 ) ) ;
#910 = CARTESIAN_POINT ( 'NONE',  ( 1550.474339699356500, 2040.835203429532800, 111.2089465294590800 ) ) ;
#911 = CARTESIAN_POINT ( 'NONE',  ( 1725.831582361999400, 2054.999987695109200, -64.79647556685786500 ) ) ;
#912 = AXIS2_PLACEMENT_3D ( 'NONE', #3568, #2187, #1504 ) ;
#913 = EDGE_CURVE ( 'NONE', #3059, #839, #1181, .T. ) ;
#914 = CARTESIAN_POINT ( 'NONE',  ( 1553.899999384806100, 1967.506193270880200, -51.92255347054097600 ) ) ;
#915 = FACE_OUTER_BOUND ( 'NONE', #5388, .T. ) ;
#916 = CARTESIAN_POINT ( 'NONE',  ( 1642.266599384806100, 1969.999832439667400, -53.00205347054087900 ) ) ;
#917 = ORIENTED_EDGE ( 'NONE', *, *, #4508, .F. ) ;
#918 = ORIENTED_EDGE ( 'NONE', *, *, #6189, .F. ) ;
#919 = CARTESIAN_POINT ( 'NONE',  ( 1654.701490052920700, 1982.699832439666800, -52.58773704496417200 ) ) ;
#920 = CARTESIAN_POINT ( 'NONE',  ( 1516.515667365877600, 1981.250785594199400, 111.2089465294590800 ) ) ;
#921 = CARTESIAN_POINT ( 'NONE',  ( 1528.234956658399800, 1926.682374110093000, 111.2089465294591000 ) ) ;
#922 = ORIENTED_EDGE ( 'NONE', *, *, #2648, .F. ) ;
#923 = ORIENTED_EDGE ( 'NONE', *, *, #4942, .T. ) ;
#924 = CARTESIAN_POINT ( 'NONE',  ( 1546.339284994821100, 1947.487751156172900, 28.72244652945909800 ) ) ;
#925 = CC_DESIGN_SECURITY_CLASSIFICATION ( #6418, ( #5553 ) ) ;
#926 = DIRECTION ( 'NONE',  ( -0.0000000000000000000, -1.000000000000000000, 2.461359026759083300E-016 ) ) ;
#927 = DIRECTION ( 'NONE',  ( -0.0000000000000000000, 0.0000000000000000000, -1.000000000000000000 ) ) ;
#928 = EDGE_CURVE ( 'NONE', #6252, #3433, #3924, .T. ) ;
#929 = CARTESIAN_POINT ( 'NONE',  ( 1657.762044138419200, 2019.745946484888900, 120.7339465294590900 ) ) ;
#930 = ORIENTED_EDGE ( 'NONE', *, *, #6449, .F. ) ;
#931 = ORIENTED_EDGE ( 'NONE', *, *, #6442, .F. ) ;
#932 = CARTESIAN_POINT ( 'NONE',  ( 1530.004037508761500, 1995.740760793399700, -78.40205347054089200 ) ) ;
#933 = EDGE_CURVE ( 'NONE', #2727, #2990, #835, .T. ) ;
#934 = CARTESIAN_POINT ( 'NONE',  ( 1576.161158526767200, 1894.555746994705700, 120.7339465294590800 ) ) ;
#935 = CARTESIAN_POINT ( 'NONE',  ( 1767.629999349615000, 1896.940157428997700, 32.80830626592911200 ) ) ;
#936 = CARTESIAN_POINT ( 'NONE',  ( 1796.839999349615300, 1949.257226998549900, -77.29388521751946000 ) ) ;
#937 = PLANE ( 'NONE',  #4849 ) ;
#938 = DIRECTION ( 'NONE',  ( 0.0000000000000000000, 0.0000000000000000000, 1.000000000000000000 ) ) ;
#939 = LINE ( 'NONE', #249, #2853 ) ;
#940 = CARTESIAN_POINT ( 'NONE',  ( 1551.133329723358900, 2037.036240501155100, 120.7339465294590900 ) ) ;
#941 = DIRECTION ( 'NONE',  ( 0.0000000000000000000, 1.000000000000000000, -2.775557510199971200E-015 ) ) ;
#942 = CARTESIAN_POINT ( 'NONE',  ( 1638.422070441825300, 1934.116274655021000, -78.40205347054086400 ) ) ;
#943 = CARTESIAN_POINT ( 'NONE',  ( 1596.327557540905200, 1973.680595946451100, 120.7339465294591000 ) ) ;
#944 = EDGE_CURVE ( 'NONE', #2899, #2891, #1468, .T. ) ;
#945 = CARTESIAN_POINT ( 'NONE',  ( 1767.629999349615000, 2039.943084088438600, 38.98307023313409300 ) ) ;
#946 = CARTESIAN_POINT ( 'NONE',  ( 1767.629999349615000, 1950.995040576071900, -77.57396536709573800 ) ) ;
#947 = CARTESIAN_POINT ( 'NONE',  ( 1543.769687904658900, 2003.414826373696800, -78.40205347054089200 ) ) ;
#948 = CARTESIAN_POINT ( 'NONE',  ( 1743.499999369547800, 1934.703256111825800, -90.78455347054092800 ) ) ;
#949 = CARTESIAN_POINT ( 'NONE',  ( 1677.102019147026100, 1948.656653522657700, 111.2089465294590800 ) ) ;
#950 = EDGE_LOOP ( 'NONE', ( #4159, #4695 ) ) ;
#951 = AXIS2_PLACEMENT_3D ( 'NONE', #2157, #1467, #781 ) ;
#952 = B_SPLINE_CURVE_WITH_KNOTS ( 'NONE', 3,
 ( #2571, #5837, #5165, #4473, #3774, #3101 ),
 .UNSPECIFIED., .F., .F.,
 ( 4, 2, 4 ),
 ( 0.0000000000000000000, 0.5000000000000000000, 1.000000000000000000 ),
 .UNSPECIFIED. ) ;
#953 = ORIENTED_EDGE ( 'NONE', *, *, #429, .F. ) ;
#954 = CARTESIAN_POINT ( 'NONE',  ( 1748.178230184265700, 1990.045712847011400, -114.5970534705409700 ) ) ;
#955 = CARTESIAN_POINT ( 'NONE',  ( 1723.805611297714900, 1880.426852153786500, -62.11562565025585800 ) ) ;
#956 = VERTEX_POINT ( 'NONE', #5669 ) ;
#957 = AXIS2_PLACEMENT_3D ( 'NONE', #6613, #5248, #4557 ) ;
#958 = CARTESIAN_POINT ( 'NONE',  ( 1596.962065848562800, 1967.137967657496800, 111.2089465294591000 ) ) ;
#959 = VECTOR ( 'NONE', #5003, 1000.000000000000100 ) ;
#960 = CARTESIAN_POINT ( 'NONE',  ( 1660.166952084091000, 2010.851007637295900, 120.7339465294590900 ) ) ;
#961 = DIRECTION ( 'NONE',  ( 0.0000000000000000000, 0.0000000000000000000, 1.000000000000000000 ) ) ;
#962 = EDGE_LOOP ( 'NONE', ( #5611, #3345, #974, #4151, #2554, #3942 ) ) ;
#963 = CIRCLE ( 'NONE', #140, 85.88242951849922200 ) ;
#964 = CARTESIAN_POINT ( 'NONE',  ( 1529.328215445371100, 1947.425612835799900, -78.40205347054089200 ) ) ;
#965 = FACE_OUTER_BOUND ( 'NONE', #5137, .T. ) ;
#966 = DIRECTION ( 'NONE',  ( 0.0000000000000000000, -1.000000000000000000, 0.0000000000000000000 ) ) ;
#967 = LINE ( 'NONE', #277, #2606 ) ;
#968 = DIRECTION ( 'NONE',  ( 1.000000000000000000, -0.0000000000000000000, -0.0000000000000000000 ) ) ;
#969 = ORIENTED_EDGE ( 'NONE', *, *, #5477, .F. ) ;
#970 = VERTEX_POINT ( 'NONE', #4983 ) ;
#971 = DIRECTION ( 'NONE',  ( 1.000000000000000000, -0.0000000000000000000, 0.0000000000000000000 ) ) ;
#972 = CARTESIAN_POINT ( 'NONE',  ( 1580.808449837752100, 1889.787144307280600, 120.7339465294591000 ) ) ;
#973 = CARTESIAN_POINT ( 'NONE',  ( 1767.629999349614800, 1921.522355386332700, 63.78694177412968700 ) ) ;
#974 = ORIENTED_EDGE ( 'NONE', *, *, #6385, .F. ) ;
#975 = CARTESIAN_POINT ( 'NONE',  ( 1720.428170934178300, 1883.660706136408400, 66.82244652945912800 ) ) ;
#976 = LINE ( 'NONE', #6308, #3116 ) ;
#977 = ORIENTED_EDGE ( 'NONE', *, *, #5945, .T. ) ;
#978 = LINE ( 'NONE', #288, #733 ) ;
#979 = CIRCLE ( 'NONE', #2125, 109.0871227772101100 ) ;
#980 = CARTESIAN_POINT ( 'NONE',  ( 1698.500534579525000, 1906.498855844674400, -78.40205347054087800 ) ) ;
#981 = CARTESIAN_POINT ( 'NONE',  ( 1544.112056048995800, 2034.082996419453400, 120.7339465294591000 ) ) ;
#982 = CARTESIAN_POINT ( 'NONE',  ( 1698.906671682948200, 2049.028205664026700, 87.14744652945910300 ) ) ;
#983 = CARTESIAN_POINT ( 'NONE',  ( 1610.117554343019000, 1914.183091798893000, -78.40205347054089200 ) ) ;
#984 = ORIENTED_EDGE ( 'NONE', *, *, #6398, .F. ) ;
#985 = CARTESIAN_POINT ( 'NONE',  ( 1709.307771492411300, 2049.453786172552100, 74.89455906223810200 ) ) ;
#986 = CARTESIAN_POINT ( 'NONE',  ( 1796.839999349615000, 2041.906469136966500, -35.30464991227621900 ) ) ;
#987 = CARTESIAN_POINT ( 'NONE',  ( 1767.629999349615000, 2049.171388189976400, -11.45431654401315300 ) ) ;
#988 = ORIENTED_EDGE ( 'NONE', *, *, #1021, .T. ) ;
#989 = CARTESIAN_POINT ( 'NONE',  ( 1767.629999349615000, 1919.298717589850400, -61.76116827559721400 ) ) ;
#990 = CARTESIAN_POINT ( 'NONE',  ( 1566.775264008322700, 2022.974875957024300, -78.40205347054089200 ) ) ;
#991 = CARTESIAN_POINT ( 'NONE',  ( 1655.351609539491400, 2015.608362145969500, 111.2089465294591000 ) ) ;
#992 = DIRECTION ( 'NONE',  ( -0.0000000000000000000, -0.0000000000000000000, -1.000000000000000000 ) ) ;
#993 = EDGE_CURVE ( 'NONE', #6466, #2777, #6504, .T. ) ;
#994 = CARTESIAN_POINT ( 'NONE',  ( 1698.502970742425800, 1906.498855792422800, -90.78455347054091400 ) ) ;
#995 = DIRECTION ( 'NONE',  ( -1.000000000000000000, 0.0000000000000000000, 0.0000000000000000000 ) ) ;
#996 = VERTEX_POINT ( 'NONE', #5341 ) ;
#997 = VERTEX_POINT ( 'NONE', #4659 ) ;
#998 = CIRCLE ( 'NONE', #1478, 101.6000000000001400 ) ;
#999 = LINE ( 'NONE', #308, #5081 ) ;
#1000 = AXIS2_PLACEMENT_3D ( 'NONE', #2222, #1537, #843 ) ;
#1001 = CARTESIAN_POINT ( 'NONE',  ( 1709.209148379516600, 2038.585538644671900, -78.71955347054094400 ) ) ;
#1002 = ORIENTED_EDGE ( 'NONE', *, *, #2749, .T. ) ;
#1003 = CARTESIAN_POINT ( 'NONE',  ( 1563.894797857360800, 1908.630511643674900, -78.40205347054089200 ) ) ;
#1004 = VECTOR ( 'NONE', #3255, 1000.000000000000000 ) ;
#1005 = CARTESIAN_POINT ( 'NONE',  ( 1603.233695738458700, 2050.851807170948200, 120.7339465294590900 ) ) ;
#1006 = CARTESIAN_POINT ( 'NONE',  ( 1513.883449241572200, 1981.846914473712100, 120.7339465294591200 ) ) ;
#1007 = LINE ( 'NONE', #1533, #2998 ) ;
#1008 = ORIENTED_EDGE ( 'NONE', *, *, #6043, .T. ) ;
#1009 = ORIENTED_EDGE ( 'NONE', *, *, #5615, .F. ) ;
#1010 = VECTOR ( 'NONE', #2918, 1000.000000000000000 ) ;
#1011 = CARTESIAN_POINT ( 'NONE',  ( 1635.352681731838900, 1906.259630414439900, 120.7339465294591200 ) ) ;
#1012 = FACE_OUTER_BOUND ( 'NONE', #6382, .T. ) ;
#1013 = LINE ( 'NONE', #322, #823 ) ;
#1014 = CARTESIAN_POINT ( 'NONE',  ( 1767.629999349615000, 1958.508396198694800, 79.31852434282956200 ) ) ;
#1015 = ORIENTED_EDGE ( 'NONE', *, *, #3377, .T. ) ;
#1016 = CARTESIAN_POINT ( 'NONE',  ( 1603.849166492361500, 2053.917314724038500, 111.2089465294590800 ) ) ;
#1017 = CARTESIAN_POINT ( 'NONE',  ( 1743.499999349615100, 1969.999832439667200, 0.1474465294591179000 ) ) ;
#1018 = CARTESIAN_POINT ( 'NONE',  ( 1767.629999349615200, 1969.999832439667400, -79.85255331776188800 ) ) ;
#1019 = CARTESIAN_POINT ( 'NONE',  ( 1596.233557685734700, 1966.204421288974800, 120.7339465294590900 ) ) ;
#1020 = DIRECTION ( 'NONE',  ( -0.0000000000000000000, 8.079526793559758100E-017, -1.000000000000000000 ) ) ;
#1021 = EDGE_CURVE ( 'NONE', #5736, #5658, #6027, .T. ) ;
#1022 = CARTESIAN_POINT ( 'NONE',  ( 1567.747739655714400, 1916.571435386868000, -78.40205347054090600 ) ) ;
#1023 = DIRECTION ( 'NONE',  ( -1.000000000000000000, 0.0000000000000000000, 0.0000000000000000000 ) ) ;
#1024 = CARTESIAN_POINT ( 'NONE',  ( 1743.499999349615100, 2054.999832580420800, 56.53006874164951500 ) ) ;
#1025 = CARTESIAN_POINT ( 'NONE',  ( 1767.629999349615000, 2030.701220968600900, -51.96207809471043500 ) ) ;
#1026 = CARTESIAN_POINT ( 'NONE',  ( 1607.593636839676300, 2026.581039552049800, -78.40205347054087800 ) ) ;
#1027 = CARTESIAN_POINT ( 'NONE',  ( 1755.564999349615200, 2026.382455441593300, 85.14744614636016700 ) ) ;
#1028 = CARTESIAN_POINT ( 'NONE',  ( 1672.938669770332600, 1958.856219475588900, 120.7339465294590900 ) ) ;
#1029 = CARTESIAN_POINT ( 'NONE',  ( 1563.295961855516900, 1995.177331636792600, -51.92255347054099700 ) ) ;
#1030 = CARTESIAN_POINT ( 'NONE',  ( 1745.503503086770700, 1939.446707178553900, -90.78455347054088500 ) ) ;
#1031 = CARTESIAN_POINT ( 'NONE',  ( 1591.254881720606400, 1975.679517883437900, 111.2089465294591000 ) ) ;
#1032 = CARTESIAN_POINT ( 'NONE',  ( 1748.500534579525700, 1983.500809044675000, -102.6908034705409100 ) ) ;
#1033 = EDGE_LOOP ( 'NONE', ( #2035, #4883, #4731, #757 ) ) ;
#1034 = DIRECTION ( 'NONE',  ( -1.000000000000000000, 0.0000000000000000000, 0.0000000000000000000 ) ) ;
#1035 = CARTESIAN_POINT ( 'NONE',  ( 1607.251550258556300, 2045.718389297106600, 120.7339465294591000 ) ) ;
#1036 = ORIENTED_EDGE ( 'NONE', *, *, #2883, .F. ) ;
#1037 = VECTOR ( 'NONE', #335, 1000.000000000000000 ) ;
#1038 = EDGE_CURVE ( 'NONE', #3555, #1365, #1316, .T. ) ;
#1039 = VECTOR ( 'NONE', #1184, 1000.000000000000000 ) ;
#1040 = ORIENTED_EDGE ( 'NONE', *, *, #3447, .F. ) ;
#1041 = CARTESIAN_POINT ( 'NONE',  ( 1723.653638023394500, 2059.501145946424900, 62.51344412240072800 ) ) ;
#1042 = B_SPLINE_CURVE_WITH_KNOTS ( 'NONE', 3,
 ( #5873, #5200, #4505, #3810, #3136, #2444, #1751, #1072, #384, #6401, #5715, #5039, #4348, #3653, #2969, #2281, #1594, #909 ),
 .UNSPECIFIED., .F., .F.,
 ( 4, 2, 2, 2, 2, 2, 2, 2, 4 ),
 ( 0.0000000000000000000, 0.1250000000000000000, 0.2500000000000000000, 0.3750000000000000000, 0.5000000000000000000, 0.6250000000000000000, 0.7500000000000000000, 0.8750000000000000000, 1.000000000000000000 ),
 .UNSPECIFIED. ) ;
#1043 = AXIS2_PLACEMENT_3D ( 'NONE', #276, #5613, #4925 ) ;
#1044 = CARTESIAN_POINT ( 'NONE',  ( 1657.762044138419200, 2019.745946484888900, 111.2089465294590800 ) ) ;
#1045 = CARTESIAN_POINT ( 'NONE',  ( 1722.258321032211800, 2058.503348871207900, -63.62705720038254500 ) ) ;
#1046 = ORIENTED_EDGE ( 'NONE', *, *, #162, .T. ) ;
#1047 = EDGE_LOOP ( 'NONE', ( #473, #3381, #4127 ) ) ;
#1048 = PLANE ( 'NONE',  #4723 ) ;
#1049 = DIRECTION ( 'NONE',  ( 0.0000000000000000000, -0.0000000000000000000, 1.000000000000000000 ) ) ;
#1050 = CARTESIAN_POINT ( 'NONE',  ( 1524.457901481367100, 1929.334339592417300, 120.7339465294590900 ) ) ;
#1051 = DIRECTION ( 'NONE',  ( 1.000000000000000000, 0.0000000000000000000, 0.0000000000000000000 ) ) ;
#1052 = ORIENTED_EDGE ( 'NONE', *, *, #4974, .F. ) ;
#1053 = AXIS2_PLACEMENT_3D ( 'NONE', #2313, #1626, #941 ) ;
#1054 = VECTOR ( 'NONE', #403, 1000.000000000000000 ) ;
#1055 = CARTESIAN_POINT ( 'NONE',  ( 1573.249551149571700, 2033.293835526602200, -78.40205347054090600 ) ) ;
#1056 = CARTESIAN_POINT ( 'NONE',  ( 1641.661250139466600, 1904.365873575000000, 111.2089465294590800 ) ) ;
#1057 = CARTESIAN_POINT ( 'NONE',  ( 1767.629999349615200, 1896.480927295646300, -31.41344621643942500 ) ) ;
#1058 = CARTESIAN_POINT ( 'NONE',  ( 1588.306365237110900, 1965.685233437222900, 120.7339465294591200 ) ) ;
#1059 = CARTESIAN_POINT ( 'NONE',  ( 1591.999999384806000, 1969.999832439667200, 111.2089465294591100 ) ) ;
#1060 = CARTESIAN_POINT ( 'NONE',  ( 1544.227953292943500, 1935.934159475941200, -78.40205347054089200 ) ) ;
#1061 = DIRECTION ( 'NONE',  ( 0.0000000000000000000, 0.0000000000000000000, 1.000000000000000000 ) ) ;
#1062 = CARTESIAN_POINT ( 'NONE',  ( 1767.629999349615000, 2005.125285659831400, -71.72885546608422700 ) ) ;
#1063 = B_SPLINE_CURVE_WITH_KNOTS ( 'NONE', 3,
 ( #2996, #2307, #1618, #936, #246, #6268, #5581, #4896, #4208, #3524, #2830, #2147, #1459, #770, #85, #6105, #5419, #4738, #4050, #3358, #2669, #1988, #1296, #610, #6633, #5941, #5264, #4574, #3877, #3197, #2511, #1822, #1137, #452 ),
 .UNSPECIFIED., .F., .F.,
 ( 4, 2, 2, 2, 2, 2, 2, 2, 2, 2, 2, 2, 2, 2, 2, 2, 4 ),
 ( 0.0000000000000000000, 0.06249999999999998600, 0.1249999999999999700, 0.1874999999999999400, 0.2499999999999999400, 0.3125000000000000000, 0.3750000000000000000, 0.4375000000000000000, 0.5000000000000000000, 0.5625000000000000000, 0.6250000000000000000, 0.6875000000000000000, 0.7499999999999998900, 0.8124999999999998900, 0.8749999999999998900, 0.9374999999999998900, 1.000000000000000000 ),
 .UNSPECIFIED. ) ;
#1064 = CARTESIAN_POINT ( 'NONE',  ( 1637.934706672546600, 2006.506372211042800, -78.40205347054089200 ) ) ;
#1065 = CARTESIAN_POINT ( 'NONE',  ( 1541.733399384805800, 1969.999832439667400, -53.00205347054087900 ) ) ;
#1066 = CARTESIAN_POINT ( 'NONE',  ( 1701.550813276207000, 2033.841665266639000, -78.71955347054094400 ) ) ;
#1067 = CARTESIAN_POINT ( 'NONE',  ( 1587.367411430781400, 1973.286280800335100, 120.7339465294590900 ) ) ;
#1068 = ORIENTED_EDGE ( 'NONE', *, *, #2262, .T. ) ;
#1069 = CARTESIAN_POINT ( 'NONE',  ( 1767.629999349615000, 2005.038695943422700, 72.06600021423936700 ) ) ;
#1070 = EDGE_LOOP ( 'NONE', ( #2136, #5259, #3818, #6325, #765, #158, #1766, #1764, #406 ) ) ;
#1071 = CARTESIAN_POINT ( 'NONE',  ( 1767.629999349614800, 1907.958686300750500, -81.09911343408180100 ) ) ;
#1072 = CARTESIAN_POINT ( 'NONE',  ( 1548.716938125164700, 2033.942354254406800, 111.2089465294591000 ) ) ;
#1073 = CARTESIAN_POINT ( 'NONE',  ( 1515.033571895730600, 1989.514383334722900, 111.2089465294591100 ) ) ;
#1074 = CARTESIAN_POINT ( 'NONE',  ( 1656.976557800636800, 2019.188829185568000, 120.7339465294591200 ) ) ;
#1075 = CARTESIAN_POINT ( 'NONE',  ( 1622.662112257733500, 2009.967189411725000, -53.00205347054088600 ) ) ;
#1076 = ORIENTED_EDGE ( 'NONE', *, *, #5349, .F. ) ;
#1077 = VERTEX_POINT ( 'NONE', #6547 ) ;
#1078 = CYLINDRICAL_SURFACE ( 'NONE', #4194, 85.88242951849922200 ) ;
#1079 = CARTESIAN_POINT ( 'NONE',  ( 1651.007706979555000, 1982.699832439667700, -55.80325005388003500 ) ) ;
#1080 = CARTESIAN_POINT ( 'NONE',  ( 1667.963425812963600, 1952.270685702468400, 120.7339465294591000 ) ) ;
#1081 = APPROVAL_STATUS ( 'not_yet_approved' ) ;
#1082 = FACE_OUTER_BOUND ( 'NONE', #6257, .T. ) ;
#1083 = CARTESIAN_POINT ( 'NONE',  ( 1522.849666695538900, 1929.254836648387000, 111.2089465294591100 ) ) ;
#1084 = ORIENTED_EDGE ( 'NONE', *, *, #2489, .F. ) ;
#1085 = ORIENTED_EDGE ( 'NONE', *, *, #5728, .F. ) ;
#1086 = CARTESIAN_POINT ( 'NONE',  ( 1579.930385319647300, 1884.969742963540300, 111.2089465294591000 ) ) ;
#1087 = VECTOR ( 'NONE', #5520, 1000.000000000000100 ) ;
#1088 = EDGE_CURVE ( 'NONE', #5623, #2535, #5860, .T. ) ;
#1089 = CARTESIAN_POINT ( 'NONE',  ( 1632.767333244406500, 1901.773602715054000, 120.7339465294591000 ) ) ;
#1090 = CARTESIAN_POINT ( 'NONE',  ( 1528.498092979527700, 1983.500809044675000, -96.49955347054090300 ) ) ;
#1091 = CARTESIAN_POINT ( 'NONE',  ( 1568.759388313865200, 2000.293432974324600, 28.72244652945910600 ) ) ;
#1092 = ORIENTED_EDGE ( 'NONE', *, *, #4002, .T. ) ;
#1093 = ORIENTED_EDGE ( 'NONE', *, *, #5349, .T. ) ;
#1094 = CARTESIAN_POINT ( 'NONE',  ( 1533.470250187383700, 2005.286506759939400, -78.40205347054089200 ) ) ;
#1095 = CARTESIAN_POINT ( 'NONE',  ( 1574.161080863021200, 1894.152890992772200, 120.7339465294591200 ) ) ;
#1096 = CARTESIAN_POINT ( 'NONE',  ( 1767.629999349615000, 1892.862167362016200, 21.41794272321817200 ) ) ;
#1097 = CARTESIAN_POINT ( 'NONE',  ( 1630.099999384806100, 1969.999832439667400, 28.72244652945911300 ) ) ;
#1098 = AXIS2_PLACEMENT_3D ( 'NONE', #6651, #5958, #5277 ) ;
#1099 = CARTESIAN_POINT ( 'NONE',  ( 1725.831601379512900, 2059.999946942326000, -62.23635621435796800 ) ) ;
#1100 = CARTESIAN_POINT ( 'NONE',  ( 1716.800753153559300, 2030.264769305302000, -90.78455347054091400 ) ) ;
#1101 = CARTESIAN_POINT ( 'NONE',  ( 1558.782485444064400, 1932.129638926025300, -53.00205347054087900 ) ) ;
#1102 = CIRCLE ( 'NONE', #6244, 85.88242951849922200 ) ;
#1103 = PLANE ( 'NONE',  #2567 ) ;
#1104 = CARTESIAN_POINT ( 'NONE',  ( 1695.888142349614800, 1890.957272599953500, 87.14744652945913100 ) ) ;
#1105 = CARTESIAN_POINT ( 'NONE',  ( 1643.608144096705500, 1942.085001040273000, -78.40205347054089200 ) ) ;
#1106 = VERTEX_POINT ( 'NONE', #3122 ) ;
#1107 = CARTESIAN_POINT ( 'NONE',  ( 1594.648916462448400, 1975.023967454038300, 120.7339465294590900 ) ) ;
#1108 = EDGE_CURVE ( 'NONE', #6691, #1803, #3794, .T. ) ;
#1109 = CARTESIAN_POINT ( 'NONE',  ( 1767.629999349615000, 2034.249487454022500, 47.82305164926528100 ) ) ;
#1110 = CARTESIAN_POINT ( 'NONE',  ( 1767.629999349615000, 1960.922865170564400, -79.33813747534642900 ) ) ;
#1111 = CARTESIAN_POINT ( 'NONE',  ( 1538.774407879271600, 1994.691778306908900, -78.40205347054087800 ) ) ;
#1112 = DIRECTION ( 'NONE',  ( -0.8314696123373338500, -0.5555702329675376000, 0.0000000000000000000 ) ) ;
#1113 = CARTESIAN_POINT ( 'NONE',  ( 1724.255142642321100, 1880.253116516709700, 62.15979865768572700 ) ) ;
#1114 = ORIENTED_EDGE ( 'NONE', *, *, #5976, .F. ) ;
#1115 = ORIENTED_EDGE ( 'NONE', *, *, #1198, .F. ) ;
#1116 = CARTESIAN_POINT ( 'NONE',  ( 1591.999999384806000, 1969.999832439667200, -66.99431679045453300 ) ) ;
#1117 = CARTESIAN_POINT ( 'NONE',  ( 1725.092272520692900, 1880.053576183307500, -61.57509314403103700 ) ) ;
#1118 = ORIENTED_EDGE ( 'NONE', *, *, #944, .T. ) ;
#1119 = CARTESIAN_POINT ( 'NONE',  ( 1587.457080461295400, 1966.510669033008500, 111.2089465294590800 ) ) ;
#1120 = CIRCLE ( 'NONE', #4650, 109.0871227772101100 ) ;
#1121 = CARTESIAN_POINT ( 'NONE',  ( 1662.008319318822500, 2011.247775898074700, 120.7339465294590900 ) ) ;
#1122 = CARTESIAN_POINT ( 'NONE',  ( 1525.285409815277500, 1919.801317059475000, 120.7339465294590900 ) ) ;
#1123 = ORIENTED_EDGE ( 'NONE', *, *, #6330, .F. ) ;
#1124 = AXIS2_PLACEMENT_3D ( 'NONE', #2551, #1862, #1174 ) ;
#1125 = CARTESIAN_POINT ( 'NONE',  ( 1528.498092979527700, 1956.498855844675700, -78.40205347054087800 ) ) ;
#1126 = AXIS2_PLACEMENT_3D ( 'NONE', #6417, #5732, #5054 ) ;
#1127 = DIRECTION ( 'NONE',  ( -0.1950903220774113100, -0.9807852803910406300, 0.0000000000000000000 ) ) ;
#1128 = CARTESIAN_POINT ( 'NONE',  ( 1553.727949345754000, 2003.569831369169600, 28.72244652945910900 ) ) ;
#1129 = CARTESIAN_POINT ( 'NONE',  ( 1521.292714283886900, 1928.559036044779300, 111.2089465294590800 ) ) ;
#1130 = ORIENTED_EDGE ( 'NONE', *, *, #5892, .F. ) ;
#1131 = ORIENTED_EDGE ( 'NONE', *, *, #3253, .F. ) ;
#1132 = EDGE_CURVE ( 'NONE', #1158, #1077, #3539, .T. ) ;
#1133 = CARTESIAN_POINT ( 'NONE',  ( 1554.145595333012400, 1965.012615762235800, 28.72244652945911300 ) ) ;
#1134 = AXIS2_PLACEMENT_3D ( 'NONE', #1116, #430, #6443 ) ;
#1135 = CARTESIAN_POINT ( 'NONE',  ( 1580.286651109500100, 1891.984052892168200, 120.7339465294590800 ) ) ;
#1136 = CARTESIAN_POINT ( 'NONE',  ( 1767.629999349614800, 1914.790568336802800, 58.04531471526349400 ) ) ;
#1137 = CARTESIAN_POINT ( 'NONE',  ( 1796.839999349615500, 1964.763844693684200, 80.14744637668010800 ) ) ;
#1138 = CC_DESIGN_PERSON_AND_ORGANIZATION_ASSIGNMENT ( #6573, #5885, ( #5553 ) ) ;
#1139 = PLANE ( 'NONE',  #6272 ) ;
#1140 = VECTOR ( 'NONE', #4665, 1000.000000000000000 ) ;
#1141 = VECTOR ( 'NONE', #4075, 1000.000000000000000 ) ;
#1142 = LINE ( 'NONE', #6467, #6574 ) ;
#1143 = CARTESIAN_POINT ( 'NONE',  ( 1748.500534579526200, 1953.226363497186200, -114.5970534705409600 ) ) ;
#1144 = CARTESIAN_POINT ( 'NONE',  ( 1545.975503750307600, 2033.467502676458300, 120.7339465294590900 ) ) ;
#1145 = CARTESIAN_POINT ( 'NONE',  ( 1561.337886511878400, 2009.967189411725500, -53.00205347054088600 ) ) ;
#1146 = CARTESIAN_POINT ( 'NONE',  ( 1616.955874715355300, 1916.897606879970700, -78.40205347054093500 ) ) ;
#1147 = CARTESIAN_POINT ( 'NONE',  ( 1717.669051350581000, 2053.542801437300600, 70.29650032804117600 ) ) ;
#1148 = CARTESIAN_POINT ( 'NONE',  ( 1796.839999349615500, 2039.426360228963600, 40.23950038497393700 ) ) ;
#1149 = CARTESIAN_POINT ( 'NONE',  ( 1767.629999349615200, 2049.351325414922000, 10.31522219704653800 ) ) ;
#1150 = CARTESIAN_POINT ( 'NONE',  ( 1767.629999349615000, 1927.345319633007000, -67.54513683535641600 ) ) ;
#1151 = CARTESIAN_POINT ( 'NONE',  ( 1560.946521004557800, 2019.782849284381700, -78.40205347054089200 ) ) ;
#1152 = CARTESIAN_POINT ( 'NONE',  ( 1667.584376711873300, 1954.136767765182200, 111.2089465294591000 ) ) ;
#1153 = CARTESIAN_POINT ( 'NONE',  ( 1530.097260451339900, 1996.464937495814200, -114.5970534705409300 ) ) ;
#1154 = ORIENTED_EDGE ( 'NONE', *, *, #3267, .T. ) ;
#1155 = DIRECTION ( 'NONE',  ( -1.000000000000000000, 0.0000000000000000000, 0.0000000000000000000 ) ) ;
#1156 = CARTESIAN_POINT ( 'NONE',  ( 1699.529981163651900, 2033.500891177814300, -78.40205347054089200 ) ) ;
#1157 = ORIENTED_EDGE ( 'NONE', *, *, #5432, .F. ) ;
#1158 = VERTEX_POINT ( 'NONE', #5023 ) ;
#1159 = CARTESIAN_POINT ( 'NONE',  ( 1655.559082882397000, 2014.214704430376700, 120.7339465294590800 ) ) ;
#1160 = DIRECTION ( 'NONE',  ( 0.0000000000000000000, 0.0000000000000000000, -1.000000000000000000 ) ) ;
#1161 = VERTEX_POINT ( 'NONE', #4333 ) ;
#1162 = CARTESIAN_POINT ( 'NONE',  ( 1552.551643291944900, 1913.724586895000100, -78.40205347054086400 ) ) ;
#1163 = CARTESIAN_POINT ( 'NONE',  ( 1591.999999384806000, 1969.999832439667200, 66.82244652945912800 ) ) ;
#1164 = CARTESIAN_POINT ( 'NONE',  ( 1515.936959523691500, 1983.901323663011500, 120.7339465294590900 ) ) ;
#1165 = LINE ( 'NONE', #483, #1436 ) ;
#1166 = ORIENTED_EDGE ( 'NONE', *, *, #3501, .T. ) ;
#1167 = EDGE_CURVE ( 'NONE', #5603, #5549, #963, .T. ) ;
#1168 = ORIENTED_EDGE ( 'NONE', *, *, #6023, .T. ) ;
#1169 = CARTESIAN_POINT ( 'NONE',  ( 1633.173083714043100, 1903.943440948778700, 120.7339465294590900 ) ) ;
#1170 = CYLINDRICAL_SURFACE ( 'NONE', #1000, 4.756378424428442400 ) ;
#1171 = CARTESIAN_POINT ( 'NONE',  ( 1622.662112257733700, 1930.032475467609900, -53.00205347054087900 ) ) ;
#1172 = CARTESIAN_POINT ( 'NONE',  ( 1767.629999349614500, 1947.123661605754700, 76.80719281809324200 ) ) ;
#1173 = ORIENTED_EDGE ( 'NONE', *, *, #6341, .F. ) ;
#1174 = DIRECTION ( 'NONE',  ( -1.000000000000000000, 0.0000000000000000000, 0.0000000000000000000 ) ) ;
#1175 = VERTEX_POINT ( 'NONE', #1582 ) ;
#1176 = CARTESIAN_POINT ( 'NONE',  ( 1528.260288252116200, 1922.579595965936300, 120.7339465294591000 ) ) ;
#1177 = AXIS2_PLACEMENT_3D ( 'NONE', #2568, #1879, #1192 ) ;
#1178 = CARTESIAN_POINT ( 'NONE',  ( 1516.149147389686300, 1987.764508137334800, 120.7339465294591500 ) ) ;
#1179 = EDGE_CURVE ( 'NONE', #5603, #6497, #3908, .T. ) ;
#1180 = CARTESIAN_POINT ( 'NONE',  ( 1597.356159137564600, 1968.079309219605600, 120.7339465294591000 ) ) ;
#1181 = LINE ( 'NONE', #497, #1664 ) ;
#1182 = FACE_BOUND ( 'NONE', #3014, .T. ) ;
#1183 = CARTESIAN_POINT ( 'NONE',  ( 1578.074433130586800, 1912.991906673393700, -78.40205347054087800 ) ) ;
#1184 = DIRECTION ( 'NONE',  ( 0.0000000000000000000, 0.0000000000000000000, -1.000000000000000000 ) ) ;
#1185 = CARTESIAN_POINT ( 'NONE',  ( 1725.831601379513100, 2059.999946942326000, -61.49652921285104400 ) ) ;
#1186 = EDGE_CURVE ( 'NONE', #4976, #5017, #4858, .T. ) ;
#1187 = CARTESIAN_POINT ( 'NONE',  ( 1767.629999349615200, 2036.526885067909500, -44.28694773682120500 ) ) ;
#1188 = CARTESIAN_POINT ( 'NONE',  ( 1598.546326766505700, 2028.307651520390400, -78.40205347054087800 ) ) ;
#1189 = CARTESIAN_POINT ( 'NONE',  ( 1630.099999384806300, 1967.506193270880200, -51.92255347054099000 ) ) ;
#1190 = CARTESIAN_POINT ( 'NONE',  ( 1671.398059343931400, 1958.805589836130600, 120.7339465294591300 ) ) ;
#1191 = CARTESIAN_POINT ( 'NONE',  ( 1591.999999384805700, 2008.099832439667100, -51.92255347054093300 ) ) ;
#1192 = DIRECTION ( 'NONE',  ( 0.0000000000000000000, 0.0000000000000000000, -1.000000000000000000 ) ) ;
#1193 = DIRECTION ( 'NONE',  ( -0.0000000000000000000, 0.0000000000000000000, 1.000000000000000000 ) ) ;
#1194 = CARTESIAN_POINT ( 'NONE',  ( 1591.999999384806000, 1969.999832439667200, 111.2089465294591100 ) ) ;
#1195 = LINE ( 'NONE', #512, #263 ) ;
#1196 = CARTESIAN_POINT ( 'NONE',  ( 1609.716123890550300, 2045.992283248496700, 120.7339465294590900 ) ) ;
#1197 = ORIENTED_EDGE ( 'NONE', *, *, #5160, .T. ) ;
#1198 = EDGE_CURVE ( 'NONE', #2656, #1856, #2396, .T. ) ;
#1199 = CARTESIAN_POINT ( 'NONE',  ( 1724.935531958263300, 2059.921081954794800, 61.90642575369389500 ) ) ;
#1200 = EDGE_CURVE ( 'NONE', #6695, #5977, #3026, .T. ) ;
#1201 = LINE ( 'NONE', #516, #5717 ) ;
#1202 = CARTESIAN_POINT ( 'NONE',  ( 1657.599886987005900, 1982.699832439666600, -5.414168256423097100 ) ) ;
#1203 = ORIENTED_EDGE ( 'NONE', *, *, #2827, .F. ) ;
#1204 = FACE_OUTER_BOUND ( 'NONE', #2570, .T. ) ;
#1205 = ORIENTED_EDGE ( 'NONE', *, *, #4303, .T. ) ;
#1206 = CARTESIAN_POINT ( 'NONE',  ( 1633.107645703133100, 1900.192359747214100, 111.2089465294591300 ) ) ;
#1207 = VECTOR ( 'NONE', #6030, 1000.000000000000000 ) ;
#1208 = DIRECTION ( 'NONE',  ( -0.0000000000000000000, 0.0000000000000000000, -1.000000000000000000 ) ) ;
#1209 = LINE ( 'NONE', #525, #528 ) ;
#1210 = VERTEX_POINT ( 'NONE', #3317 ) ;
#1211 = CARTESIAN_POINT ( 'NONE',  ( 1579.184329453339800, 1893.413822631212000, 111.2089465294591100 ) ) ;
#1212 = CYLINDRICAL_SURFACE ( 'NONE', #1043, 4.756378424429108500 ) ;
#1213 = CARTESIAN_POINT ( 'NONE',  ( 1635.326283242834300, 1906.270259804437000, 111.2089465294591000 ) ) ;
#1214 = CARTESIAN_POINT ( 'NONE',  ( 1767.629999349614800, 1902.091622945930600, -42.19246768876754300 ) ) ;
#1215 = ADVANCED_FACE ( 'NONE', ( #1252 ), #1078, .T. ) ;
#1216 = CARTESIAN_POINT ( 'NONE',  ( 1589.686203311030800, 1964.810594641262500, 120.7339465294590900 ) ) ;
#1217 = CARTESIAN_POINT ( 'NONE',  ( 1707.997198215755400, 1898.475394575996200, -78.71955347054093000 ) ) ;
#1218 = CARTESIAN_POINT ( 'NONE',  ( 1551.698043564723500, 1927.357230726785700, -78.40205347054087800 ) ) ;
#1219 = VECTOR ( 'NONE', #5016, 1000.000000000000000 ) ;
#1220 = CARTESIAN_POINT ( 'NONE',  ( 1649.283053388586000, 1982.699832439667000, -66.99431679045450500 ) ) ;
#1221 = EDGE_CURVE ( 'NONE', #6705, #4720, #6461, .T. ) ;
#1222 = CARTESIAN_POINT ( 'NONE',  ( 1767.629999349615000, 2011.681754921464700, -68.13592490049461500 ) ) ;
#1223 = CARTESIAN_POINT ( 'NONE',  ( 1630.977900161054500, 2013.856270059879100, -78.40205347054087800 ) ) ;
#1224 = CARTESIAN_POINT ( 'NONE',  ( 1701.550812990331900, 2033.841665076932900, -78.40205347054089200 ) ) ;
#1225 = B_SPLINE_CURVE_WITH_KNOTS ( 'NONE', 3,
 ( #991, #300, #6319, #5642, #4954, #4261 ),
 .UNSPECIFIED., .F., .F.,
 ( 4, 2, 4 ),
 ( 0.6718340120136334600, 0.8359170060068167300, 1.000000000000000000 ),
 .UNSPECIFIED. ) ;
#1226 = CARTESIAN_POINT ( 'NONE',  ( 1657.488363029938200, 2011.615389095028600, 111.2089465294591000 ) ) ;
#1227 = CARTESIAN_POINT ( 'NONE',  ( 1586.515515939839800, 1971.476468154804300, 120.7339465294590800 ) ) ;
#1228 = CARTESIAN_POINT ( 'NONE',  ( 1767.629999349615400, 1994.578324347036200, 76.31207616985467700 ) ) ;
#1229 = DIRECTION ( 'NONE',  ( -0.0000000000000000000, -0.0000000000000000000, 1.000000000000000000 ) ) ;
#1230 = CARTESIAN_POINT ( 'NONE',  ( 1677.045253992959000, 1958.037543000164500, 111.2089465294591000 ) ) ;
#1231 = CARTESIAN_POINT ( 'NONE',  ( 1591.999999384806000, 1969.999832439667200, 107.3989465294591400 ) ) ;
#1232 = ORIENTED_EDGE ( 'NONE', *, *, #4905, .F. ) ;
#1233 = VERTEX_POINT ( 'NONE', #508 ) ;
#1234 = CARTESIAN_POINT ( 'NONE',  ( 1655.791602821448400, 2017.609283689724000, 120.7339465294590900 ) ) ;
#1235 = CARTESIAN_POINT ( 'NONE',  ( 1603.406591303148800, 2051.692338997801500, 120.7339465294590900 ) ) ;
#1236 = ORIENTED_EDGE ( 'NONE', *, *, #3688, .T. ) ;
#1237 = CARTESIAN_POINT ( 'NONE',  ( 1648.833761088273600, 1982.699832439667500, -56.60017739824757400 ) ) ;
#1238 = CARTESIAN_POINT ( 'NONE',  ( 1669.749466753951100, 1950.145845038882300, 120.7339465294590900 ) ) ;
#1239 = PERSON_AND_ORGANIZATION ( #3143, #4345 ) ;
#1240 = CARTESIAN_POINT ( 'NONE',  ( 1518.022967615748700, 1926.374261170018400, 120.7339465294591000 ) ) ;
#1241 = EDGE_LOOP ( 'NONE', ( #3172, #5887, #1614, #1242 ) ) ;
#1242 = ORIENTED_EDGE ( 'NONE', *, *, #5854, .F. ) ;
#1243 = EDGE_CURVE ( 'NONE', #3741, #4800, #725, .T. ) ;
#1244 = CARTESIAN_POINT ( 'NONE',  ( 1603.763552230991800, 2048.169089114068400, 111.2089465294591100 ) ) ;
#1245 = B_SPLINE_CURVE_WITH_KNOTS ( 'NONE', 3,
 ( #3811, #3137, #2445, #1752, #1073, #385, #6402, #5716, #5040, #4349 ),
 .UNSPECIFIED., .F., .F.,
 ( 4, 2, 2, 2, 4 ),
 ( 0.0000000000000000000, 0.2500000000000000000, 0.5000000000000000000, 0.7500000000000000000, 1.000000000000000000 ),
 .UNSPECIFIED. ) ;
#1246 = CARTESIAN_POINT ( 'NONE',  ( 1737.610533359581000, 2059.999902140759300, -61.49659462299565100 ) ) ;
#1247 = CARTESIAN_POINT ( 'NONE',  ( 1528.558153310237200, 1925.723049379495000, 120.7339465294590900 ) ) ;
#1248 = CARTESIAN_POINT ( 'NONE',  ( 1553.899999384806100, 1969.999832439667000, 28.72244652945911300 ) ) ;
#1249 = EDGE_LOOP ( 'NONE', ( #3425, #1481, #2014, #6470 ) ) ;
#1250 = EDGE_CURVE ( 'NONE', #1635, #6368, #860, .T. ) ;
#1251 = CARTESIAN_POINT ( 'NONE',  ( 1540.990451273391000, 2016.677781031878800, -78.40205347054089200 ) ) ;
#1252 = FACE_OUTER_BOUND ( 'NONE', #2758, .T. ) ;
#1253 = AXIS2_PLACEMENT_3D ( 'NONE', #2029, #1337, #648 ) ;
#1254 = CARTESIAN_POINT ( 'NONE',  ( 1572.793101348138900, 1893.251582468135400, 120.7339465294590900 ) ) ;
#1255 = CARTESIAN_POINT ( 'NONE',  ( 1767.629999349615400, 1890.571327629541900, 9.695012956392719900 ) ) ;
#1256 = CARTESIAN_POINT ( 'NONE',  ( 1720.373632342368000, 1883.725545585391500, 66.90640875480879400 ) ) ;
#1257 = CARTESIAN_POINT ( 'NONE',  ( 1713.435310878016700, 1982.699832439667300, -78.40205347054087800 ) ) ;
#1258 = CARTESIAN_POINT ( 'NONE',  ( 1533.873614009806300, 1962.001360493414300, -78.40205347054092000 ) ) ;
#1259 = CARTESIAN_POINT ( 'NONE',  ( 1528.691594977655800, 1924.604251920089800, 111.2089465294591100 ) ) ;
#1260 = FACE_OUTER_BOUND ( 'NONE', #3989, .T. ) ;
#1261 = DIRECTION ( 'NONE',  ( -1.000000000000000000, -0.0000000000000000000, -0.0000000000000000000 ) ) ;
#1262 = CARTESIAN_POINT ( 'NONE',  ( 1648.006511521483200, 1987.678398431245600, -78.40205347054090600 ) ) ;
#1263 = CARTESIAN_POINT ( 'NONE',  ( 1603.292739470424100, 2051.280330887052500, 111.2089465294591100 ) ) ;
#1264 = VECTOR ( 'NONE', #1853, 1000.000000000000100 ) ;
#1265 = CARTESIAN_POINT ( 'NONE',  ( 1646.633994681040300, 1948.556296835482300, -78.40205347054087800 ) ) ;
#1266 = ORIENTED_EDGE ( 'NONE', *, *, #4520, .F. ) ;
#1267 = CARTESIAN_POINT ( 'NONE',  ( 1592.994808792698900, 1975.593919418338800, 120.7339465294590900 ) ) ;
#1268 = CARTESIAN_POINT ( 'NONE',  ( 1767.629999349615200, 2026.882184032113600, 56.43238110337205200 ) ) ;
#1269 = CARTESIAN_POINT ( 'NONE',  ( 1767.629999349615000, 1969.999832439667200, 0.1474465294591179000 ) ) ;
#1270 = CARTESIAN_POINT ( 'NONE',  ( 1535.533654591933800, 1985.943281402594000, -78.40205347054090600 ) ) ;
#1271 = CARTESIAN_POINT ( 'NONE',  ( 1654.678998573986700, 1957.299832439667600, -52.74936340085701400 ) ) ;
#1272 = ADVANCED_FACE ( 'NONE', ( #862 ), #1552, .F. ) ;
#1273 = CARTESIAN_POINT ( 'NONE',  ( 1723.140212270018100, 1880.785055102748600, 62.92268432188038900 ) ) ;
#1274 = ORIENTED_EDGE ( 'NONE', *, *, #4037, .T. ) ;
#1275 = DIRECTION ( 'NONE',  ( 0.0000000000000000000, -1.000000000000000000, 0.0000000000000000000 ) ) ;
#1276 = CARTESIAN_POINT ( 'NONE',  ( 1551.340762024057300, 2033.352648552441500, 111.2089465294590800 ) ) ;
#1277 = ORIENTED_EDGE ( 'NONE', *, *, #3928, .F. ) ;
#1278 = CARTESIAN_POINT ( 'NONE',  ( 1656.499917163495900, 1982.699832439667300, -47.44053417160448300 ) ) ;
#1279 = DIRECTION ( 'NONE',  ( 0.0000000000000000000, -8.079526793559758100E-017, 1.000000000000000000 ) ) ;
#1280 = DIRECTION ( 'NONE',  ( -0.0000000000000000000, 8.079526793559758100E-017, -1.000000000000000000 ) ) ;
#1281 = VERTEX_POINT ( 'NONE', #3446 ) ;
#1282 = ORIENTED_EDGE ( 'NONE', *, *, #328, .T. ) ;
#1283 = CARTESIAN_POINT ( 'NONE',  ( 1625.569998314307700, 1931.727782400614800, 28.72244652945910200 ) ) ;
#1284 = EDGE_CURVE ( 'NONE', #3556, #5761, #5102, .T. ) ;
#1285 = CARTESIAN_POINT ( 'NONE',  ( 1615.240610455746900, 2000.293432974324600, -51.92255347054097600 ) ) ;
#1286 = CARTESIAN_POINT ( 'NONE',  ( 1598.649621621381100, 2020.472371175392900, 28.72244652945910900 ) ) ;
#1287 = CARTESIAN_POINT ( 'NONE',  ( 1528.498092979527900, 1983.500809044674700, -78.40205347054089200 ) ) ;
#1288 = ORIENTED_EDGE ( 'NONE', *, *, #3743, .F. ) ;
#1289 = ORIENTED_EDGE ( 'NONE', *, *, #6513, .T. ) ;
#1290 = CARTESIAN_POINT ( 'NONE',  ( 1575.115938422185800, 1935.754296647178800, 28.72244652945911300 ) ) ;
#1291 = B_SPLINE_CURVE_WITH_KNOTS ( 'NONE', 3,
 ( #5343, #3970, #3280, #2591 ),
 .UNSPECIFIED., .F., .F.,
 ( 4, 4 ),
 ( 0.0000000000000000000, 1.000000000000000000 ),
 .UNSPECIFIED. ) ;
#1292 = CARTESIAN_POINT ( 'NONE',  ( 1579.291973364791600, 1893.269460183978900, 120.7339465294590800 ) ) ;
#1293 = AXIS2_PLACEMENT_3D ( 'NONE', #2754, #2078, #1385 ) ;
#1294 = EDGE_CURVE ( 'NONE', #3339, #1827, #4272, .T. ) ;
#1295 = CARTESIAN_POINT ( 'NONE',  ( 1767.629999349615400, 1908.037811434005100, 50.76058176466963800 ) ) ;
#1296 = CARTESIAN_POINT ( 'NONE',  ( 1796.839999349615000, 1900.573304650371000, 40.23950038497393000 ) ) ;
#1297 = CARTESIAN_POINT ( 'NONE',  ( 1677.045253992959000, 1958.037543000164500, 111.2089465294590800 ) ) ;
#1298 = ORIENTED_EDGE ( 'NONE', *, *, #780, .F. ) ;
#1299 = CARTESIAN_POINT ( 'NONE',  ( 1540.828752389909600, 1923.457518315638500, -114.5970534705408300 ) ) ;
#1300 = CARTESIAN_POINT ( 'NONE',  ( 1723.558068287075200, 1913.107275893497900, -114.5970534705409600 ) ) ;
#1301 = CARTESIAN_POINT ( 'NONE',  ( 1549.382616668381200, 2034.394501765651100, 120.7339465294590800 ) ) ;
#1302 = CARTESIAN_POINT ( 'NONE',  ( 1541.733399384805800, 1969.999832439667400, -53.00205347054087900 ) ) ;
#1303 = CARTESIAN_POINT ( 'NONE',  ( 1622.320631987435500, 1919.767335041274500, -78.40205347054090600 ) ) ;
#1304 = CARTESIAN_POINT ( 'NONE',  ( 1591.999999384806000, 1969.999832439667200, 107.3989465294591000 ) ) ;
#1305 = VECTOR ( 'NONE', #870, 1000.000000000000000 ) ;
#1306 = EDGE_CURVE ( 'NONE', #1429, #285, #4931, .T. ) ;
#1307 = CARTESIAN_POINT ( 'NONE',  ( 1796.839999349615000, 1975.235820185650500, 80.14744637668006500 ) ) ;
#1308 = CARTESIAN_POINT ( 'NONE',  ( 1767.629999349615200, 2047.360305658215600, 20.52955481308082900 ) ) ;
#1309 = CARTESIAN_POINT ( 'NONE',  ( 1767.629999349615200, 1934.960968936571100, -71.77110715565545700 ) ) ;
#1310 = VECTOR ( 'NONE', #5874, 1000.000000000000000 ) ;
#1311 = VECTOR ( 'NONE', #2691, 1000.000000000000000 ) ;
#1312 = FACE_OUTER_BOUND ( 'NONE', #4852, .T. ) ;
#1313 = CARTESIAN_POINT ( 'NONE',  ( 1554.865780333541100, 2015.432524824996100, -78.40205347054089200 ) ) ;
#1314 = CARTESIAN_POINT ( 'NONE',  ( 1718.869511008770100, 2054.481453357339000, -69.15703105689945600 ) ) ;
#1315 = CARTESIAN_POINT ( 'NONE',  ( 1562.387309846368500, 2030.947114458533200, -114.5970534705409600 ) ) ;
#1316 = B_SPLINE_CURVE_WITH_KNOTS ( 'NONE', 3,
 ( #2589, #1905, #1217, #532 ),
 .UNSPECIFIED., .F., .F.,
 ( 4, 4 ),
 ( 2.813329490172437800E-008, 1.000000000000000000 ),
 .UNSPECIFIED. ) ;
#1317 = CARTESIAN_POINT ( 'NONE',  ( 1660.108004814769600, 2015.608362138752700, 111.2089465294590800 ) ) ;
#1318 = CARTESIAN_POINT ( 'NONE',  ( 1695.888142349615000, 1890.957272599953500, 66.82244652945908600 ) ) ;
#1319 = ORIENTED_EDGE ( 'NONE', *, *, #4451, .T. ) ;
#1320 = ADVANCED_FACE ( 'NONE', ( #6397 ), #2981, .T. ) ;
#1321 = CARTESIAN_POINT ( 'NONE',  ( 1656.470871203229800, 2012.541657284343500, 120.7339465294591200 ) ) ;
#1322 = CARTESIAN_POINT ( 'NONE',  ( 1603.627878881629400, 2052.804826779850400, 120.7339465294590900 ) ) ;
#1323 = ORIENTED_EDGE ( 'NONE', *, *, #4267, .T. ) ;
#1324 = CARTESIAN_POINT ( 'NONE',  ( 1540.702307641305000, 1923.584025159928600, -78.40205347054089200 ) ) ;
#1325 = CARTESIAN_POINT ( 'NONE',  ( 1796.839999349615000, 1969.999832439667200, 0.1474465294591179000 ) ) ;
#1326 = CARTESIAN_POINT ( 'NONE',  ( 1516.372291420534300, 1985.172497501921500, 120.7339465294590900 ) ) ;
#1327 = CARTESIAN_POINT ( 'NONE',  ( 1702.536043120486300, 2034.063825101103700, -90.78455347054081400 ) ) ;
#1328 = ORIENTED_EDGE ( 'NONE', *, *, #1934, .F. ) ;
#1329 = ORIENTED_EDGE ( 'NONE', *, *, #5446, .T. ) ;
#1330 = CARTESIAN_POINT ( 'NONE',  ( 1632.767288769210600, 1902.019912899139900, 120.7339465294591000 ) ) ;
#1331 = CARTESIAN_POINT ( 'NONE',  ( 1540.471263172063300, 2038.706317172315500, 111.2089465294591000 ) ) ;
#1332 = ADVANCED_FACE ( 'NONE', ( #1204 ), #5951, .F. ) ;
#1333 = CARTESIAN_POINT ( 'NONE',  ( 1767.629999349615400, 1934.701324705566100, 71.93898852415941300 ) ) ;
#1334 = ORIENTED_EDGE ( 'NONE', *, *, #928, .F. ) ;
#1335 = CARTESIAN_POINT ( 'NONE',  ( 1643.023477399990000, 1957.299832439667600, -56.85265513870663100 ) ) ;
#1336 = EDGE_LOOP ( 'NONE', ( #142, #4229, #4448, #5202 ) ) ;
#1337 = DIRECTION ( 'NONE',  ( -0.0000000000000000000, -0.0000000000000000000, -1.000000000000000000 ) ) ;
#1338 = CARTESIAN_POINT ( 'NONE',  ( 1513.901987492306700, 1990.294088149159100, 120.7339465294590900 ) ) ;
#1339 = CARTESIAN_POINT ( 'NONE',  ( 1597.679513453095300, 1969.729169090966900, 120.7339465294591000 ) ) ;
#1340 = CARTESIAN_POINT ( 'NONE',  ( 1637.523665793330300, 1902.019912898650100, 111.2089465294590800 ) ) ;
#1341 = CARTESIAN_POINT ( 'NONE',  ( 1592.711782445268700, 1911.329518180393700, -78.40205347054090600 ) ) ;
#1342 = DIRECTION ( 'NONE',  ( 1.000000000000000000, 0.0000000000000000000, 0.0000000000000000000 ) ) ;
#1343 = DIRECTION ( 'NONE',  ( -0.0000000000000000000, 0.0000000000000000000, -1.000000000000000000 ) ) ;
#1344 = CARTESIAN_POINT ( 'NONE',  ( 1767.629999349615000, 2041.861551315613500, -35.02374390955350200 ) ) ;
#1345 = CARTESIAN_POINT ( 'NONE',  ( 1590.250814197601400, 2028.652266950349000, -78.40205347054087800 ) ) ;
#1346 = CARTESIAN_POINT ( 'NONE',  ( 1611.093840069959700, 1936.935448516870600, -51.92255347054098300 ) ) ;
#1347 = AXIS2_PLACEMENT_3D ( 'NONE', #2759, #2082, #1387 ) ;
#1348 = CARTESIAN_POINT ( 'NONE',  ( 1668.365497046231700, 1956.775575708299800, 120.7339465294590900 ) ) ;
#1349 = EDGE_CURVE ( 'NONE', #548, #1849, #1839, .T. ) ;
#1350 = DIRECTION ( 'NONE',  ( 1.000000000000000000, -0.0000000000000000000, -0.0000000000000000000 ) ) ;
#1351 = ADVANCED_FACE ( 'NONE', ( #3930 ), #387, .F. ) ;
#1352 = DIRECTION ( 'NONE',  ( -1.000000000000000000, 0.0000000000000000000, 0.0000000000000000000 ) ) ;
#1353 = ORIENTED_EDGE ( 'NONE', *, *, #1671, .T. ) ;
#1354 = ORIENTED_EDGE ( 'NONE', *, *, #4823, .T. ) ;
#1355 = CARTESIAN_POINT ( 'NONE',  ( 1591.999999384806000, 2020.266432439667600, -53.00205347054088600 ) ) ;
#1356 = CARTESIAN_POINT ( 'NONE',  ( 1611.895592784349400, 2047.708059695694100, 120.7339465294591000 ) ) ;
#1357 = ORIENTED_EDGE ( 'NONE', *, *, #280, .T. ) ;
#1358 = ADVANCED_FACE ( 'NONE', ( #2247 ), #3573, .F. ) ;
#1359 = DIRECTION ( 'NONE',  ( 0.8314696123373384000, 0.5555702329675306100, -0.0000000000000000000 ) ) ;
#1360 = DIRECTION ( 'NONE',  ( 0.0000000000000000000, -1.000000000000000000, 0.0000000000000000000 ) ) ;
#1361 = CARTESIAN_POINT ( 'NONE',  ( 1510.755956666080700, 1981.402845001520700, 120.7339465294591000 ) ) ;
#1362 = CARTESIAN_POINT ( 'NONE',  ( 1656.499989384793500, 1982.699832439667000, -9.994783470538694200 ) ) ;
#1363 = VERTEX_POINT ( 'NONE', #816 ) ;
#1364 = EDGE_CURVE ( 'NONE', #1644, #2634, #4068, .T. ) ;
#1365 = VERTEX_POINT ( 'NONE', #4100 ) ;
#1366 = CARTESIAN_POINT ( 'NONE',  ( 1641.412901297649300, 1904.803569097088700, 120.7339465294591200 ) ) ;
#1367 = DIRECTION ( 'NONE',  ( -1.000000000000000000, -0.0000000000000000000, -0.0000000000000000000 ) ) ;
#1368 = CARTESIAN_POINT ( 'NONE',  ( 1541.677322125168300, 2017.525429710588000, -90.78455347054081400 ) ) ;
#1369 = VERTEX_POINT ( 'NONE', #3404 ) ;
#1370 = CARTESIAN_POINT ( 'NONE',  ( 1571.721352467483700, 1891.838658262064200, 111.2089465294591300 ) ) ;
#1371 = ADVANCED_FACE ( 'NONE', ( #4326, #4152 ), #4784, .T. ) ;
#1372 = CARTESIAN_POINT ( 'NONE',  ( 1580.808350382171100, 1889.357100333136500, 120.7339465294590900 ) ) ;
#1373 = AXIS2_PLACEMENT_3D ( 'NONE', #1747, #380, #6395 ) ;
#1374 = CARTESIAN_POINT ( 'NONE',  ( 1767.629999349614500, 1908.745055356039100, -51.33147238947305600 ) ) ;
#1375 = CARTESIAN_POINT ( 'NONE',  ( 1592.939730112181700, 1964.378521948104200, 120.7339465294590900 ) ) ;
#1376 = CARTESIAN_POINT ( 'NONE',  ( 1596.987216062237200, 1932.145428387873600, 28.72244652945910900 ) ) ;
#1377 = B_SPLINE_CURVE_WITH_KNOTS ( 'NONE', 3,
 ( #6707, #5329, #4649, #3956 ),
 .UNSPECIFIED., .F., .F.,
 ( 4, 4 ),
 ( 0.0000000000000000000, 1.000000000000000000 ),
 .UNSPECIFIED. ) ;
#1378 = CARTESIAN_POINT ( 'NONE',  ( 1556.343218395345000, 1923.403306036226500, -78.40205347054089200 ) ) ;
#1379 = CARTESIAN_POINT ( 'NONE',  ( 1743.499999369547800, 2005.296408823408500, -90.78455347054089900 ) ) ;
#1380 = EDGE_CURVE ( 'NONE', #6656, #68, #6128, .T. ) ;
#1381 = CARTESIAN_POINT ( 'NONE',  ( 1767.629999349615200, 2018.238878606932300, -63.67266784302090300 ) ) ;
#1382 = CARTESIAN_POINT ( 'NONE',  ( 1621.765422391398500, 2020.563507355708200, -78.40205347054090600 ) ) ;
#1383 = CARTESIAN_POINT ( 'NONE',  ( 1743.499999349614900, 2038.585538644671900, -90.78455347054088500 ) ) ;
#1384 = DIRECTION ( 'NONE',  ( -1.000000000000000000, 0.0000000000000000000, 0.0000000000000000000 ) ) ;
#1385 = DIRECTION ( 'NONE',  ( 4.136717718302601200E-014, -1.000000000000000000, 0.0000000000000000000 ) ) ;
#1386 = CARTESIAN_POINT ( 'NONE',  ( 1767.629999349615000, 1985.582229463228900, 78.66055821296589600 ) ) ;
#1387 = DIRECTION ( 'NONE',  ( -1.000000000000000000, 0.0000000000000000000, 0.0000000000000000000 ) ) ;
#1388 = AXIS2_PLACEMENT_3D ( 'NONE', #4324, #2946, #2260 ) ;
#1389 = CARTESIAN_POINT ( 'NONE',  ( 1604.070454038590700, 2055.029802343947700, 120.7339465294591000 ) ) ;
#1390 = CARTESIAN_POINT ( 'NONE',  ( 1718.891597790102000, 1885.375871119725200, 68.99556427586395600 ) ) ;
#1391 = FACE_OUTER_BOUND ( 'NONE', #6423, .T. ) ;
#1392 = CARTESIAN_POINT ( 'NONE',  ( 1642.324913243536700, 1903.372631548845700, 120.7339465294590900 ) ) ;
#1393 = CARTESIAN_POINT ( 'NONE',  ( 1603.389607631229000, 2049.205285668505000, 120.7339465294590900 ) ) ;
#1394 = ORIENTED_EDGE ( 'NONE', *, *, #3447, .T. ) ;
#1395 = ORIENTED_EDGE ( 'NONE', *, *, #4630, .T. ) ;
#1396 = EDGE_CURVE ( 'NONE', #1077, #5603, #5307, .T. ) ;
#1397 = CARTESIAN_POINT ( 'NONE',  ( 1512.630371360603200, 1990.740832246745200, 111.2089465294590800 ) ) ;
#1398 = B_SPLINE_CURVE_WITH_KNOTS ( 'NONE', 3,
 ( #3859, #3183, #2495, #1804, #1119, #434, #6448, #5762, #5089, #4394, #3697, #3019, #2325, #1640, #958, #268, #6290, #5681, #4995, #4304 ),
 .UNSPECIFIED., .F., .F.,
 ( 4, 2, 2, 2, 2, 2, 2, 2, 2, 4 ),
 ( 0.0000000000000000000, 0.1249999999999957000, 0.2499999999999914000, 0.3749999999999871200, 0.4999999999999827900, 0.6249999999999784600, 0.7499999999999742400, 0.8749999999999699100, 0.9374999999999849000, 1.000000000000000000 ),
 .UNSPECIFIED. ) ;
#1399 = EDGE_CURVE ( 'NONE', #3022, #3132, #2559, .T. ) ;
#1400 = CARTESIAN_POINT ( 'NONE',  ( 1671.412850007394400, 1949.471781812096200, 120.7339465294590900 ) ) ;
#1401 = APPROVAL_DATE_TIME ( #2095, #6285 ) ;
#1402 = CARTESIAN_POINT ( 'NONE',  ( 1724.255187741841400, 2059.746694323961000, -61.86469435743062900 ) ) ;
#1403 = ORIENTED_EDGE ( 'NONE', *, *, #97, .T. ) ;
#1404 = VERTEX_POINT ( 'NONE', #500 ) ;
#1405 = CARTESIAN_POINT ( 'NONE',  ( 1611.293349855096700, 2046.952817751687000, 111.2089465294591100 ) ) ;
#1406 = CARTESIAN_POINT ( 'NONE',  ( 1578.498092779528200, 2033.500809244671500, -90.78455347054089900 ) ) ;
#1407 = CARTESIAN_POINT ( 'NONE',  ( 1528.087420678591800, 1926.924278257942000, 120.7339465294590800 ) ) ;
#1408 = DIRECTION ( 'NONE',  ( 0.0000000000000000000, 1.000000000000000000, 8.195543980992976000E-016 ) ) ;
#1409 = ORIENTED_EDGE ( 'NONE', *, *, #2339, .F. ) ;
#1410 = CARTESIAN_POINT ( 'NONE',  ( 1555.319538848908000, 2027.864154904106000, -78.40205347054089200 ) ) ;
#1411 = ADVANCED_FACE ( 'NONE', ( #3670 ), #1639, .F. ) ;
#1412 = CARTESIAN_POINT ( 'NONE',  ( 1571.815808003107300, 1891.949836850817300, 120.7339465294590900 ) ) ;
#1413 = CARTESIAN_POINT ( 'NONE',  ( 1767.629999349615000, 1890.729304926287300, -10.63343561087870800 ) ) ;
#1414 = CARTESIAN_POINT ( 'NONE',  ( 1586.548752939310400, 1968.405491409094800, 120.7339465294591000 ) ) ;
#1415 = CARTESIAN_POINT ( 'NONE',  ( 1657.762123018741900, 1957.299832439667600, -4.958598846275148900 ) ) ;
#1416 = CARTESIAN_POINT ( 'NONE',  ( 1535.624511906035200, 1953.738008553314600, -78.40205347054087800 ) ) ;
#1417 = EDGE_CURVE ( 'NONE', #5242, #1363, #5150, .T. ) ;
#1418 = CARTESIAN_POINT ( 'NONE',  ( 1707.939999349615200, 2035.479694647907300, 87.14744652945908900 ) ) ;
#1419 = ADVANCED_FACE ( 'NONE', ( #3548 ), #3085, .F. ) ;
#1420 = CARTESIAN_POINT ( 'NONE',  ( 1767.629999349614500, 1981.055501235798100, -79.08512255825277700 ) ) ;
#1421 = CARTESIAN_POINT ( 'NONE',  ( 1645.237558750330200, 1994.738840256552500, -78.40205347054089200 ) ) ;
#1422 = B_SPLINE_CURVE_WITH_KNOTS ( 'NONE', 3,
 ( #2066, #1372, #685, #5 ),
 .UNSPECIFIED., .F., .F.,
 ( 4, 4 ),
 ( 0.0000000000000000000, 1.000000000000000000 ),
 .UNSPECIFIED. ) ;
#1423 = CARTESIAN_POINT ( 'NONE',  ( 1622.293599919463500, 1993.240443510608200, 28.72244652945910600 ) ) ;
#1424 = CARTESIAN_POINT ( 'NONE',  ( 1648.525797336073100, 1954.176640560161800, -78.40205347054087800 ) ) ;
#1425 = ORIENTED_EDGE ( 'NONE', *, *, #4355, .F. ) ;
#1426 = CARTESIAN_POINT ( 'NONE',  ( 1589.529524255800400, 1975.119168919007100, 120.7339465294591200 ) ) ;
#1427 = AXIS2_PLACEMENT_3D ( 'NONE', #122, #6149, #5460 ) ;
#1428 = CARTESIAN_POINT ( 'NONE',  ( 1767.629999349615200, 2019.093677874675700, 63.32707649188287700 ) ) ;
#1429 = VERTEX_POINT ( 'NONE', #334 ) ;
#1430 = CARTESIAN_POINT ( 'NONE',  ( 1743.499999349615100, 1901.414126244674400, -1.159510470540900500 ) ) ;
#1431 = CARTESIAN_POINT ( 'NONE',  ( 1533.822593160252400, 1977.617461401972600, -78.40205347054089200 ) ) ;
#1432 = CARTESIAN_POINT ( 'NONE',  ( 1659.663378444683300, 2021.016377451705500, 111.2089465294590800 ) ) ;
#1433 = VECTOR ( 'NONE', #2094, 1000.000000000000000 ) ;
#1434 = CARTESIAN_POINT ( 'NONE',  ( 1722.101202913722300, 1881.666908542171100, 64.15788192869062800 ) ) ;
#1435 = EDGE_CURVE ( 'NONE', #2727, #6627, #5448, .T. ) ;
#1436 = VECTOR ( 'NONE', #6494, 1000.000000000000000 ) ;
#1437 = EDGE_CURVE ( 'NONE', #2929, #2365, #455, .T. ) ;
#1438 = CARTESIAN_POINT ( 'NONE',  ( 1568.759388313865900, 1939.706231905010100, -51.92255347054097600 ) ) ;
#1439 = CARTESIAN_POINT ( 'NONE',  ( 1720.145132735135300, 2056.001679935976400, 66.82244652945908600 ) ) ;
#1440 = ORIENTED_EDGE ( 'NONE', *, *, #4966, .T. ) ;
#1441 = CARTESIAN_POINT ( 'NONE',  ( 1655.828896009483100, 1982.699832439667500, -50.46004687505658400 ) ) ;
#1442 = DIRECTION ( 'NONE',  ( -1.000000000000000000, 0.0000000000000000000, 0.0000000000000000000 ) ) ;
#1443 = CARTESIAN_POINT ( 'NONE',  ( 1528.691594977655800, 1924.604251920089800, 120.7339465294591000 ) ) ;
#1444 = VERTEX_POINT ( 'NONE', #222 ) ;
#1445 = ORIENTED_EDGE ( 'NONE', *, *, #4391, .F. ) ;
#1446 = CARTESIAN_POINT ( 'NONE',  ( 1578.828444904542700, 1920.824586686424300, 28.72244652945910200 ) ) ;
#1447 = B_SPLINE_CURVE_WITH_KNOTS ( 'NONE', 3,
 ( #1448, #761, #76, #6093, #5409, #4728, #4041, #3349, #2661, #1979, #1285, #600, #6623, #5931, #5256, #4565, #3867, #3189 ),
 .UNSPECIFIED., .F., .F.,
 ( 4, 2, 2, 2, 2, 2, 2, 2, 4 ),
 ( 0.0000000000000000000, 0.06250000000000000000, 0.1250000000000000000, 0.1875000000000000000, 0.2500000000000000000, 0.3125000000000000000, 0.3750000000000000000, 0.4375000000000000000, 0.5000000000000000000 ),
 .UNSPECIFIED. ) ;
#1448 = CARTESIAN_POINT ( 'NONE',  ( 1630.099999384806100, 1969.999832439667400, -51.92255347054094700 ) ) ;
#1449 = CARTESIAN_POINT ( 'NONE',  ( 1637.660713774790800, 1992.511913723161300, 28.72244652945909800 ) ) ;
#1450 = ADVANCED_FACE ( 'NONE', ( #2419 ), #4890, .T. ) ;
#1451 = CARTESIAN_POINT ( 'NONE',  ( 1767.629999349615200, 1969.999832439667200, 0.0000000000000000000 ) ) ;
#1452 = EDGE_LOOP ( 'NONE', ( #4804, #1157, #152, #4076 ) ) ;
#1453 = ORIENTED_EDGE ( 'NONE', *, *, #6209, .F. ) ;
#1454 = CARTESIAN_POINT ( 'NONE',  ( 1528.498225823130300, 1986.654592557986000, -78.40205347054090600 ) ) ;
#1455 = EDGE_CURVE ( 'NONE', #753, #5168, #3412, .T. ) ;
#1456 = EDGE_CURVE ( 'NONE', #5168, #5441, #3391, .T. ) ;
#1457 = CARTESIAN_POINT ( 'NONE',  ( 1578.247034905024300, 1894.008404543127400, 120.7339465294591000 ) ) ;
#1458 = CARTESIAN_POINT ( 'NONE',  ( 1767.629999349614800, 1901.287380169481800, 41.16929607565819500 ) ) ;
#1459 = CARTESIAN_POINT ( 'NONE',  ( 1796.839999349615000, 1898.093195742368600, -35.30464991227625400 ) ) ;
#1460 = PLANE ( 'NONE',  #2366 ) ;
#1461 = CARTESIAN_POINT ( 'NONE',  ( 1526.281177229577500, 1920.466667573955000, 111.2089465294590800 ) ) ;
#1462 = CARTESIAN_POINT ( 'NONE',  ( 1710.645595368889600, 1940.871901568747000, -78.40205347054089200 ) ) ;
#1463 = CARTESIAN_POINT ( 'NONE',  ( 1550.563307844286100, 2035.688104095974000, 120.7339465294590800 ) ) ;
#1464 = PLANE ( 'NONE',  #3865 ) ;
#1465 = CARTESIAN_POINT ( 'NONE',  ( 1631.359241062673800, 1926.485586285664800, -78.40205347054086400 ) ) ;
#1466 = CARTESIAN_POINT ( 'NONE',  ( 1597.361982729651600, 1971.876424447285700, 120.7339465294590900 ) ) ;
#1467 = DIRECTION ( 'NONE',  ( 0.0000000000000000000, -1.000000000000000000, 0.0000000000000000000 ) ) ;
#1468 = CIRCLE ( 'NONE', #6161, 85.88242951849922200 ) ;
#1469 = CARTESIAN_POINT ( 'NONE',  ( 1767.629999349615000, 2044.051725472070500, 30.42280880664289800 ) ) ;
#1470 = EDGE_LOOP ( 'NONE', ( #918, #3896, #1403, #1563 ) ) ;
#1471 = B_SPLINE_CURVE_WITH_KNOTS ( 'NONE', 3,
 ( #5651, #4796, #4112, #3418 ),
 .UNSPECIFIED., .F., .F.,
 ( 4, 4 ),
 ( 5.737702828181649800E-008, 1.000000000000000000 ),
 .UNSPECIFIED. ) ;
#1472 = CARTESIAN_POINT ( 'NONE',  ( 1767.629999349615000, 1945.421340517498500, -76.01718310523858700 ) ) ;
#1473 = CARTESIAN_POINT ( 'NONE',  ( 1549.315931780272600, 2010.278092525932200, -78.40205347054087800 ) ) ;
#1474 = CARTESIAN_POINT ( 'NONE',  ( 1698.502970742425800, 1906.498855792422800, -90.78455347054091400 ) ) ;
#1475 = DIRECTION ( 'NONE',  ( 0.1950903220775299400, 0.9807852803910168700, 0.0000000000000000000 ) ) ;
#1476 = AXIS2_PLACEMENT_3D ( 'NONE', #6175, #5482, #4799 ) ;
#1477 = CARTESIAN_POINT ( 'NONE',  ( 1723.558068187305000, 2026.892389169416900, -114.5970534705410000 ) ) ;
#1478 = AXIS2_PLACEMENT_3D ( 'NONE', #2650, #1967, #1275 ) ;
#1479 = CARTESIAN_POINT ( 'NONE',  ( 1722.892276830338500, 1880.953409780026500, -62.86642852845943000 ) ) ;
#1480 = ORIENTED_EDGE ( 'NONE', *, *, #4964, .F. ) ;
#1481 = ORIENTED_EDGE ( 'NONE', *, *, #5532, .T. ) ;
#1482 = ADVANCED_FACE ( 'NONE', ( #1765 ), #1634, .F. ) ;
#1483 = VECTOR ( 'NONE', #1866, 1000.000000000000000 ) ;
#1484 = AXIS2_PLACEMENT_3D ( 'NONE', #4269, #3585, #2890 ) ;
#1485 = CARTESIAN_POINT ( 'NONE',  ( 1657.980600393185600, 2011.352785506361200, 120.7339465294591200 ) ) ;
#1486 = CARTESIAN_POINT ( 'NONE',  ( 1509.285495739669200, 1981.720053376075200, 120.7339465294590900 ) ) ;
#1487 = ORIENTED_EDGE ( 'NONE', *, *, #3405, .T. ) ;
#1488 = CIRCLE ( 'NONE', #5756, 85.88242951849922200 ) ;
#1489 = CARTESIAN_POINT ( 'NONE',  ( 1531.989245569956200, 1938.143207745585900, -78.40205347054089200 ) ) ;
#1490 = EDGE_CURVE ( 'NONE', #5184, #3556, #5599, .T. ) ;
#1491 = CARTESIAN_POINT ( 'NONE',  ( 1669.009649471273400, 1950.698230725038500, 111.2089465294591100 ) ) ;
#1492 = CARTESIAN_POINT ( 'NONE',  ( 1720.264613344747700, 1883.855591635584700, 66.82244652945910000 ) ) ;
#1493 = CARTESIAN_POINT ( 'NONE',  ( 1523.293874858462500, 1918.470615944841900, 111.2089465294591000 ) ) ;
#1494 = ORIENTED_EDGE ( 'NONE', *, *, #1676, .T. ) ;
#1495 = ORIENTED_EDGE ( 'NONE', *, *, #1808, .F. ) ;
#1496 = B_SPLINE_CURVE_WITH_KNOTS ( 'NONE', 3,
 ( #1750, #1071, #383, #6400, #5714, #5037 ),
 .UNSPECIFIED., .F., .F.,
 ( 4, 2, 4 ),
 ( 0.0000000000000000000, 0.5000000000000000000, 1.000000000000000000 ),
 .UNSPECIFIED. ) ;
#1497 = ADVANCED_FACE ( 'NONE', ( #2464 ), #3538, .F. ) ;
#1498 = CARTESIAN_POINT ( 'NONE',  ( 1516.458826386286100, 1986.075846300096600, 111.2089465294591100 ) ) ;
#1499 = CARTESIAN_POINT ( 'NONE',  ( 1512.630371360603200, 1990.740832246745200, 120.7339465294590900 ) ) ;
#1500 = CARTESIAN_POINT ( 'NONE',  ( 1767.629999349614800, 1927.971341486734900, 68.21838112124049800 ) ) ;
#1501 = ORIENTED_EDGE ( 'NONE', *, *, #267, .T. ) ;
#1502 = CARTESIAN_POINT ( 'NONE',  ( 1521.292714283887300, 1928.559036044779100, 120.7339465294590900 ) ) ;
#1503 = DIRECTION ( 'NONE',  ( -0.7660441606327410600, -0.6427879463403768400, 0.0000000000000000000 ) ) ;
#1504 = DIRECTION ( 'NONE',  ( -1.000000000000000000, 0.0000000000000000000, 0.0000000000000000000 ) ) ;
#1505 = CIRCLE ( 'NONE', #5121, 109.0871227772100000 ) ;
#1506 = CARTESIAN_POINT ( 'NONE',  ( 1551.207452467741200, 2039.124280548026300, 120.7339465294591000 ) ) ;
#1507 = CARTESIAN_POINT ( 'NONE',  ( 1542.843785184826200, 2035.144680526774400, 120.7339465294591000 ) ) ;
#1508 = DIRECTION ( 'NONE',  ( -0.0000000000000000000, -0.0000000000000000000, 1.000000000000000000 ) ) ;
#1509 = CARTESIAN_POINT ( 'NONE',  ( 1602.402794127757300, 1912.237825016766900, -78.40205347054086400 ) ) ;
#1510 = DIRECTION ( 'NONE',  ( 1.000000000000000000, 0.0000000000000000000, 0.0000000000000000000 ) ) ;
#1511 = CARTESIAN_POINT ( 'NONE',  ( 1796.839999349615000, 1990.742437880784600, -77.29388521751947400 ) ) ;
#1512 = AXIS2_PLACEMENT_3D ( 'NONE', #1675, #992, #301 ) ;
#1513 = CARTESIAN_POINT ( 'NONE',  ( 1767.629999349615400, 2046.465347400560400, -23.46779386377072600 ) ) ;
#1514 = CARTESIAN_POINT ( 'NONE',  ( 1767.629999349615000, 1913.117480902375700, -56.13748808884143000 ) ) ;
#1515 = CARTESIAN_POINT ( 'NONE',  ( 1573.890254301846900, 2025.819741060258800, -78.40205347054087800 ) ) ;
#1516 = DIRECTION ( 'NONE',  ( -0.9999889559186719800, 0.004699791557518141900, 0.0000000000000000000 ) ) ;
#1517 = CARTESIAN_POINT ( 'NONE',  ( 1667.596854524901100, 1954.491657055587900, 120.7339465294591000 ) ) ;
#1518 = B_SPLINE_CURVE_WITH_KNOTS ( 'NONE', 3,
 ( #3554, #2860, #2177, #1493 ),
 .UNSPECIFIED., .F., .F.,
 ( 4, 4 ),
 ( 0.0000000000000000000, 1.000000000000000000 ),
 .UNSPECIFIED. ) ;
#1519 = CARTESIAN_POINT ( 'NONE',  ( 1709.209148379516600, 1901.414126244674200, -90.78455347054087100 ) ) ;
#1520 = DIRECTION ( 'NONE',  ( 0.5555702329676177600, -0.8314696123372801200, 0.0000000000000000000 ) ) ;
#1521 = ORIENTED_EDGE ( 'NONE', *, *, #5496, .F. ) ;
#1522 = CYLINDRICAL_SURFACE ( 'NONE', #3080, 50.00000000000071100 ) ;
#1523 = ORIENTED_EDGE ( 'NONE', *, *, #2798, .T. ) ;
#1524 = FACE_OUTER_BOUND ( 'NONE', #3203, .T. ) ;
#1525 = DIRECTION ( 'NONE',  ( 0.0000000000000000000, 0.0000000000000000000, 1.000000000000000000 ) ) ;
#1526 = LINE ( 'NONE', #832, #3046 ) ;
#1527 = VERTEX_POINT ( 'NONE', #788 ) ;
#1528 = CARTESIAN_POINT ( 'NONE',  ( 1572.406486039405100, 1906.777178970546600, -78.40205347054087800 ) ) ;
#1529 = AXIS2_PLACEMENT_3D ( 'NONE', #3974, #3284, #2596 ) ;
#1530 = AXIS2_PLACEMENT_3D ( 'NONE', #4632, #3940, #3257 ) ;
#1531 = CARTESIAN_POINT ( 'NONE',  ( 1546.519555574667500, 2038.192701160191700, 111.2089465294590800 ) ) ;
#1532 = CARTESIAN_POINT ( 'NONE',  ( 1512.529781289027400, 1981.391917459429600, 120.7339465294590900 ) ) ;
#1533 = CARTESIAN_POINT ( 'NONE',  ( 1727.263383298714900, 1879.999861042323800, -61.49673814588063400 ) ) ;
#1534 = ORIENTED_EDGE ( 'NONE', *, *, #5068, .F. ) ;
#1535 = VERTEX_POINT ( 'NONE', #101 ) ;
#1536 = CARTESIAN_POINT ( 'NONE',  ( 1638.915128727220200, 1906.601034437504500, 120.7339465294590600 ) ) ;
#1537 = DIRECTION ( 'NONE',  ( -0.0000000000000000000, 0.0000000000000000000, -1.000000000000000000 ) ) ;
#1538 = CARTESIAN_POINT ( 'NONE',  ( 1767.629999349615200, 1969.999832439667400, 80.14744637668010800 ) ) ;
#1539 = ORIENTED_EDGE ( 'NONE', *, *, #1877, .F. ) ;
#1540 = B_SPLINE_CURVE_WITH_KNOTS ( 'NONE', 3,
 ( #4435, #3735, #3064, #2364, #1683, #1001 ),
 .UNSPECIFIED., .F., .F.,
 ( 4, 2, 4 ),
 ( 0.0000000000000000000, 0.5000000000000000000, 1.000000000000000000 ),
 .UNSPECIFIED. ) ;
#1541 = DIRECTION ( 'NONE',  ( 0.0000000000000000000, 0.0000000000000000000, 1.000000000000000000 ) ) ;
#1542 = CARTESIAN_POINT ( 'NONE',  ( 1591.999999384806000, 1969.999832439667200, 66.82244652945908600 ) ) ;
#1543 = DIRECTION ( 'NONE',  ( 0.9807852803910122000, -0.1950903220775533600, 0.0000000000000000000 ) ) ;
#1544 = CARTESIAN_POINT ( 'NONE',  ( 1594.838413457961000, 1965.079805471245400, 120.7339465294590900 ) ) ;
#1545 = CARTESIAN_POINT ( 'NONE',  ( 1626.245535177294400, 1953.115771477046300, 28.72244652945910900 ) ) ;
#1546 = CARTESIAN_POINT ( 'NONE',  ( 1561.725002121435600, 1919.739577057759600, -78.40205347054093500 ) ) ;
#1547 = CARTESIAN_POINT ( 'NONE',  ( 1747.973367800755300, 1990.984244734792600, -90.78455347054089900 ) ) ;
#1548 = CARTESIAN_POINT ( 'NONE',  ( 1767.629999349615200, 2024.753514743323600, -58.17999535775704300 ) ) ;
#1549 = CARTESIAN_POINT ( 'NONE',  ( 1615.198655685326200, 2023.897223543050600, -78.40205347054089200 ) ) ;
#1550 = CARTESIAN_POINT ( 'NONE',  ( 1701.299117871996700, 2033.772521699515900, -78.71955347054093000 ) ) ;
#1551 = CARTESIAN_POINT ( 'NONE',  ( 1767.629999349615200, 1893.073523366854700, 67.47092155869989900 ) ) ;
#1552 = PLANE ( 'NONE',  #5831 ) ;
#1553 = CYLINDRICAL_SURFACE ( 'NONE', #5406, 109.0871227772100000 ) ;
#1554 = CARTESIAN_POINT ( 'NONE',  ( 1767.629999349615000, 1977.532534878997700, 79.80077817214146300 ) ) ;
#1555 = CARTESIAN_POINT ( 'NONE',  ( 1748.158720812984900, 1950.657693054947000, -90.78455347054089900 ) ) ;
#1556 = CARTESIAN_POINT ( 'NONE',  ( 1586.320459683177900, 1970.373314359526100, 111.2089465294591000 ) ) ;
#1557 = CARTESIAN_POINT ( 'NONE',  ( 1712.154483530182000, 1889.657587280098100, 73.93871778442864700 ) ) ;
#1558 = VECTOR ( 'NONE', #6550, 1000.000000000000000 ) ;
#1559 = B_SPLINE_CURVE_WITH_KNOTS ( 'NONE', 3,
 ( #219, #6245, #5555, #4871, #4181, #3493, #2802, #2122, #1431, #745, #62, #6080, #5393, #4713, #4021, #3331, #2643, #1962, #1270, #583, #6604, #5914, #5237, #4549, #3852, #3175, #2486, #1795, #1111, #425, #6438, #5753, #5079, #4386, #3691, #3010, #2318, #1632, #947, #257, #6282, #5597, #4910, #4220, #3536, #2841, #2160, #1473, #785, #99, #6118, #5436, #4751, #4064, #3369, #2681, #2003, #1313, #623, #6650, #5957, #5276, #4586, #3891, #3212, #2528, #1838, #1151, #467, #6479, #5790, #5118, #4423, #3726, #3053, #2355, #1673, #990, #299, #6318, #5641, #4953, #4260, #3578, #2880, #2198, #1515, #820, #132, #6163, #5471, #4787, #4104, #3408, #2716, #2041, #1345, #660, #6688, #5996, #5311, #4627, #3933, #3248, #2563, #1873, #1188, #505, #6515, #5826, #5154, #4460, #3762, #3091, #2395, #1709, #1026, #339, #6353, #5676, #4990, #4298, #3611, #2917, #2234, #1549, #856, #170, #6198, #5506, #4824, #4139, #3443, #2751, #2075, #1382, #696, #16, #6032, #5345, #4664, #3973, #3283, #2595, #1911, #1223, #538, #6553, #5865, #5191, #4497, #3800, #3128, #2436, #1745, #1064, #378, #6393, #5707, #5029, #4339, #3646, #2959, #2273, #1586, #901, #210, #6238, #5545, #4864, #4175, #3483, #2794, #2114, #1421, #736, #52, #6072, #5385, #4706, #4015, #3322, #2635, #1953, #1262, #576, #6595 ),
 .UNSPECIFIED., .F., .F.,
 ( 4, 1, 1, 1, 1, 1, 1, 1, 2, 2, 1, 1, 1, 1, 1, 1, 1, 2, 2, 1, 1, 1, 1, 1, 1, 1, 2, 2, 1, 1, 1, 1, 1, 1, 1, 2, 2, 1, 1, 1, 1, 1, 1, 2, 2, 1, 1, 1, 1, 2, 2, 1, 1, 1, 1, 2, 2, 1, 1, 1, 1, 2, 2, 1, 1, 1, 2, 2, 1, 1, 2, 2, 2, 1, 1, 2, 2, 1, 1, 1, 2, 2, 1, 1, 1, 1, 2, 2, 1, 1, 1, 1, 2, 2, 1, 1, 1, 1, 2, 2, 1, 1, 1, 1, 1, 2, 2, 1, 1, 1, 1, 1, 1, 1, 2, 2, 1, 1, 1, 1, 1, 1, 1, 2, 2, 1, 1, 1, 1, 1, 1, 1, 2, 2, 1, 1, 1, 1, 1, 1, 1, 2, 2, 4 ),
 ( 0.0000000000000000000, 0.03125000000041822800, 0.04687500000062715800, 0.05468750000073136600, 0.05859375000078346400, 0.06054687500080984500, 0.06152343750082268900, 0.06201171875083179300, 0.06225585937583402000, 0.06250000000083624800, 0.09375000000111175000, 0.1093750000012523900, 0.1171875000013244700, 0.1210937500013622300, 0.1230468750013828000, 0.1240234375013947600, 0.1245117187514030700, 0.1247558593764065700, 0.1250000000014100400, 0.1562500000018943200, 0.1718750000021377300, 0.1796875000022585800, 0.1835937500023219200, 0.1855468750023535900, 0.1865234375023703300, 0.1870117187523777600, 0.1872558593773804600, 0.1875000000023831200, 0.2187500000024882300, 0.2343750000025417700, 0.2421875000025652300, 0.2460937500025769400, 0.2480468750025828000, 0.2490234375025836300, 0.2495117187525872900, 0.2497558593775891000, 0.2500000000025909300, 0.2812500000023871500, 0.2968750000022852800, 0.3046875000022343800, 0.3085937500022114500, 0.3105468750021974600, 0.3115234375021893000, 0.3120117187521877500, 0.3125000000021861400, 0.3281250000021794800, 0.3359375000021762000, 0.3398437500021745400, 0.3417968750021750400, 0.3427734375021753200, 0.3437500000021755400, 0.3593750000022247200, 0.3671875000022493100, 0.3710937500022601900, 0.3730468750022656300, 0.3740234375022665800, 0.3750000000022675200, 0.3906250000022483100, 0.3984375000022372100, 0.4023437500022302200, 0.4042968750022252800, 0.4052734375022227800, 0.4062500000022203400, 0.4218750000022037400, 0.4296875000021926900, 0.4335937500021886900, 0.4355468750021867000, 0.4375000000021847000, 0.4531250000021900300, 0.4609375000021935200, 0.4648437500021953000, 0.4687500000021970800, 0.5000000000022190000, 0.5156250000022297700, 0.5234375000022349900, 0.5273437500022361000, 0.5312500000022372100, 0.5468750000022416500, 0.5546875000022453200, 0.5585937500022475400, 0.5605468750022489800, 0.5625000000022503100, 0.5781250000022647400, 0.5859375000022724000, 0.5898437500022756200, 0.5917968750022757400, 0.5927734375022748500, 0.5937500000022740700, 0.6093750000022448700, 0.6171875000022302200, 0.6210937500022228900, 0.6230468750022166700, 0.6240234375022146700, 0.6250000000022125600, 0.6406250000022081200, 0.6484375000022059000, 0.6523437500022062400, 0.6542968750022064600, 0.6552734375022052400, 0.6562500000022039000, 0.6718750000021961300, 0.6796875000021953600, 0.6835937500021949100, 0.6855468750021965800, 0.6865234375021989100, 0.6870117187521985700, 0.6875000000021981300, 0.7187500000019810800, 0.7343750000018705000, 0.7421875000018128800, 0.7460937500017826900, 0.7480468750017689200, 0.7490234375017631500, 0.7495117187517602600, 0.7497558593767573700, 0.7500000000017544900, 0.7812500000013947700, 0.7968750000012132500, 0.8046875000011238800, 0.8085937500010822500, 0.8105468750010644800, 0.8115234375010557100, 0.8120117187510481600, 0.8122558593760431700, 0.8125000000010382800, 0.8437500000004267700, 0.8593750000001234600, 0.8671874999999748000, 0.8710937499999015200, 0.8730468749998658900, 0.8740234374998511200, 0.8745117187498436800, 0.8747558593748429000, 0.8749999999998422400, 0.9062499999996322900, 0.9218749999995272700, 0.9296874999994748600, 0.9335937499994463300, 0.9355468749994351200, 0.9365234374994295700, 0.9370117187494291200, 0.9372558593744319000, 0.9374999999994347900, 1.000000000000000000 ),
 .UNSPECIFIED. ) ;
#1560 = CARTESIAN_POINT ( 'NONE',  ( 1709.209148379516400, 1901.414126244674400, -78.71955347054093000 ) ) ;
#1561 = AXIS2_PLACEMENT_3D ( 'NONE', #2331, #1647, #966 ) ;
#1562 = CARTESIAN_POINT ( 'NONE',  ( 1604.738628040016000, 2046.941998083914100, 120.7339465294590900 ) ) ;
#1563 = ORIENTED_EDGE ( 'NONE', *, *, #5940, .F. ) ;
#1564 = ORIENTED_EDGE ( 'NONE', *, *, #2957, .F. ) ;
#1565 = CARTESIAN_POINT ( 'NONE',  ( 1722.773837355140100, 2058.956388236942100, 63.28804466737682300 ) ) ;
#1566 = AXIS2_PLACEMENT_3D ( 'NONE', #4851, #4164, #3470 ) ;
#1567 = LINE ( 'NONE', #878, #740 ) ;
#1568 = CARTESIAN_POINT ( 'NONE',  ( 1723.140257145464600, 2059.214754801415900, -62.62758515694123700 ) ) ;
#1569 = ORIENTED_EDGE ( 'NONE', *, *, #5354, .F. ) ;
#1570 = EDGE_LOOP ( 'NONE', ( #4276, #324, #1009, #3819 ) ) ;
#1571 = LINE ( 'NONE', #882, #436 ) ;
#1572 = CARTESIAN_POINT ( 'NONE',  ( 1538.742711516235400, 2014.000298732166400, -90.78455347054092800 ) ) ;
#1573 = CARTESIAN_POINT ( 'NONE',  ( 1527.005869115124400, 1928.240232365795200, 120.7339465294591000 ) ) ;
#1574 = LINE ( 'NONE', #196, #1735 ) ;
#1575 = ORIENTED_EDGE ( 'NONE', *, *, #2262, .F. ) ;
#1576 = CARTESIAN_POINT ( 'NONE',  ( 1564.926299214000900, 2031.692684191874800, -78.40205347054089200 ) ) ;
#1577 = CARTESIAN_POINT ( 'NONE',  ( 1755.564999349615200, 2026.382454498699900, -84.85255371288654700 ) ) ;
#1578 = ORIENTED_EDGE ( 'NONE', *, *, #4645, .T. ) ;
#1579 = CARTESIAN_POINT ( 'NONE',  ( 1767.629999349614800, 1893.204324573183200, -22.29407119852555800 ) ) ;
#1580 = CARTESIAN_POINT ( 'NONE',  ( 1587.462759795087500, 1966.583466244059800, 120.7339465294590800 ) ) ;
#1581 = B_SPLINE_CURVE_WITH_KNOTS ( 'NONE', 3,
 ( #1648, #2859, #2176, #1492 ),
 .UNSPECIFIED., .F., .F.,
 ( 4, 4 ),
 ( 4.144106256591174200E-009, 0.9925975773782191900 ),
 .UNSPECIFIED. ) ;
#1582 = CARTESIAN_POINT ( 'NONE',  ( 1528.498092979527700, 1956.498855844675700, -78.40205347054087800 ) ) ;
#1583 = CARTESIAN_POINT ( 'NONE',  ( 1538.962914333657000, 1944.905866633953800, -78.40205347054090600 ) ) ;
#1584 = DIRECTION ( 'NONE',  ( 0.0000000000000000000, 0.0000000000000000000, 1.000000000000000000 ) ) ;
#1585 = CARTESIAN_POINT ( 'NONE',  ( 1767.629999349615000, 1992.638036771014600, -76.58273318223624000 ) ) ;
#1586 = CARTESIAN_POINT ( 'NONE',  ( 1642.228781824911500, 2000.345121894281600, -78.40205347054089200 ) ) ;
#1587 = CARTESIAN_POINT ( 'NONE',  ( 1506.985329787769200, 1982.177584831083100, 111.2089465294591000 ) ) ;
#1588 = CARTESIAN_POINT ( 'NONE',  ( 1506.985329787769200, 1982.177584831083100, 111.2089465294591000 ) ) ;
#1589 = ORIENTED_EDGE ( 'NONE', *, *, #2330, .T. ) ;
#1590 = CARTESIAN_POINT ( 'NONE',  ( 1588.190915032287600, 1974.212846408682000, 120.7339465294590800 ) ) ;
#1591 = CARTESIAN_POINT ( 'NONE',  ( 1767.629999349615000, 2011.508125124205700, 68.53650420263758700 ) ) ;
#1592 = ORIENTED_EDGE ( 'NONE', *, *, #4593, .F. ) ;
#1593 = CARTESIAN_POINT ( 'NONE',  ( 1707.939999349615200, 2035.479694647907300, 87.39644652945909800 ) ) ;
#1594 = CARTESIAN_POINT ( 'NONE',  ( 1542.638638920133600, 2035.394054199015700, 111.2089465294591300 ) ) ;
#1595 = DIRECTION ( 'NONE',  ( 0.0000000000000000000, 0.0000000000000000000, -1.000000000000000000 ) ) ;
#1596 = DIRECTION ( 'NONE',  ( 0.0000000000000000000, 0.0000000000000000000, 1.000000000000000000 ) ) ;
#1597 = DIRECTION ( 'NONE',  ( -1.000000000000000000, -0.0000000000000000000, -0.0000000000000000000 ) ) ;
#1598 = CARTESIAN_POINT ( 'NONE',  ( 1642.266599384806600, 1973.289773716354100, -53.00205347054089300 ) ) ;
#1599 = VERTEX_POINT ( 'NONE', #6120 ) ;
#1600 = VECTOR ( 'NONE', #347, 1000.000000000000000 ) ;
#1601 = AXIS2_PLACEMENT_3D ( 'NONE', #4093, #3398, #2708 ) ;
#1602 = CARTESIAN_POINT ( 'NONE',  ( 1654.367839058485500, 1982.699832439666800, -53.05054043864390000 ) ) ;
#1603 = CYLINDRICAL_SURFACE ( 'NONE', #1958, 9.999998011720023800 ) ;
#1604 = PLANE ( 'NONE',  #566 ) ;
#1605 = CARTESIAN_POINT ( 'NONE',  ( 1527.794840157372400, 1927.416664130797700, 111.2089465294591100 ) ) ;
#1606 = ORIENTED_EDGE ( 'NONE', *, *, #1250, .F. ) ;
#1607 = VERTEX_POINT ( 'NONE', #5438 ) ;
#1608 = CIRCLE ( 'NONE', #1693, 50.80000000000018200 ) ;
#1609 = CARTESIAN_POINT ( 'NONE',  ( 1543.794553271644200, 1953.631276994868600, 28.72244652945910200 ) ) ;
#1610 = CARTESIAN_POINT ( 'NONE',  ( 1767.629999349615000, 1969.999832439667400, 85.14744614636023800 ) ) ;
#1611 = CARTESIAN_POINT ( 'NONE',  ( 1597.679612047655800, 1969.999832439667200, 111.2089465294590800 ) ) ;
#1612 = CARTESIAN_POINT ( 'NONE',  ( 1553.899999384806100, 1969.999832439667000, 28.72244652945911300 ) ) ;
#1613 = VERTEX_POINT ( 'NONE', #4753 ) ;
#1614 = ORIENTED_EDGE ( 'NONE', *, *, #199, .F. ) ;
#1615 = CARTESIAN_POINT ( 'NONE',  ( 1530.765434234474000, 1998.563920775111200, -78.40205347054089200 ) ) ;
#1616 = CARTESIAN_POINT ( 'NONE',  ( 1575.803425489650200, 1894.550601873042100, 120.7339465294590900 ) ) ;
#1617 = CARTESIAN_POINT ( 'NONE',  ( 1767.629999349614800, 1896.010444719654700, 30.61228533524511200 ) ) ;
#1618 = CARTESIAN_POINT ( 'NONE',  ( 1796.839999349615300, 1959.527986417815600, -79.33686628839234300 ) ) ;
#1619 = EDGE_CURVE ( 'NONE', #6167, #1661, #750, .T. ) ;
#1620 = DIRECTION ( 'NONE',  ( -1.000000000000000000, -0.0000000000000000000, -0.0000000000000000000 ) ) ;
#1621 = CARTESIAN_POINT ( 'NONE',  ( 1603.406591303148800, 2051.692338997801500, 111.2089465294590800 ) ) ;
#1622 = CARTESIAN_POINT ( 'NONE',  ( 1541.733399384805800, 1969.999832439667400, -53.00205347054087900 ) ) ;
#1623 = CIRCLE ( 'NONE', #5170, 85.88242951849922200 ) ;
#1624 = ADVANCED_FACE ( 'NONE', ( #6577 ), #604, .T. ) ;
#1625 = CARTESIAN_POINT ( 'NONE',  ( 1551.155240094402400, 2037.125693863148400, 120.7339465294590900 ) ) ;
#1626 = DIRECTION ( 'NONE',  ( -0.0000000000000000000, -1.387778755099986000E-015, -1.000000000000000000 ) ) ;
#1627 = CARTESIAN_POINT ( 'NONE',  ( 1638.437279792329500, 1934.135959694523500, -78.40205347054089200 ) ) ;
#1628 = CARTESIAN_POINT ( 'NONE',  ( 1596.098178769506600, 1973.941032038200300, 120.7339465294590900 ) ) ;
#1629 = CARTESIAN_POINT ( 'NONE',  ( 1767.629999349615000, 2039.281418633836000, 40.16140113991424000 ) ) ;
#1630 = EDGE_LOOP ( 'NONE', ( #4195, #6264, #1236, #3147, #988, #6369, #5214, #2463, #5687, #1970, #3496, #191, #3962, #4320, #3471, #4114 ) ) ;
#1631 = CARTESIAN_POINT ( 'NONE',  ( 1767.629999349615000, 1954.417435403299400, -78.36566515245597500 ) ) ;
#1632 = CARTESIAN_POINT ( 'NONE',  ( 1543.336076549960800, 2002.784079106252000, -78.40205347054090600 ) ) ;
#1633 = DIRECTION ( 'NONE',  ( 1.000000000000000000, 0.0000000000000000000, 0.0000000000000000000 ) ) ;
#1634 = PLANE ( 'NONE',  #4545 ) ;
#1635 = VERTEX_POINT ( 'NONE', #3056 ) ;
#1636 = CARTESIAN_POINT ( 'NONE',  ( 1748.500534579525500, 1986.773301405254200, -114.5970534705409600 ) ) ;
#1637 = CARTESIAN_POINT ( 'NONE',  ( 1723.937929577404900, 1880.371212698418000, -62.03546546967930200 ) ) ;
#1638 = ORIENTED_EDGE ( 'NONE', *, *, #3688, .F. ) ;
#1639 = CYLINDRICAL_SURFACE ( 'NONE', #683, 70.00000000000005700 ) ;
#1640 = CARTESIAN_POINT ( 'NONE',  ( 1596.543021234975400, 1966.510566106200000, 111.2089465294591100 ) ) ;
#1641 = CC_DESIGN_PERSON_AND_ORGANIZATION_ASSIGNMENT ( #715, #32, ( #2152 ) ) ;
#1642 = CARTESIAN_POINT ( 'NONE',  ( 1660.276768454574000, 2010.853674190318300, 120.7339465294591200 ) ) ;
#1643 = CARTESIAN_POINT ( 'NONE',  ( 1709.209148379516400, 1901.414126244674400, -84.75205347054090100 ) ) ;
#1644 = VERTEX_POINT ( 'NONE', #2357 ) ;
#1645 = CARTESIAN_POINT ( 'NONE',  ( 1529.324148420311800, 1947.447686092501000, -78.40205347054090600 ) ) ;
#1646 = ADVANCED_FACE ( 'NONE', ( #2289 ), #2931, .F. ) ;
#1647 = DIRECTION ( 'NONE',  ( -0.0000000000000000000, 8.079526793559758100E-017, -1.000000000000000000 ) ) ;
#1648 = CARTESIAN_POINT ( 'NONE',  ( 1698.333748447151700, 1909.991843511104200, 66.82244652945911400 ) ) ;
#1649 = CARTESIAN_POINT ( 'NONE',  ( 1755.564999349615200, 2054.999832580420400, -56.23517568273062000 ) ) ;
#1650 = EDGE_LOOP ( 'NONE', ( #2505, #1114, #5053, #4150 ) ) ;
#1651 = ORIENTED_EDGE ( 'NONE', *, *, #4794, .F. ) ;
#1652 = EDGE_CURVE ( 'NONE', #2891, #6233, #5620, .T. ) ;
#1653 = FACE_OUTER_BOUND ( 'NONE', #2692, .T. ) ;
#1654 = CARTESIAN_POINT ( 'NONE',  ( 1707.939999349615200, 2035.729748046641400, 87.14744652945911700 ) ) ;
#1655 = VECTOR ( 'NONE', #3224, 1000.000000000000000 ) ;
#1656 = CARTESIAN_POINT ( 'NONE',  ( 1580.808233924870400, 1890.232749821048400, 120.7339465294590900 ) ) ;
#1657 = CARTESIAN_POINT ( 'NONE',  ( 1767.629999349615000, 1921.047339674988300, 63.42350260404143100 ) ) ;
#1658 = EDGE_LOOP ( 'NONE', ( #6578, #3814, #880, #5011 ) ) ;
#1659 = CARTESIAN_POINT ( 'NONE',  ( 1720.373648369757100, 1883.725648868785100, 66.82244652945908600 ) ) ;
#1660 = DIRECTION ( 'NONE',  ( -0.0000000000000000000, -0.0000000000000000000, -1.000000000000000000 ) ) ;
#1661 = VERTEX_POINT ( 'NONE', #3580 ) ;
#1662 = CARTESIAN_POINT ( 'NONE',  ( 1698.333748355590200, 1909.991843620223100, -78.40205347054087800 ) ) ;
#1663 = DIRECTION ( 'NONE',  ( -0.5555702329674570000, 0.8314696123373874800, 0.0000000000000000000 ) ) ;
#1664 = VECTOR ( 'NONE', #6509, 1000.000000000000000 ) ;
#1665 = CARTESIAN_POINT ( 'NONE',  ( 1544.347575083099900, 2033.961169469844000, 120.7339465294590900 ) ) ;
#1666 = CARTESIAN_POINT ( 'NONE',  ( 1701.925201016281300, 2049.014019048671300, 87.14744652945910300 ) ) ;
#1667 = CARTESIAN_POINT ( 'NONE',  ( 1611.178149239111000, 1914.548582528112800, -78.40205347054090600 ) ) ;
#1668 = CARTESIAN_POINT ( 'NONE',  ( 1710.294957025483000, 2049.707520316928800, 74.62361828299681600 ) ) ;
#1669 = CARTESIAN_POINT ( 'NONE',  ( 1796.839999349615000, 2045.913920661875200, -25.62980609028788900 ) ) ;
#1670 = CARTESIAN_POINT ( 'NONE',  ( 1767.629999349615400, 2049.402998695281900, -9.608558745889769900 ) ) ;
#1671 = EDGE_CURVE ( 'NONE', #2707, #3452, #4885, .T. ) ;
#1672 = CARTESIAN_POINT ( 'NONE',  ( 1767.629999349615200, 1920.905986990143000, -63.03218342314353600 ) ) ;
#1673 = CARTESIAN_POINT ( 'NONE',  ( 1566.656144413915400, 2022.917991201406300, -78.40205347054090600 ) ) ;
#1674 = CARTESIAN_POINT ( 'NONE',  ( 1673.607642652379800, 1958.721326410273800, 111.2089465294590800 ) ) ;
#1675 = CARTESIAN_POINT ( 'NONE',  ( 1523.935216553228000, 1924.604251920089600, 111.2089465294590800 ) ) ;
#1676 = EDGE_CURVE ( 'NONE', #2578, #5761, #4300, .T. ) ;
#1677 = DIRECTION ( 'NONE',  ( 0.0000000000000000000, 0.0000000000000000000, 1.000000000000000000 ) ) ;
#1678 = CARTESIAN_POINT ( 'NONE',  ( 1748.500534579525700, 1956.498855844675700, -114.5970534705409000 ) ) ;
#1679 = ORIENTED_EDGE ( 'NONE', *, *, #5998, .F. ) ;
#1680 = AXIS2_PLACEMENT_3D ( 'NONE', #1304, #619, #6644 ) ;
#1681 = ORIENTED_EDGE ( 'NONE', *, *, #1776, .F. ) ;
#1682 = CARTESIAN_POINT ( 'NONE',  ( 1662.750507084111400, 2011.653578014062800, 111.2089465294590800 ) ) ;
#1683 = CARTESIAN_POINT ( 'NONE',  ( 1708.242522027250700, 2037.400372413906800, -78.71955347054094400 ) ) ;
#1684 = ORIENTED_EDGE ( 'NONE', *, *, #4846, .F. ) ;
#1685 = CARTESIAN_POINT ( 'NONE',  ( 1561.600853214999900, 1909.412613661887200, -78.40205347054087800 ) ) ;
#1686 = CARTESIAN_POINT ( 'NONE',  ( 1656.499989384793500, 1982.699832439667000, -46.85265347054798500 ) ) ;
#1687 = CARTESIAN_POINT ( 'NONE',  ( 1514.183644701433000, 1982.009501686641900, 120.7339465294590900 ) ) ;
#1688 = DIRECTION ( 'NONE',  ( 2.585448573939126000E-014, -1.000000000000000000, 0.0000000000000000000 ) ) ;
#1689 = ORIENTED_EDGE ( 'NONE', *, *, #2378, .T. ) ;
#1690 = EDGE_CURVE ( 'NONE', #970, #5737, #5401, .T. ) ;
#1691 = ORIENTED_EDGE ( 'NONE', *, *, #4391, .T. ) ;
#1692 = CARTESIAN_POINT ( 'NONE',  ( 1635.132814402528800, 1906.139179349778900, 120.7339465294591000 ) ) ;
#1693 = AXIS2_PLACEMENT_3D ( 'NONE', #702, #22, #6038 ) ;
#1694 = CARTESIAN_POINT ( 'NONE',  ( 1722.001330402814100, 1881.785922692288100, -64.02658624775773400 ) ) ;
#1695 = CARTESIAN_POINT ( 'NONE',  ( 1767.629999349614800, 1957.638158322150000, 79.18946644530690500 ) ) ;
#1696 = EDGE_LOOP ( 'NONE', ( #5066, #6052, #5518, #5788 ) ) ;
#1697 = CARTESIAN_POINT ( 'NONE',  ( 1603.627878897755200, 2052.804826860920500, 111.2089465294590800 ) ) ;
#1698 = FACE_BOUND ( 'NONE', #5126, .T. ) ;
#1699 = CARTESIAN_POINT ( 'NONE',  ( 1526.281177229577500, 1920.466667573955000, 120.7339465294590900 ) ) ;
#1700 = CARTESIAN_POINT ( 'NONE',  ( 1591.999999384806000, 1969.999832439667200, -66.99431679045453300 ) ) ;
#1701 = CARTESIAN_POINT ( 'NONE',  ( 1596.424267776683800, 1966.432796570805300, 120.7339465294590900 ) ) ;
#1702 = CARTESIAN_POINT ( 'NONE',  ( 1591.999999384806000, 1969.999832439667200, 120.7339465294591200 ) ) ;
#1703 = CARTESIAN_POINT ( 'NONE',  ( 1568.605770185264600, 1916.186654244356500, -78.40205347054089200 ) ) ;
#1704 = ORIENTED_EDGE ( 'NONE', *, *, #237, .T. ) ;
#1705 = DIRECTION ( 'NONE',  ( 0.0000000000000000000, 0.0000000000000000000, -1.000000000000000000 ) ) ;
#1706 = LINE ( 'NONE', #1024, #1037 ) ;
#1707 = ADVANCED_FACE ( 'NONE', ( #3502 ), #5508, .F. ) ;
#1708 = CARTESIAN_POINT ( 'NONE',  ( 1767.629999349615400, 2031.125034403831700, -51.46607236013041100 ) ) ;
#1709 = CARTESIAN_POINT ( 'NONE',  ( 1606.061031962260400, 2026.973876884041800, -78.40205347054092000 ) ) ;
#1710 = CARTESIAN_POINT ( 'NONE',  ( 1743.499999349615100, 1904.519970231427800, 87.39644652945924000 ) ) ;
#1711 = CARTESIAN_POINT ( 'NONE',  ( 1672.811462886091900, 1958.870003092954200, 120.7339465294591000 ) ) ;
#1712 = CARTESIAN_POINT ( 'NONE',  ( 1566.822500187680100, 1998.703869968956300, -51.92255347054098300 ) ) ;
#1713 = CARTESIAN_POINT ( 'NONE',  ( 1745.341679648651300, 1939.007063919847700, -90.78455347054089900 ) ) ;
#1714 = CARTESIAN_POINT ( 'NONE',  ( 1592.745117049005600, 1975.679372321596500, 111.2089465294590800 ) ) ;
#1715 = LINE ( 'NONE', #1032, #1600 ) ;
#1716 = ADVANCED_FACE ( 'NONE', ( #2079 ), #5534, .F. ) ;
#1717 = DIRECTION ( 'NONE',  ( -0.0000000000000000000, 0.0000000000000000000, -1.000000000000000000 ) ) ;
#1718 = CARTESIAN_POINT ( 'NONE',  ( 1607.803320845567000, 2045.663768981678200, 120.7339465294590900 ) ) ;
#1719 = ORIENTED_EDGE ( 'NONE', *, *, #4382, .F. ) ;
#1720 = AXIS2_PLACEMENT_3D ( 'NONE', #5120, #4426, #3728 ) ;
#1721 = EDGE_CURVE ( 'NONE', #4354, #3352, #5428, .T. ) ;
#1722 = CARTESIAN_POINT ( 'NONE',  ( 1723.805655665700200, 2059.572958409285100, 62.41030912572963300 ) ) ;
#1723 = LINE ( 'NONE', #1044, #50 ) ;
#1724 = AXIS2_PLACEMENT_3D ( 'NONE', #4494, #3796, #3125 ) ;
#1725 = CARTESIAN_POINT ( 'NONE',  ( 1722.101251316231800, 2058.332899651142300, -63.86279110240330700 ) ) ;
#1726 = ORIENTED_EDGE ( 'NONE', *, *, #5911, .T. ) ;
#1727 = EDGE_LOOP ( 'NONE', ( #2245, #881, #4254, #2103 ) ) ;
#1728 = DIRECTION ( 'NONE',  ( -1.292724286969563000E-014, -1.000000000000000000, 0.0000000000000000000 ) ) ;
#1729 = VECTOR ( 'NONE', #3024, 1000.000000000000000 ) ;
#1730 = DIRECTION ( 'NONE',  ( 0.0000000000000000000, 0.0000000000000000000, 1.000000000000000000 ) ) ;
#1731 = CARTESIAN_POINT ( 'NONE',  ( 1524.065183443419300, 1929.368510338442100, 120.7339465294591200 ) ) ;
#1732 = DIRECTION ( 'NONE',  ( 0.0000000000000000000, 0.0000000000000000000, 1.000000000000000000 ) ) ;
#1733 = VERTEX_POINT ( 'NONE', #1066 ) ;
#1734 = CARTESIAN_POINT ( 'NONE',  ( 1574.618405964109100, 2033.429502162202900, -78.40205347054089200 ) ) ;
#1735 = VECTOR ( 'NONE', #6225, 1000.000000000000000 ) ;
#1736 = CARTESIAN_POINT ( 'NONE',  ( 1641.404582447865300, 1904.818559859827700, 111.2089465294591300 ) ) ;
#1737 = CARTESIAN_POINT ( 'NONE',  ( 1767.629999349615200, 1897.603433029869200, -33.95840776726820600 ) ) ;
#1738 = ADVANCED_FACE ( 'NONE', ( #2586 ), #905, .F. ) ;
#1739 = CARTESIAN_POINT ( 'NONE',  ( 1588.347593682534600, 1965.650271547051300, 120.7339465294591500 ) ) ;
#1740 = DIRECTION ( 'NONE',  ( -1.000000000000000000, -0.0000000000000000000, -0.0000000000000000000 ) ) ;
#1741 = CARTESIAN_POINT ( 'NONE',  ( 1544.245238537767600, 1935.909932722953300, -78.40205347054089200 ) ) ;
#1742 = CARTESIAN_POINT ( 'NONE',  ( 1707.939999349614900, 2049.213607247534100, 76.98494652945909400 ) ) ;
#1743 = EDGE_CURVE ( 'NONE', #4335, #1369, #5709, .T. ) ;
#1744 = CARTESIAN_POINT ( 'NONE',  ( 1767.629999349615000, 2005.177223167479300, -71.70346582728744500 ) ) ;
#1745 = CARTESIAN_POINT ( 'NONE',  ( 1637.456305003472600, 2007.103855230708400, -78.40205347054089200 ) ) ;
#1746 = LINE ( 'NONE', #379, #5847 ) ;
#1747 = CARTESIAN_POINT ( 'NONE',  ( 1637.523665793330300, 1902.019912898650100, 111.2089465294590800 ) ) ;
#1748 = CARTESIAN_POINT ( 'NONE',  ( 1587.281531697171700, 1973.163467555502600, 120.7339465294590900 ) ) ;
#1749 = CARTESIAN_POINT ( 'NONE',  ( 1767.629999349615400, 2005.024131372211500, 72.07309377555398600 ) ) ;
#1750 = CARTESIAN_POINT ( 'NONE',  ( 1767.629999349615000, 1913.617210380635000, -84.85255371288668900 ) ) ;
#1751 = CARTESIAN_POINT ( 'NONE',  ( 1549.583999971315700, 2034.518042069529000, 111.2089465294591100 ) ) ;
#1752 = CARTESIAN_POINT ( 'NONE',  ( 1514.614990630165300, 1989.875454017558900, 111.2089465294591100 ) ) ;
#1753 = ORIENTED_EDGE ( 'NONE', *, *, #4916, .T. ) ;
#1754 = EDGE_CURVE ( 'NONE', #5563, #678, #275, .T. ) ;
#1755 = CARTESIAN_POINT ( 'NONE',  ( 1656.900323962738400, 2019.120713883727600, 120.7339465294591000 ) ) ;
#1756 = ADVANCED_FACE ( 'NONE', ( #3628 ), #1553, .T. ) ;
#1757 = CARTESIAN_POINT ( 'NONE',  ( 1617.191139862085000, 2013.622776295143900, -53.00205347054087900 ) ) ;
#1758 = VERTEX_POINT ( 'NONE', #5548 ) ;
#1759 = CARTESIAN_POINT ( 'NONE',  ( 1650.680499280441200, 1982.699832439667900, -55.95615195926799900 ) ) ;
#1760 = B_SPLINE_CURVE_WITH_KNOTS ( 'NONE', 3,
 ( #2636, #1954, #1263, #577 ),
 .UNSPECIFIED., .F., .F.,
 ( 4, 4 ),
 ( 0.9161372888574818000, 1.000000000000000000 ),
 .UNSPECIFIED. ) ;
#1761 = CARTESIAN_POINT ( 'NONE',  ( 1668.082329017714800, 1952.013169273840000, 120.7339465294590900 ) ) ;
#1762 = PERSON_AND_ORGANIZATION ( #3143, #4345 ) ;
#1763 = CARTESIAN_POINT ( 'NONE',  ( 1522.036788287072300, 1928.986297895073700, 111.2089465294591300 ) ) ;
#1764 = ORIENTED_EDGE ( 'NONE', *, *, #1811, .F. ) ;
#1765 = FACE_OUTER_BOUND ( 'NONE', #317, .T. ) ;
#1766 = ORIENTED_EDGE ( 'NONE', *, *, #1221, .F. ) ;
#1767 = EDGE_CURVE ( 'NONE', #6220, #3649, #4866, .T. ) ;
#1768 = CARTESIAN_POINT ( 'NONE',  ( 1508.850446848601500, 1991.492705980191200, 111.2089465294591000 ) ) ;
#1769 = CYLINDRICAL_SURFACE ( 'NONE', #1601, 49.99999980000047400 ) ;
#1770 = CARTESIAN_POINT ( 'NONE',  ( 1632.790930173647000, 1901.468540954156200, 120.7339465294590900 ) ) ;
#1771 = LINE ( 'NONE', #1090, #1054 ) ;
#1772 = CARTESIAN_POINT ( 'NONE',  ( 1566.822500187679900, 1998.703869968955600, 28.72244652945910900 ) ) ;
#1773 = ORIENTED_EDGE ( 'NONE', *, *, #389, .T. ) ;
#1774 = ORIENTED_EDGE ( 'NONE', *, *, #3812, .F. ) ;
#1775 = CARTESIAN_POINT ( 'NONE',  ( 1534.846332812965100, 2008.013952612911700, -78.40205347054090600 ) ) ;
#1776 = EDGE_CURVE ( 'NONE', #5530, #956, #2826, .T. ) ;
#1777 = CARTESIAN_POINT ( 'NONE',  ( 1573.896586863963000, 1894.032867932954600, 120.7339465294591200 ) ) ;
#1778 = CARTESIAN_POINT ( 'NONE',  ( 1767.629999349614800, 1892.436321279738400, 19.74111740046850000 ) ) ;
#1779 = CARTESIAN_POINT ( 'NONE',  ( 1796.839999349615300, 1969.999832439667400, -79.85255331776186000 ) ) ;
#1780 = PLANE ( 'NONE',  #4590 ) ;
#1781 = ORIENTED_EDGE ( 'NONE', *, *, #3847, .F. ) ;
#1782 = VECTOR ( 'NONE', #5886, 1000.000000000000000 ) ;
#1783 = CARTESIAN_POINT ( 'NONE',  ( 1707.833264983517000, 2032.843145084918400, -90.78455347054094200 ) ) ;
#1784 = CARTESIAN_POINT ( 'NONE',  ( 1561.337886511878900, 1930.032475467609600, -53.00205347054088600 ) ) ;
#1785 = ADVANCED_FACE ( 'NONE', ( #216 ), #1780, .F. ) ;
#1786 = CARTESIAN_POINT ( 'NONE',  ( 1677.045253992959000, 1958.037543000164500, 111.2089465294591000 ) ) ;
#1787 = CARTESIAN_POINT ( 'NONE',  ( 1743.499999349615100, 2054.999832580420800, -56.23517568272971800 ) ) ;
#1788 = B_SPLINE_CURVE_WITH_KNOTS ( 'NONE', 3,
 ( #1152, #468, #6480, #5791, #5119, #4424, #3727, #3054, #2356, #1674 ),
 .UNSPECIFIED., .F., .F.,
 ( 4, 2, 2, 2, 4 ),
 ( 0.4275307349709649400, 0.5706480512282237100, 0.7137653674854824700, 0.8568826837427412400, 1.000000000000000000 ),
 .UNSPECIFIED. ) ;
#1789 = CARTESIAN_POINT ( 'NONE',  ( 1643.612895194726900, 1942.093787259153900, -78.40205347054092000 ) ) ;
#1790 = EDGE_LOOP ( 'NONE', ( #226, #5567 ) ) ;
#1791 = CARTESIAN_POINT ( 'NONE',  ( 1594.622012246567500, 1975.038069879006600, 120.7339465294591200 ) ) ;
#1792 = CARTESIAN_POINT ( 'NONE',  ( 1767.629999349615700, 2032.676606993576100, 49.90210757768863900 ) ) ;
#1793 = ORIENTED_EDGE ( 'NONE', *, *, #3041, .T. ) ;
#1794 = CARTESIAN_POINT ( 'NONE',  ( 1767.629999349615400, 1962.467130000944300, -79.50588511322273200 ) ) ;
#1795 = CARTESIAN_POINT ( 'NONE',  ( 1538.628449025319500, 1994.375778175915500, -78.40205347054090600 ) ) ;
#1796 = CARTESIAN_POINT ( 'NONE',  ( 1633.568881668640600, 1899.377410629308300, 111.2089465294590800 ) ) ;
#1797 = ADVANCED_FACE ( 'NONE', ( #3072 ), #5487, .T. ) ;
#1798 = CARTESIAN_POINT ( 'NONE',  ( 1724.120146858900600, 1880.300793789478100, 62.22873570805179400 ) ) ;
#1799 = ORIENTED_EDGE ( 'NONE', *, *, #2476, .T. ) ;
#1800 = CARTESIAN_POINT ( 'NONE',  ( 1571.387085466674100, 1890.715067706025800, 120.7339465294590900 ) ) ;
#1801 = CARTESIAN_POINT ( 'NONE',  ( 1725.407047611449100, 1880.013331947005300, -61.51641918438653500 ) ) ;
#1802 = ORIENTED_EDGE ( 'NONE', *, *, #6513, .F. ) ;
#1803 = VERTEX_POINT ( 'NONE', #3678 ) ;
#1804 = CARTESIAN_POINT ( 'NONE',  ( 1587.037798440948100, 1967.137911953523600, 111.2089465294590800 ) ) ;
#1805 = CARTESIAN_POINT ( 'NONE',  ( 1662.051888306379900, 2011.267062434615800, 120.7339465294591000 ) ) ;
#1806 = CARTESIAN_POINT ( 'NONE',  ( 1767.629999349615000, 1913.617209437741600, 85.14744614636023800 ) ) ;
#1807 = ORIENTED_EDGE ( 'NONE', *, *, #1167, .F. ) ;
#1808 = EDGE_CURVE ( 'NONE', #2047, #2365, #2997, .T. ) ;
#1809 = CARTESIAN_POINT ( 'NONE',  ( 1642.799999384806100, 1969.999832439667400, 28.72244652945910600 ) ) ;
#1810 = B_SPLINE_CURVE_WITH_KNOTS ( 'NONE', 3,
 ( #5584, #4898, #4210, #3526 ),
 .UNSPECIFIED., .F., .F.,
 ( 4, 4 ),
 ( 0.0000000000000000000, 1.000000000000000000 ),
 .UNSPECIFIED. ) ;
#1811 = EDGE_CURVE ( 'NONE', #4676, #6705, #247, .T. ) ;
#1812 = CARTESIAN_POINT ( 'NONE',  ( 1506.985329787769200, 1982.177584831083100, 111.2089465294590800 ) ) ;
#1813 = CARTESIAN_POINT ( 'NONE',  ( 1558.430000455304900, 2008.271882478720000, 28.72244652945910200 ) ) ;
#1814 = PLANE ( 'NONE',  #5038 ) ;
#1815 = ORIENTED_EDGE ( 'NONE', *, *, #2957, .T. ) ;
#1816 = FACE_OUTER_BOUND ( 'NONE', #4487, .T. ) ;
#1817 = VERTEX_POINT ( 'NONE', #4897 ) ;
#1818 = CARTESIAN_POINT ( 'NONE',  ( 1555.118565069873500, 1960.121166579469400, 28.72244652945910600 ) ) ;
#1819 = VECTOR ( 'NONE', #1359, 1000.000000000000000 ) ;
#1820 = CARTESIAN_POINT ( 'NONE',  ( 1580.078475385180100, 1892.334076952326300, 120.7339465294591000 ) ) ;
#1821 = CARTESIAN_POINT ( 'NONE',  ( 1767.629999349615400, 1913.888460580317100, 57.17741520408647200 ) ) ;
#1822 = CARTESIAN_POINT ( 'NONE',  ( 1796.839999349615300, 1959.527986417815300, 79.63175934731057700 ) ) ;
#1823 = CARTESIAN_POINT ( 'NONE',  ( 1767.629999349615000, 2026.382454498699900, -84.85255371288650400 ) ) ;
#1824 = CARTESIAN_POINT ( 'NONE',  ( 1578.498092979527900, 1906.498855844674800, -114.5970534705408700 ) ) ;
#1825 = VECTOR ( 'NONE', #2764, 1000.000000000000000 ) ;
#1826 = CARTESIAN_POINT ( 'NONE',  ( 1748.178230185554200, 1949.953952068518900, -114.5970534705409800 ) ) ;
#1827 = VERTEX_POINT ( 'NONE', #4209 ) ;
#1828 = CARTESIAN_POINT ( 'NONE',  ( 1546.013382530936700, 2033.463284125542500, 120.7339465294591000 ) ) ;
#1829 = CARTESIAN_POINT ( 'NONE',  ( 1558.782485444064600, 2007.870025953309800, -53.00205347054088600 ) ) ;
#1830 = VECTOR ( 'NONE', #5080, 1000.000000000000000 ) ;
#1831 = AXIS2_PLACEMENT_3D ( 'NONE', #2538, #1848, #1160 ) ;
#1832 = CARTESIAN_POINT ( 'NONE',  ( 1617.069120841039000, 1916.950975679342900, -78.40205347054090600 ) ) ;
#1833 = CARTESIAN_POINT ( 'NONE',  ( 1718.902104555192000, 2054.622374639638100, 68.99723923276275200 ) ) ;
#1834 = ADVANCED_FACE ( 'NONE', ( #1816 ), #937, .F. ) ;
#1835 = CARTESIAN_POINT ( 'NONE',  ( 1796.839999349615000, 2033.608442364715100, 48.94662978732167600 ) ) ;
#1836 = CARTESIAN_POINT ( 'NONE',  ( 1767.629999349614500, 2049.324990288000200, 10.51865756123386400 ) ) ;
#1837 = CARTESIAN_POINT ( 'NONE',  ( 1767.629999349614800, 1928.491539755890000, -68.24161114432107000 ) ) ;
#1838 = CARTESIAN_POINT ( 'NONE',  ( 1560.564420803320200, 2019.543344831274200, -78.40205347054087800 ) ) ;
#1839 = B_SPLINE_CURVE_WITH_KNOTS ( 'NONE', 3,
 ( #3208, #2521, #1833, #1147, #463, #6475, #5784, #5113, #4418, #3720, #3048, #2350, #1668, #985, #294, #6314 ),
 .UNSPECIFIED., .F., .F.,
 ( 4, 2, 2, 2, 2, 2, 2, 4 ),
 ( 0.0000000000000000000, 0.004182382388552464600, 0.006273573582828709100, 0.008364764777104955300, 0.01254714716565638900, 0.01359274276279475200, 0.01463833835993311700, 0.01672952955421045500 ),
 .UNSPECIFIED. ) ;
#1840 = CARTESIAN_POINT ( 'NONE',  ( 1767.629999349615000, 2054.999832580420400, 56.53006874164918800 ) ) ;
#1841 = CARTESIAN_POINT ( 'NONE',  ( 1531.051787636781000, 1999.611591998264400, -114.5970534705409600 ) ) ;
#1842 = ADVANCED_FACE ( 'NONE', ( #4763 ), #1460, .F. ) ;
#1843 = DIRECTION ( 'NONE',  ( -0.0000000000000000000, 0.0000000000000000000, -1.000000000000000000 ) ) ;
#1844 = CARTESIAN_POINT ( 'NONE',  ( 1700.546740700587600, 2033.614509788567800, -78.40205347054089200 ) ) ;
#1845 = ORIENTED_EDGE ( 'NONE', *, *, #4526, .T. ) ;
#1846 = ORIENTED_EDGE ( 'NONE', *, *, #4398, .T. ) ;
#1847 = CARTESIAN_POINT ( 'NONE',  ( 1655.591296051045400, 2014.113642434152600, 120.7339465294590900 ) ) ;
#1848 = DIRECTION ( 'NONE',  ( 0.0000000000000000000, -1.000000000000000000, 0.0000000000000000000 ) ) ;
#1849 = VERTEX_POINT ( 'NONE', #5420 ) ;
#1850 = CARTESIAN_POINT ( 'NONE',  ( 1551.093416623343300, 1914.677970702140300, -78.40205347054090600 ) ) ;
#1851 = CARTESIAN_POINT ( 'NONE',  ( 1526.281177229577500, 1920.466667573955000, 111.2089465294590800 ) ) ;
#1852 = CARTESIAN_POINT ( 'NONE',  ( 1516.027054230848800, 1984.095581547895100, 120.7339465294590900 ) ) ;
#1853 = DIRECTION ( 'NONE',  ( -0.7071062811856051500, 0.0000000000000000000, -0.7071072811871363900 ) ) ;
#1854 = ORIENTED_EDGE ( 'NONE', *, *, #3798, .F. ) ;
#1855 = EDGE_CURVE ( 'NONE', #3827, #2656, #4739, .T. ) ;
#1856 = VERTEX_POINT ( 'NONE', #1989 ) ;
#1857 = CARTESIAN_POINT ( 'NONE',  ( 1633.145318035300100, 1903.879444695192700, 120.7339465294590900 ) ) ;
#1858 = CARTESIAN_POINT ( 'NONE',  ( 1625.217513325547500, 1932.129638926024900, -53.00205347054088600 ) ) ;
#1859 = ADVANCED_FACE ( 'NONE', ( #254 ), #2670, .F. ) ;
#1860 = CARTESIAN_POINT ( 'NONE',  ( 1767.629999349614300, 1946.648442190779400, 76.66448611865206400 ) ) ;
#1861 = VERTEX_POINT ( 'NONE', #5942 ) ;
#1862 = DIRECTION ( 'NONE',  ( 0.0000000000000000000, 0.0000000000000000000, -1.000000000000000000 ) ) ;
#1863 = CARTESIAN_POINT ( 'NONE',  ( 1528.423362505415300, 1922.972304454536900, 120.7339465294590900 ) ) ;
#1864 = CARTESIAN_POINT ( 'NONE',  ( 1516.111260952126300, 1987.863372363596900, 120.7339465294590900 ) ) ;
#1865 = CARTESIAN_POINT ( 'NONE',  ( 1597.453931734947900, 1968.414700763983300, 120.7339465294590900 ) ) ;
#1866 = DIRECTION ( 'NONE',  ( 0.0000000000000000000, 1.000000000000000000, 0.0000000000000000000 ) ) ;
#1867 = CARTESIAN_POINT ( 'NONE',  ( 1579.402276247766800, 1912.693555261455900, -78.40205347054087800 ) ) ;
#1868 = CARTESIAN_POINT ( 'NONE',  ( 1707.939999349615200, 1890.774118117580900, 81.10570030930101400 ) ) ;
#1869 = CYLINDRICAL_SURFACE ( 'NONE', #1347, 10.02996768940800400 ) ;
#1870 = DIRECTION ( 'NONE',  ( -1.000000000000000000, 0.0000000000000000000, 0.0000000000000000000 ) ) ;
#1871 = CARTESIAN_POINT ( 'NONE',  ( 1767.629999349615000, 2037.272082442608500, -43.15958674563146500 ) ) ;
#1872 = VECTOR ( 'NONE', #2437, 1000.000000000000000 ) ;
#1873 = CARTESIAN_POINT ( 'NONE',  ( 1598.409318673470400, 2028.322874815350600, -78.40205347054092000 ) ) ;
#1874 = CARTESIAN_POINT ( 'NONE',  ( 1629.854403436599800, 1965.012615762236200, -51.92255347054099700 ) ) ;
#1875 = CARTESIAN_POINT ( 'NONE',  ( 1671.122478099716300, 1958.738442376062000, 120.7339465294591200 ) ) ;
#1876 = CARTESIAN_POINT ( 'NONE',  ( 1698.333793330088600, 2030.007741359838300, -78.40205347054087800 ) ) ;
#1877 = EDGE_CURVE ( 'NONE', #3376, #2341, #4369, .T. ) ;
#1878 = VERTEX_POINT ( 'NONE', #453 ) ;
#1879 = DIRECTION ( 'NONE',  ( 1.000000000000000000, -0.0000000000000000000, 0.0000000000000000000 ) ) ;
#1880 = CARTESIAN_POINT ( 'NONE',  ( 1541.199999384805800, 1969.999832439667200, 66.82244652945908600 ) ) ;
#1881 = VERTEX_POINT ( 'NONE', #6465 ) ;
#1882 = CARTESIAN_POINT ( 'NONE',  ( 1551.275933999095300, 2038.192701160191700, 120.7339465294591000 ) ) ;
#1883 = CARTESIAN_POINT ( 'NONE',  ( 1609.788844011687600, 2046.021229963781900, 120.7339465294591200 ) ) ;
#1884 = VERTEX_POINT ( 'NONE', #5778 ) ;
#1885 = ADVANCED_FACE ( 'NONE', ( #4072 ), #1139, .F. ) ;
#1886 = CARTESIAN_POINT ( 'NONE',  ( 1725.092319386892300, 2059.946233894469100, 61.86977460931554900 ) ) ;
#1887 = CARTESIAN_POINT ( 'NONE',  ( 1633.568881668640600, 1899.377410629308300, 120.7339465294590900 ) ) ;
#1888 = CARTESIAN_POINT ( 'NONE',  ( 1713.435310878016700, 1982.699832439667300, -78.40205347054087800 ) ) ;
#1889 = CARTESIAN_POINT ( 'NONE',  ( 1657.387965899884600, 1982.699832439666800, -5.861843535416717500 ) ) ;
#1890 = ORIENTED_EDGE ( 'NONE', *, *, #5196, .F. ) ;
#1891 = EDGE_CURVE ( 'NONE', #6020, #589, #3037, .T. ) ;
#1892 = ORIENTED_EDGE ( 'NONE', *, *, #4846, .T. ) ;
#1893 = CARTESIAN_POINT ( 'NONE',  ( 1633.309454615028900, 1899.765670652788200, 111.2089465294591100 ) ) ;
#1894 = CARTESIAN_POINT ( 'NONE',  ( 1578.498092979527900, 1906.498855844674800, -78.40205347054089200 ) ) ;
#1895 = CARTESIAN_POINT ( 'NONE',  ( 1591.999999384806000, 1969.999832439667200, 87.14744652945916000 ) ) ;
#1896 = ORIENTED_EDGE ( 'NONE', *, *, #167, .T. ) ;
#1897 = FACE_OUTER_BOUND ( 'NONE', #5365, .T. ) ;
#1898 = B_SPLINE_CURVE_WITH_KNOTS ( 'NONE', 3,
 ( #1330, #643, #6669, #5978, #5294, #4612, #3914, #3233, #2547, #1857, #1169, #486, #6498, #5810, #5139, #4444, #3744, #3074, #2375, #1692, #1011, #321, #6337, #5660, #4972, #4279, #3594, #2900, #2220, #1536, #842, #153, #6181, #5489, #4806, #4123, #3428, #2736, #2061, #1366, #679 ),
 .UNSPECIFIED., .F., .F.,
 ( 4, 2, 2, 2, 2, 2, 1, 2, 2, 1, 2, 2, 1, 2, 2, 2, 2, 2, 1, 2, 2, 1, 4 ),
 ( 0.1866093702914876900, 0.2120278274699883300, 0.2374462846484889400, 0.2882831990054495200, 0.3009924275946666600, 0.3137016561838837900, 0.3391201133623181800, 0.3645385705407525000, 0.3772477991299403300, 0.3899570277191282100, 0.4916308564326672400, 0.5424677707894179900, 0.5933046851461685200, 0.6187231423245439500, 0.6441415995029192700, 0.6949785138596699100, 0.7966523425731273400, 0.8220707997514916700, 0.8474892569298559900, 0.8729077141082204300, 0.8856169426973989900, 0.8983261712865774400, 1.000000000000000000 ),
 .UNSPECIFIED. ) ;
#1899 = CARTESIAN_POINT ( 'NONE',  ( 1578.711964001447100, 1893.773221014289900, 111.2089465294591000 ) ) ;
#1900 = AXIS2_PLACEMENT_3D ( 'NONE', #6234, #5542, #4861 ) ;
#1901 = CARTESIAN_POINT ( 'NONE',  ( 1634.459221396683200, 1905.694571989316000, 111.2089465294591100 ) ) ;
#1902 = VERTEX_POINT ( 'NONE', #287 ) ;
#1903 = CARTESIAN_POINT ( 'NONE',  ( 1767.629999349614500, 1903.354595882699600, -44.13351520980173600 ) ) ;
#1904 = CARTESIAN_POINT ( 'NONE',  ( 1590.053715997321200, 1964.655377829774100, 120.7339465294590900 ) ) ;
#1905 = CARTESIAN_POINT ( 'NONE',  ( 1704.773951855057900, 1902.316709324570400, -78.71955347054093000 ) ) ;
#1906 = CARTESIAN_POINT ( 'NONE',  ( 1551.721923156595000, 1927.334673804230500, -78.40205347054087800 ) ) ;
#1907 = LINE ( 'NONE', #536, #1558 ) ;
#1908 = CYLINDRICAL_SURFACE ( 'NONE', #2085, 79.99999984722097700 ) ;
#1909 = EDGE_CURVE ( 'NONE', #5099, #2861, #976, .T. ) ;
#1910 = CARTESIAN_POINT ( 'NONE',  ( 1767.629999349615000, 2011.785835291582800, -68.07235493713182000 ) ) ;
#1911 = CARTESIAN_POINT ( 'NONE',  ( 1630.666170382154000, 2014.132230883118400, -78.40205347054087800 ) ) ;
#1912 = CARTESIAN_POINT ( 'NONE',  ( 1571.387085466673900, 1890.715067706025800, 111.2089465294590800 ) ) ;
#1913 = AXIS2_PLACEMENT_3D ( 'NONE', #4003, #3309, #2623 ) ;
#1914 = CARTESIAN_POINT ( 'NONE',  ( 1658.243364059386100, 2011.211832636734900, 111.2089465294591100 ) ) ;
#1915 = CARTESIAN_POINT ( 'NONE',  ( 1586.485525951436300, 1971.362505267267600, 120.7339465294590900 ) ) ;
#1916 = VERTEX_POINT ( 'NONE', #4244 ) ;
#1917 = CARTESIAN_POINT ( 'NONE',  ( 1767.629999349615000, 1992.382812928529800, 76.95241021257987800 ) ) ;
#1918 = VECTOR ( 'NONE', #4540, 1000.000000000000000 ) ;
#1919 = VECTOR ( 'NONE', #927, 1000.000000000000000 ) ;
#1920 = CARTESIAN_POINT ( 'NONE',  ( 1743.499999349615100, 2059.999879739975800, -1.159510470540900500 ) ) ;
#1921 = CARTESIAN_POINT ( 'NONE',  ( 1579.930385368025100, 1884.969743206749900, 120.7339465294591000 ) ) ;
#1922 = CARTESIAN_POINT ( 'NONE',  ( 1643.023477399990000, 1957.299832439667600, -56.85265513870663100 ) ) ;
#1923 = VERTEX_POINT ( 'NONE', #3564 ) ;
#1924 = B_SPLINE_CURVE_WITH_KNOTS ( 'NONE', 3,
 ( #3616, #2922, #2239, #1554, #863, #176, #6203, #5511, #4829, #4144, #3448, #2757, #2081, #1386, #701, #21, #6037, #5350, #4670, #3979, #3288, #2600, #1917, #1228, #544, #6558, #5871, #5198, #4503, #3807, #3133, #2441, #1749, #1069, #382, #6399, #5713, #5036, #4344, #3651, #2967, #2279, #1591, #906, #217, #6242, #5552, #4869, #4179, #3490, #2800, #2120, #1428, #743, #59, #6077, #5390, #4711, #4019, #3329, #2641, #1959, #1268, #581, #6602, #5912, #5234, #4546, #3850, #3171, #2483, #1792, #1109, #423, #6436, #5750, #5077, #4383, #3689, #3007, #2316, #1629, #945, #255, #6279, #5594, #4906, #4218, #3534, #2839, #2158, #1469, #783, #96, #6116, #5434, #4749, #4062, #3367, #2679, #2001, #1308, #621, #6646, #5954, #5274, #4584, #3889, #3210, #2524, #1836, #1149, #465, #6477, #5787, #5116, #4421, #3723, #3051, #2353, #1670, #987, #297, #6316, #5639, #4950, #4257, #3576, #2878, #2195, #1513, #819, #131, #6160, #5469, #4786, #4103, #3407, #2715, #2038, #1344, #657, #6687, #5995, #5309, #4626, #3931, #3247, #2562, #1871, #1187, #502, #6514, #5825, #5153, #4459, #3760, #3088, #2394, #1708, #1025, #337, #6352, #5674, #4989, #4295, #3609, #2916, #2233, #1548, #855, #169, #6197, #5504, #4822, #4137, #3442, #2750, #2074, #1381, #695, #12, #6031, #5344, #4662, #3972, #3282, #2593, #1910, #1222, #537, #6551, #5864, #5190, #4495, #3799, #3127, #2434, #1744, #1062, #377, #6392, #5706, #5028, #4338, #3645, #2958, #2272, #1585, #900, #208, #6236, #5544, #4862, #4174, #3482, #2793, #2113, #1420, #734, #51, #6070, #5384, #4705, #4014, #3321, #2633 ),
 .UNSPECIFIED., .F., .F.,
 ( 4, 1, 1, 1, 1, 1, 1, 1, 2, 2, 1, 1, 1, 1, 1, 1, 1, 2, 2, 1, 1, 1, 1, 1, 1, 1, 2, 2, 1, 1, 1, 1, 1, 2, 2, 1, 1, 1, 1, 1, 2, 2, 1, 1, 1, 1, 1, 2, 2, 1, 1, 1, 1, 1, 2, 2, 1, 1, 1, 1, 1, 2, 2, 1, 1, 1, 1, 1, 2, 2, 1, 1, 1, 1, 1, 2, 2, 1, 1, 1, 1, 2, 2, 1, 1, 1, 2, 2, 2, 1, 1, 1, 2, 2, 1, 1, 1, 1, 2, 2, 1, 1, 1, 1, 1, 2, 2, 1, 1, 1, 1, 1, 2, 2, 1, 1, 1, 1, 1, 2, 2, 1, 1, 1, 1, 1, 2, 2, 1, 1, 1, 1, 1, 2, 2, 1, 1, 1, 1, 1, 2, 2, 1, 1, 1, 1, 1, 2, 2, 1, 1, 1, 1, 1, 1, 2, 2, 1, 1, 1, 1, 1, 1, 1, 2, 2, 1, 1, 1, 1, 1, 1, 1, 2, 2, 4 ),
 ( 0.0000000000000000000, 0.03124999999859267400, 0.04687499999788901500, 0.05468749999753913500, 0.05859374999736417800, 0.06054687499727865600, 0.06152343749723589200, 0.06201171874721257700, 0.06225585937220285600, 0.06249999999719313400, 0.09374999999594928200, 0.1093749999953256700, 0.1171874999950138400, 0.1210937499948596100, 0.1230468749947824700, 0.1240234374947439000, 0.1245117187447262500, 0.1247558593697190900, 0.1249999999947119500, 0.1562499999939675800, 0.1718749999935982300, 0.1796874999934135700, 0.1835937499933184600, 0.1855468749932709100, 0.1865234374932499300, 0.1870117187432394400, 0.1872558593682369900, 0.1874999999932345200, 0.2031249999933545100, 0.2109374999934145500, 0.2148437499934445800, 0.2167968749934595400, 0.2177734374934670300, 0.2182617187434707200, 0.2187499999934743900, 0.2343749999935099700, 0.2421874999935277100, 0.2460937499935365900, 0.2480468749935432200, 0.2490234374935444100, 0.2495117187435449400, 0.2499999999935455000, 0.2656249999936318200, 0.2734374999936750000, 0.2773437499936947100, 0.2792968749937026500, 0.2802734374937047600, 0.2807617187437058100, 0.2812499999937068700, 0.2968749999937865800, 0.3046874999938264400, 0.3085937499938480300, 0.3105468749938588000, 0.3115234374938658500, 0.3120117187438693500, 0.3124999999938728500, 0.3281249999939883100, 0.3359374999940460400, 0.3398437499940749100, 0.3417968749940892800, 0.3427734374940951100, 0.3432617187440980000, 0.3437499999941008900, 0.3593749999942645300, 0.3671874999943463000, 0.3710937499943860500, 0.3730468749944069700, 0.3740234374944174700, 0.3745117187444216300, 0.3749999999944257400, 0.3906249999945571900, 0.3984374999946229100, 0.4023437499946557700, 0.4042968749946722600, 0.4052734374946797000, 0.4057617187446826400, 0.4062499999946855300, 0.4218749999947817300, 0.4296874999948304700, 0.4335937499948548400, 0.4355468749948670500, 0.4365234374948726000, 0.4374999999948781000, 0.4531249999949669100, 0.4609374999950117100, 0.4648437499950344200, 0.4667968749950455200, 0.4687499999950565700, 0.4999999999952403600, 0.5156249999953322900, 0.5234374999953781400, 0.5273437499954007900, 0.5292968749954120000, 0.5312499999954232200, 0.5468749999955107000, 0.5546874999955548900, 0.5585937499955768700, 0.5605468749955884200, 0.5615234374955941900, 0.5624999999955999600, 0.5781249999957004400, 0.5859374999957500700, 0.5898437499957741600, 0.5917968749957869300, 0.5927734374957925900, 0.5932617187457961400, 0.5937499999957996900, 0.6093749999959207100, 0.6171874999959812100, 0.6210937499960105200, 0.6230468749960241800, 0.6240234374960320600, 0.6245117187460359500, 0.6249999999960398300, 0.6406249999962012600, 0.6484374999962832000, 0.6523437499963240500, 0.6542968749963432600, 0.6552734374963529200, 0.6557617187463576900, 0.6562499999963624700, 0.6718749999964761500, 0.6796874999965330000, 0.6835937499965614200, 0.6855468749965741800, 0.6865234374965820700, 0.6870117187465876200, 0.6874999999965931700, 0.7031249999967719200, 0.7109374999968612900, 0.7148437499969059200, 0.7167968749969282300, 0.7177734374969412200, 0.7182617187469458900, 0.7187499999969505500, 0.7343749999970302600, 0.7421874999970701200, 0.7460937499970899900, 0.7480468749970999900, 0.7490234374971029800, 0.7495117187471044300, 0.7499999999971057600, 0.7656249999972131200, 0.7734374999972668500, 0.7773437499972937200, 0.7792968749973049300, 0.7802734374973128200, 0.7807617187473144800, 0.7812499999973160400, 0.7968749999974471500, 0.8046874999975126600, 0.8085937499975455200, 0.8105468749975645000, 0.8115234374975739400, 0.8120117187475784900, 0.8122558593725808200, 0.8124999999975831600, 0.8437499999979631800, 0.8593749999981518100, 0.8671874999982461800, 0.8710937499982933700, 0.8730468749983169000, 0.8740234374983285600, 0.8745117187483344400, 0.8747558593733373300, 0.8749999999983402200, 0.9062499999987125900, 0.9218749999989004400, 0.9296874999989943600, 0.9335937499990431000, 0.9355468749990673000, 0.9365234374990811800, 0.9370117187490864000, 0.9372558593740890600, 0.9374999999990917300, 1.000000000000000000 ),
 .UNSPECIFIED. ) ;
#1925 = CARTESIAN_POINT ( 'NONE',  ( 1655.660919188600500, 2017.309776884460000, 120.7339465294591000 ) ) ;
#1926 = CARTESIAN_POINT ( 'NONE',  ( 1591.999999384806000, 2020.266432439667100, -53.00205347054087900 ) ) ;
#1927 = VERTEX_POINT ( 'NONE', #2869 ) ;
#1928 = ADVANCED_FACE ( 'NONE', ( #2201 ), #4938, .T. ) ;
#1929 = CARTESIAN_POINT ( 'NONE',  ( 1648.726900755660800, 1982.699832439667300, -56.62588517008767800 ) ) ;
#1930 = CARTESIAN_POINT ( 'NONE',  ( 1669.861856516207800, 1950.075261473766200, 120.7339465294590900 ) ) ;
#1931 = APPROVAL_DATE_TIME ( #2615, #4747 ) ;
#1932 = CARTESIAN_POINT ( 'NONE',  ( 1521.292714283887300, 1928.559036044779100, 111.2089465294590800 ) ) ;
#1933 = EDGE_LOOP ( 'NONE', ( #3635, #2733, #5796, #1846, #5488 ) ) ;
#1934 = EDGE_CURVE ( 'NONE', #6122, #1733, #2888, .T. ) ;
#1935 = VERTEX_POINT ( 'NONE', #3397 ) ;
#1936 = CARTESIAN_POINT ( 'NONE',  ( 1604.074920101760000, 2047.663771029091800, 111.2089465294591000 ) ) ;
#1937 = CARTESIAN_POINT ( 'NONE',  ( 1731.721067369547200, 2059.999924541542400, -61.49656191792365000 ) ) ;
#1938 = CARTESIAN_POINT ( 'NONE',  ( 1528.554716268689200, 1925.737166591512500, 120.7339465294591000 ) ) ;
#1939 = CARTESIAN_POINT ( 'NONE',  ( 1591.999999384806000, 2028.673832439667400, -66.99431679045453300 ) ) ;
#1940 = ORIENTED_EDGE ( 'NONE', *, *, #2887, .T. ) ;
#1941 = ORIENTED_EDGE ( 'NONE', *, *, #5870, .F. ) ;
#1942 = CARTESIAN_POINT ( 'NONE',  ( 1542.835851869402400, 2018.622701974690500, -78.40205347054087800 ) ) ;
#1943 = EDGE_CURVE ( 'NONE', #603, #5149, #4091, .T. ) ;
#1944 = CARTESIAN_POINT ( 'NONE',  ( 1572.787672928502800, 1893.246464598506900, 120.7339465294591000 ) ) ;
#1945 = AXIS2_PLACEMENT_3D ( 'NONE', #2971, #2283, #1596 ) ;
#1946 = CARTESIAN_POINT ( 'NONE',  ( 1767.629999349615400, 1890.522686772949100, 9.281342584322361600 ) ) ;
#1947 = CARTESIAN_POINT ( 'NONE',  ( 1720.319122843558000, 1883.790507510601600, 66.99027639844571500 ) ) ;
#1948 = DIRECTION ( 'NONE',  ( 0.0000000000000000000, -1.000000000000000000, 0.0000000000000000000 ) ) ;
#1949 = CARTESIAN_POINT ( 'NONE',  ( 1533.916858415526300, 1961.690566995577000, -78.40205347054090600 ) ) ;
#1950 = DIRECTION ( 'NONE',  ( -1.000000000000000000, 0.0000000000000000000, 0.0000000000000000000 ) ) ;
#1951 = EDGE_CURVE ( 'NONE', #3696, #2341, #647, .T. ) ;
#1952 = CARTESIAN_POINT ( 'NONE',  ( 1743.499999349615100, 1969.999832439667200, 0.1474465294591179000 ) ) ;
#1953 = CARTESIAN_POINT ( 'NONE',  ( 1647.121890860725000, 1990.104942278489700, -78.40205347054089200 ) ) ;
#1954 = CARTESIAN_POINT ( 'NONE',  ( 1603.234771530334000, 2050.852919074822700, 111.2089465294591100 ) ) ;
#1955 = CARTESIAN_POINT ( 'NONE',  ( 1647.129171544803100, 1949.914694621090800, -78.40205347054089200 ) ) ;
#1956 = ORIENTED_EDGE ( 'NONE', *, *, #1743, .T. ) ;
#1957 = CARTESIAN_POINT ( 'NONE',  ( 1592.588547719471300, 1975.657643883095300, 120.7339465294590800 ) ) ;
#1958 = AXIS2_PLACEMENT_3D ( 'NONE', #3506, #2133, #1442 ) ;
#1959 = CARTESIAN_POINT ( 'NONE',  ( 1767.629999349615400, 2025.346290532283100, 57.92997686552261900 ) ) ;
#1960 = DIRECTION ( 'NONE',  ( -0.0000000000000000000, -1.000000000000000000, -0.0000000000000000000 ) ) ;
#1961 = VECTOR ( 'NONE', #3070, 1000.000000000000000 ) ;
#1962 = CARTESIAN_POINT ( 'NONE',  ( 1535.491126138160300, 1985.792221525854800, -78.40205347054089200 ) ) ;
#1963 = CARTESIAN_POINT ( 'NONE',  ( 1652.983194513288000, 1957.299832439667400, -54.58162942081138200 ) ) ;
#1964 = CARTESIAN_POINT ( 'NONE',  ( 1722.928033151506000, 1880.925661153159400, 63.12219418973825900 ) ) ;
#1965 = EDGE_CURVE ( 'NONE', #3658, #3997, #3884, .T. ) ;
#1966 = ORIENTED_EDGE ( 'NONE', *, *, #58, .T. ) ;
#1967 = DIRECTION ( 'NONE',  ( -0.0000000000000000000, 6.829619984160648200E-017, -1.000000000000000000 ) ) ;
#1968 = PLANE ( 'NONE',  #4252 ) ;
#1969 = ORIENTED_EDGE ( 'NONE', *, *, #328, .F. ) ;
#1970 = ORIENTED_EDGE ( 'NONE', *, *, #1088, .T. ) ;
#1971 = ADVANCED_FACE ( 'NONE', ( #5240 ), #3238, .F. ) ;
#1972 = CARTESIAN_POINT ( 'NONE',  ( 1656.448733566429800, 1982.699832439667000, -48.02330924764773100 ) ) ;
#1973 = B_SPLINE_CURVE_WITH_KNOTS ( 'NONE', 3,
 ( #4232, #3551, #2858, #2175, #1491, #798, #111, #6134, #5449, #4766 ),
 .UNSPECIFIED., .F., .F.,
 ( 4, 2, 2, 2, 4 ),
 ( 0.0000000000000000000, 0.1068826837427412400, 0.2137653674854824700, 0.3206480512282237100, 0.4275307349709649400 ),
 .UNSPECIFIED. ) ;
#1974 = CARTESIAN_POINT ( 'NONE',  ( 1591.999999384806000, 2055.882261958166500, 120.7339465294590900 ) ) ;
#1975 = CARTESIAN_POINT ( 'NONE',  ( 1591.999999384806000, 1969.999832439667200, 120.7339465294591200 ) ) ;
#1976 = ORIENTED_EDGE ( 'NONE', *, *, #706, .F. ) ;
#1977 = ORIENTED_EDGE ( 'NONE', *, *, #2744, .T. ) ;
#1978 = CARTESIAN_POINT ( 'NONE',  ( 1622.987480812726700, 1929.608365060124200, 28.72244652945909800 ) ) ;
#1979 = CARTESIAN_POINT ( 'NONE',  ( 1617.177498581931800, 1998.703869968956300, -51.92255347054099700 ) ) ;
#1980 = CARTESIAN_POINT ( 'NONE',  ( 1605.171553865069200, 2019.175078192910600, 28.72244652945910200 ) ) ;
#1981 = ADVANCED_FACE ( 'NONE', ( #3201 ), #491, .F. ) ;
#1982 = DIRECTION ( 'NONE',  ( 0.0000000000000000000, -1.000000000000000000, 0.0000000000000000000 ) ) ;
#1983 = ORIENTED_EDGE ( 'NONE', *, *, #5042, .T. ) ;
#1984 = ORIENTED_EDGE ( 'NONE', *, *, #5751, .T. ) ;
#1985 = CARTESIAN_POINT ( 'NONE',  ( 1579.723582801206900, 1933.845747854795700, 28.72244652945911300 ) ) ;
#1986 = CARTESIAN_POINT ( 'NONE',  ( 1579.275612543184900, 1893.284617524658200, 120.7339465294590900 ) ) ;
#1987 = CARTESIAN_POINT ( 'NONE',  ( 1767.629999349615000, 1906.407404605952000, 48.72632563389644400 ) ) ;
#1988 = CARTESIAN_POINT ( 'NONE',  ( 1796.839999349615000, 1898.093195742368400, 35.59954297119451600 ) ) ;
#1989 = CARTESIAN_POINT ( 'NONE',  ( 1659.428915990569500, 1957.299832439667600, -2.923722064607900500 ) ) ;
#1990 = ORIENTED_EDGE ( 'NONE', *, *, #6680, .F. ) ;
#1991 = CARTESIAN_POINT ( 'NONE',  ( 1538.742711700449500, 1925.999366250265000, -114.5970534705408400 ) ) ;
#1992 = CARTESIAN_POINT ( 'NONE',  ( 1720.658094897924500, 1911.557207823036200, -114.5970534705410000 ) ) ;
#1993 = ORIENTED_EDGE ( 'NONE', *, *, #5608, .T. ) ;
#1994 = CARTESIAN_POINT ( 'NONE',  ( 1549.410884259625200, 2034.415966251381200, 120.7339465294591200 ) ) ;
#1995 = DIRECTION ( 'NONE',  ( -1.000000000000000000, 0.0000000000000000000, 0.0000000000000000000 ) ) ;
#1996 = CARTESIAN_POINT ( 'NONE',  ( 1622.498815713588600, 1919.875127059596900, -78.40205347054089200 ) ) ;
#1997 = CARTESIAN_POINT ( 'NONE',  ( 1597.679612047655600, 1969.999832439667400, 120.7339465294591000 ) ) ;
#1998 = CARTESIAN_POINT ( 'NONE',  ( 1796.839999349615300, 1969.999832439667400, 80.14744637668009400 ) ) ;
#1999 = AXIS2_PLACEMENT_3D ( 'NONE', #3042, #2346, #1663 ) ;
#2000 = CIRCLE ( 'NONE', #3299, 19.80065302243816200 ) ;
#2001 = CARTESIAN_POINT ( 'NONE',  ( 1767.629999349614800, 2047.177150677930100, 21.21769003947628100 ) ) ;
#2002 = CARTESIAN_POINT ( 'NONE',  ( 1767.629999349615000, 1934.975533506892100, -71.77820071654687700 ) ) ;
#2003 = CARTESIAN_POINT ( 'NONE',  ( 1553.519842362561800, 2014.313203411027200, -78.40205347054089200 ) ) ;
#2004 = CARTESIAN_POINT ( 'NONE',  ( 1715.275870174625200, 2050.198685819313600, -74.10101495904623900 ) ) ;
#2005 = EDGE_CURVE ( 'NONE', #2224, #1535, #4449, .T. ) ;
#2006 = CARTESIAN_POINT ( 'NONE',  ( 1565.533964341182100, 2031.901641669147500, -114.5970534705409700 ) ) ;
#2007 = ORIENTED_EDGE ( 'NONE', *, *, #5528, .T. ) ;
#2008 = VECTOR ( 'NONE', #5431, 1000.000000000000000 ) ;
#2009 = DIRECTION ( 'NONE',  ( -0.0000000000000000000, -1.000000000000000000, -0.0000000000000000000 ) ) ;
#2010 = PLANE ( 'NONE',  #4605 ) ;
#2011 = ORIENTED_EDGE ( 'NONE', *, *, #2769, .F. ) ;
#2012 = CARTESIAN_POINT ( 'NONE',  ( 1656.569923749749500, 2012.429107669549200, 120.7339465294590900 ) ) ;
#2013 = CARTESIAN_POINT ( 'NONE',  ( 1603.406591303148800, 2051.692338997801500, 120.7339465294590900 ) ) ;
#2014 = ORIENTED_EDGE ( 'NONE', *, *, #364, .T. ) ;
#2015 = CIRCLE ( 'NONE', #1476, 85.88242951849922200 ) ;
#2016 = CARTESIAN_POINT ( 'NONE',  ( 1538.536876230747100, 1926.249594882397300, -78.40205347054087800 ) ) ;
#2017 = CARTESIAN_POINT ( 'NONE',  ( 1540.471263172063300, 2038.706317172315500, 111.2089465294591000 ) ) ;
#2018 = CARTESIAN_POINT ( 'NONE',  ( 1516.383937552924400, 1985.233421986946500, 120.7339465294590800 ) ) ;
#2019 = CARTESIAN_POINT ( 'NONE',  ( 1703.506803327517400, 2034.399146381033700, -90.78455347054081400 ) ) ;
#2020 = ORIENTED_EDGE ( 'NONE', *, *, #6680, .T. ) ;
#2021 = EDGE_LOOP ( 'NONE', ( #6446, #5879, #1288, #4203 ) ) ;
#2022 = CARTESIAN_POINT ( 'NONE',  ( 1510.435578715618700, 1981.491287648570500, 111.2089465294590800 ) ) ;
#2023 = EDGE_CURVE ( 'NONE', #6485, #6552, #4978, .T. ) ;
#2024 = CARTESIAN_POINT ( 'NONE',  ( 1701.550705419968400, 1906.158024286959700, -78.71955347054094400 ) ) ;
#2025 = CARTESIAN_POINT ( 'NONE',  ( 1767.629999349614500, 1934.459372705506900, 71.81973629558685000 ) ) ;
#2026 = ORIENTED_EDGE ( 'NONE', *, *, #2362, .F. ) ;
#2027 = CARTESIAN_POINT ( 'NONE',  ( 1522.482327415865900, 1929.138152302778100, 120.7339465294591000 ) ) ;
#2028 = DIRECTION ( 'NONE',  ( -0.0000000000000000000, -1.000000000000000000, -0.0000000000000000000 ) ) ;
#2029 = CARTESIAN_POINT ( 'NONE',  ( 1591.999999384806000, 1969.999832337318600, 66.82244652945914300 ) ) ;
#2030 = CIRCLE ( 'NONE', #4553, 101.8498275434986900 ) ;
#2031 = CARTESIAN_POINT ( 'NONE',  ( 1513.695568592536600, 1990.398302084518500, 120.7339465294590900 ) ) ;
#2032 = CARTESIAN_POINT ( 'NONE',  ( 1597.679612047655600, 1969.999832439667400, 120.7339465294591000 ) ) ;
#2033 = DIRECTION ( 'NONE',  ( -2.035479525649563200E-015, -1.000000000000000000, -3.730354152158450200E-014 ) ) ;
#2034 = CARTESIAN_POINT ( 'NONE',  ( 1593.255903810707200, 1911.338630001957700, -78.40205347054087800 ) ) ;
#2035 = ORIENTED_EDGE ( 'NONE', *, *, #5882, .F. ) ;
#2036 = DIRECTION ( 'NONE',  ( 0.0000000000000000000, 0.0000000000000000000, 1.000000000000000000 ) ) ;
#2037 = CARTESIAN_POINT ( 'NONE',  ( 1632.767287368901400, 1902.019912898650100, 111.2089465294590800 ) ) ;
#2038 = CARTESIAN_POINT ( 'NONE',  ( 1767.629999349614800, 2043.059507472238900, -32.51341316310900000 ) ) ;
#2039 = ORIENTED_EDGE ( 'NONE', *, *, #4107, .F. ) ;
#2040 = B_SPLINE_CURVE_WITH_KNOTS ( 'NONE', 3,
 ( #5451, #4768, #4081, #3387, #2696, #2019, #1327, #640, #6665, #5974 ),
 .UNSPECIFIED., .F., .F.,
 ( 4, 2, 2, 2, 4 ),
 ( 0.0000000000000000000, 0.2500000000000000000, 0.5000000000000000000, 0.7500000000000000000, 1.000000000000000000 ),
 .UNSPECIFIED. ) ;
#2041 = CARTESIAN_POINT ( 'NONE',  ( 1588.337344517708300, 2028.577387360768600, -78.40205347054086400 ) ) ;
#2042 = CARTESIAN_POINT ( 'NONE',  ( 1608.884060347427100, 1935.754296647179000, -51.92255347054099700 ) ) ;
#2043 = CARTESIAN_POINT ( 'NONE',  ( 1668.179168356709600, 1956.468491023933400, 120.7339465294590600 ) ) ;
#2044 = VECTOR ( 'NONE', #4125, 1000.000000000000000 ) ;
#2045 = CARTESIAN_POINT ( 'NONE',  ( 1755.564999349615200, 1884.999832439666500, 56.53006895384060500 ) ) ;
#2046 = DIRECTION ( 'NONE',  ( -0.0000000000000000000, -0.0000000000000000000, -1.000000000000000000 ) ) ;
#2047 = VERTEX_POINT ( 'NONE', #5664 ) ;
#2048 = AXIS2_PLACEMENT_3D ( 'NONE', #6354, #5677, #4991 ) ;
#2049 = FACE_OUTER_BOUND ( 'NONE', #1, .T. ) ;
#2050 = LINE ( 'NONE', #1355, #5930 ) ;
#2051 = CARTESIAN_POINT ( 'NONE',  ( 1611.979272534535500, 2047.832483479940700, 120.7339465294591000 ) ) ;
#2052 = ORIENTED_EDGE ( 'NONE', *, *, #3558, .T. ) ;
#2053 = CARTESIAN_POINT ( 'NONE',  ( 1659.188044868117200, 2020.698769710001400, 120.7339465294590900 ) ) ;
#2054 = ADVANCED_FACE ( 'NONE', ( #41 ), #6342, .T. ) ;
#2055 = CARTESIAN_POINT ( 'NONE',  ( 1656.499989384793300, 1969.999832439667200, -9.994783470538726200 ) ) ;
#2056 = CARTESIAN_POINT ( 'NONE',  ( 1511.081404456618400, 1981.348532125049400, 120.7339465294590900 ) ) ;
#2057 = DIRECTION ( 'NONE',  ( -1.000000000000000000, 0.0000000000000000000, 0.0000000000000000000 ) ) ;
#2058 = EDGE_LOOP ( 'NONE', ( #791, #597, #1990, #5282, #4754, #5984 ) ) ;
#2059 = ORIENTED_EDGE ( 'NONE', *, *, #2963, .F. ) ;
#2060 = B_SPLINE_CURVE_WITH_KNOTS ( 'NONE', 3,
 ( #4797, #4113, #3419, #2726, #2051, #1356, #669, #6699, #6006, #5319, #4639, #3945, #3260, #2572, #1883, #1196, #513, #6525, #5839, #5166, #4474, #3775, #3102, #2406, #1718, #1035, #351, #6367, #5686, #5004, #4310, #3621, #2928, #2244, #1562, #871, #185, #6211, #5517, #4836, #4149, #3455, #2766, #2089, #1393, #710, #28, #6045, #5357, #4678, #3988, #3296, #2609 ),
 .UNSPECIFIED., .F., .F.,
 ( 4, 2, 2, 1, 2, 2, 2, 2, 2, 1, 2, 2, 1, 1, 2, 2, 1, 1, 2, 2, 2, 2, 2, 2, 2, 1, 1, 2, 2, 1, 4 ),
 ( 0.0000000000000000000, 0.1140450219166956600, 0.1283006496563262900, 0.1425562773959568600, 0.1710675328752181100, 0.2280900438337122000, 0.2851125547922062600, 0.2993681825318109700, 0.3136238102714155600, 0.3421350657506146400, 0.3706463212298137200, 0.3777741350996134400, 0.3849019489694131500, 0.3991575767090573800, 0.4561800876677773500, 0.5132025986264973100, 0.5702251095852172200, 0.5987363650645971500, 0.6129919928043066100, 0.6272476205440159500, 0.6842701315027700500, 0.7127813869821471000, 0.7412926424615242600, 0.7983151534202085300, 0.8125707811598759100, 0.8268264088995434000, 0.8553376643788895800, 0.8695932921185626200, 0.8767211059883991400, 0.8838489198582357700, 0.9123601753374958000 ),
 .UNSPECIFIED. ) ;
#2061 = CARTESIAN_POINT ( 'NONE',  ( 1641.067069394727000, 1905.238347072188200, 120.7339465294590900 ) ) ;
#2062 = CARTESIAN_POINT ( 'NONE',  ( 1743.499999349615100, 1884.999832439667200, -56.23517589492200100 ) ) ;
#2063 = CARTESIAN_POINT ( 'NONE',  ( 1546.600928837889100, 2022.188564017711500, -90.78455347054082800 ) ) ;
#2064 = ORIENTED_EDGE ( 'NONE', *, *, #5532, .F. ) ;
#2065 = CARTESIAN_POINT ( 'NONE',  ( 1571.500958799975300, 1891.287547611446600, 111.2089465294591100 ) ) ;
#2066 = CARTESIAN_POINT ( 'NONE',  ( 1580.808449837752100, 1889.787144307280600, 120.7339465294591000 ) ) ;
#2067 = CARTESIAN_POINT ( 'NONE',  ( 1767.629999349615000, 1909.756510095659500, -52.49041249319327600 ) ) ;
#2068 = CARTESIAN_POINT ( 'NONE',  ( 1593.455348858212100, 1964.509533982197800, 120.7339465294590900 ) ) ;
#2069 = CARTESIAN_POINT ( 'NONE',  ( 1601.878665245003700, 1933.118398124734800, 28.72244652945910600 ) ) ;
#2070 = CARTESIAN_POINT ( 'NONE',  ( 1556.445662072930900, 1923.325092056384400, -78.40205347054090600 ) ) ;
#2071 = CARTESIAN_POINT ( 'NONE',  ( 1744.317704195789000, 2003.608063107213400, -90.78455347054089900 ) ) ;
#2072 = ADVANCED_FACE ( 'NONE', ( #2119, #557 ), #2906, .F. ) ;
#2073 = AXIS2_PLACEMENT_3D ( 'NONE', #4826, #4141, #3445 ) ;
#2074 = CARTESIAN_POINT ( 'NONE',  ( 1767.629999349615000, 2018.477309506982900, -63.49204870385692300 ) ) ;
#2075 = CARTESIAN_POINT ( 'NONE',  ( 1621.387468487840600, 2020.784920843577300, -78.40205347054089200 ) ) ;
#2076 = CARTESIAN_POINT ( 'NONE',  ( 1597.679612047655800, 1969.999832439667400, 111.2089465294591000 ) ) ;
#2077 = DIRECTION ( 'NONE',  ( -0.0000000000000000000, -0.0000000000000000000, -1.000000000000000000 ) ) ;
#2078 = DIRECTION ( 'NONE',  ( -0.0000000000000000000, 8.079526793559758100E-017, -1.000000000000000000 ) ) ;
#2079 = FACE_OUTER_BOUND ( 'NONE', #887, .T. ) ;
#2080 = B_SPLINE_CURVE_WITH_KNOTS ( 'NONE', 3,
 ( #3844, #3164, #2478, #1786 ),
 .UNSPECIFIED., .F., .F.,
 ( 4, 4 ),
 ( 0.0000000000000000000, 1.000000000000000000 ),
 .UNSPECIFIED. ) ;
#2081 = CARTESIAN_POINT ( 'NONE',  ( 1767.629999349614800, 1982.613793816463600, 79.17238512534083800 ) ) ;
#2082 = DIRECTION ( 'NONE',  ( -1.106905883453210200E-014, 1.000000000000000000, 0.0000000000000000000 ) ) ;
#2083 = CARTESIAN_POINT ( 'NONE',  ( 1767.629999349615200, 1969.999832439667400, 80.14744637668010800 ) ) ;
#2084 = CARTESIAN_POINT ( 'NONE',  ( 1717.644177304389400, 1886.459522689813200, 70.29968420176376800 ) ) ;
#2085 = AXIS2_PLACEMENT_3D ( 'NONE', #1325, #638, #6663 ) ;
#2086 = ORIENTED_EDGE ( 'NONE', *, *, #6058, .F. ) ;
#2087 = FACE_OUTER_BOUND ( 'NONE', #4876, .T. ) ;
#2088 = CARTESIAN_POINT ( 'NONE',  ( 1698.500534379524700, 2033.500809244672200, -114.5970534705409100 ) ) ;
#2089 = CARTESIAN_POINT ( 'NONE',  ( 1603.455728300446500, 2048.990604830758000, 120.7339465294590900 ) ) ;
#2090 = ORIENTED_EDGE ( 'NONE', *, *, #3985, .F. ) ;
#2091 = CARTESIAN_POINT ( 'NONE',  ( 1630.099999384806100, 1969.999832439667400, -51.92255347054094700 ) ) ;
#2092 = AXIS2_PLACEMENT_3D ( 'NONE', #3363, #2675, #1995 ) ;
#2093 = VECTOR ( 'NONE', #5572, 1000.000000000000000 ) ;
#2094 = DIRECTION ( 'NONE',  ( 0.0000000000000000000, 0.0000000000000000000, -1.000000000000000000 ) ) ;
#2095 = DATE_AND_TIME ( #4863, #611 ) ;
#2096 = CARTESIAN_POINT ( 'NONE',  ( 1724.120191794245600, 2059.699017040085900, -61.93363177058491000 ) ) ;
#2097 = VERTEX_POINT ( 'NONE', #157 ) ;
#2098 = ORIENTED_EDGE ( 'NONE', *, *, #4748, .F. ) ;
#2099 = CARTESIAN_POINT ( 'NONE',  ( 1611.697317547570300, 2047.387681433072200, 111.2089465294591100 ) ) ;
#2100 = CARTESIAN_POINT ( 'NONE',  ( 1575.225600428462700, 2033.500809244671700, -90.78455347054094200 ) ) ;
#2101 = CARTESIAN_POINT ( 'NONE',  ( 1528.066594973295900, 1926.961430849592000, 120.7339465294590900 ) ) ;
#2102 = CARTESIAN_POINT ( 'NONE',  ( 1659.428915990569500, 1957.299832439667600, -2.923722064607857400 ) ) ;
#2103 = ORIENTED_EDGE ( 'NONE', *, *, #4188, .F. ) ;
#2104 = B_SPLINE_CURVE_WITH_KNOTS ( 'NONE', 3,
 ( #6703, #4644, #3951, #3264 ),
 .UNSPECIFIED., .F., .F.,
 ( 4, 4 ),
 ( 0.0000000000000000000, 1.000000000000000000 ),
 .UNSPECIFIED. ) ;
#2105 = CARTESIAN_POINT ( 'NONE',  ( 1558.049422002382000, 2029.235376983595900, -78.40205347054089200 ) ) ;
#2106 = CARTESIAN_POINT ( 'NONE',  ( 1571.809518317157000, 1891.937469976996500, 120.7339465294591200 ) ) ;
#2107 = CARTESIAN_POINT ( 'NONE',  ( 1767.629999349614800, 1890.813606874739400, -11.24749191420507800 ) ) ;
#2108 = CARTESIAN_POINT ( 'NONE',  ( 1586.550593418115600, 1968.399210838130100, 120.7339465294591000 ) ) ;
#2109 = CARTESIAN_POINT ( 'NONE',  ( 1656.760262091939200, 1957.299832439668100, -7.377307502088059200 ) ) ;
#2110 = CARTESIAN_POINT ( 'NONE',  ( 1535.672902151907000, 1953.570777530164200, -78.40205347054089200 ) ) ;
#2111 = ORIENTED_EDGE ( 'NONE', *, *, #3501, .F. ) ;
#2112 = PLANE ( 'NONE',  #3797 ) ;
#2113 = CARTESIAN_POINT ( 'NONE',  ( 1767.629999349615000, 1981.491268685946100, -79.02363128316399400 ) ) ;
#2114 = CARTESIAN_POINT ( 'NONE',  ( 1644.285051241736000, 1996.663887389057700, -78.40205347054093500 ) ) ;
#2115 = CARTESIAN_POINT ( 'NONE',  ( 1620.704036914094800, 1995.177331636793300, 28.72244652945910900 ) ) ;
#2116 = CARTESIAN_POINT ( 'NONE',  ( 1649.004458531731000, 1956.043413368091300, -78.40205347054090600 ) ) ;
#2117 = ORIENTED_EDGE ( 'NONE', *, *, #2648, .T. ) ;
#2118 = CARTESIAN_POINT ( 'NONE',  ( 1589.301955013247200, 1974.997766184784300, 120.7339465294590900 ) ) ;
#2119 = FACE_BOUND ( 'NONE', #4318, .T. ) ;
#2120 = CARTESIAN_POINT ( 'NONE',  ( 1767.629999349615000, 2017.965649675291200, 64.17308296709075000 ) ) ;
#2121 = LINE ( 'NONE', #1430, #4992 ) ;
#2122 = CARTESIAN_POINT ( 'NONE',  ( 1533.813484105831500, 1977.547702588356500, -78.40205347054087800 ) ) ;
#2123 = CARTESIAN_POINT ( 'NONE',  ( 1658.712711291551200, 2020.381161968297400, 111.2089465294590800 ) ) ;
#2124 = CARTESIAN_POINT ( 'NONE',  ( 1722.001330310714100, 1881.785922802047900, 64.32147945755221500 ) ) ;
#2125 = AXIS2_PLACEMENT_3D ( 'NONE', #1017, #4979, #4286 ) ;
#2126 = VERTEX_POINT ( 'NONE', #6185 ) ;
#2127 = CARTESIAN_POINT ( 'NONE',  ( 1566.822500187680600, 1941.295794910377900, -51.92255347054099700 ) ) ;
#2128 = VECTOR ( 'NONE', #4191, 1000.000000000000000 ) ;
#2129 = CARTESIAN_POINT ( 'NONE',  ( 1540.471263284284500, 2038.706317004364300, 120.7339465294591000 ) ) ;
#2130 = EDGE_LOOP ( 'NONE', ( #6015, #2288 ) ) ;
#2131 = ORIENTED_EDGE ( 'NONE', *, *, #5535, .F. ) ;
#2132 = CARTESIAN_POINT ( 'NONE',  ( 1655.799728414606500, 1982.699832439667700, -50.53483590103989100 ) ) ;
#2133 = DIRECTION ( 'NONE',  ( -1.110223245368596800E-014, 1.000000000000000000, 0.0000000000000000000 ) ) ;
#2134 = DIRECTION ( 'NONE',  ( 0.0000000000000000000, 0.0000000000000000000, -1.000000000000000000 ) ) ;
#2135 = ORIENTED_EDGE ( 'NONE', *, *, #267, .F. ) ;
#2136 = ORIENTED_EDGE ( 'NONE', *, *, #5638, .F. ) ;
#2137 = CIRCLE ( 'NONE', #1388, 85.88242951849922200 ) ;
#2138 = CARTESIAN_POINT ( 'NONE',  ( 1575.631443940006900, 1921.794386326505200, 28.72244652945909800 ) ) ;
#2139 = DIRECTION ( 'NONE',  ( -2.035479525649563200E-015, -1.000000000000000000, 0.0000000000000000000 ) ) ;
#2140 = CARTESIAN_POINT ( 'NONE',  ( 1640.205445497968200, 1986.368387884467000, 28.72244652945910200 ) ) ;
#2141 = DIRECTION ( 'NONE',  ( -2.035479525649563200E-015, -1.000000000000000000, 0.0000000000000000000 ) ) ;
#2142 = VERTEX_POINT ( 'NONE', #5493 ) ;
#2143 = EDGE_LOOP ( 'NONE', ( #4403, #2520, #2294, #707 ) ) ;
#2144 = CARTESIAN_POINT ( 'NONE',  ( 1528.793354518437100, 1989.779501805838700, -78.40205347054092000 ) ) ;
#2145 = CARTESIAN_POINT ( 'NONE',  ( 1577.974086525987800, 1894.144116062502000, 120.7339465294590900 ) ) ;
#2146 = CARTESIAN_POINT ( 'NONE',  ( 1767.629999349615400, 1900.138965307731300, 39.15834697906841900 ) ) ;
#2147 = CARTESIAN_POINT ( 'NONE',  ( 1796.839999349615700, 1900.573304650371300, -39.94460732605567400 ) ) ;
#2148 = DIRECTION ( 'NONE',  ( -1.000000000000000000, 0.0000000000000000000, 0.0000000000000000000 ) ) ;
#2149 = VERTEX_POINT ( 'NONE', #4812 ) ;
#2150 = CARTESIAN_POINT ( 'NONE',  ( 1550.474339699356500, 2040.835203429532800, 111.2089465294590800 ) ) ;
#2151 = CARTESIAN_POINT ( 'NONE',  ( 1709.583405258376600, 1936.843136564981900, -78.40205347054089200 ) ) ;
#2152 = PRODUCT_DEFINITION ( 'UNKNOWN', '', #5553, #3902 ) ;
#2153 = CARTESIAN_POINT ( 'NONE',  ( 1550.620093099187000, 2035.781042621993000, 120.7339465294590900 ) ) ;
#2154 = DIRECTION ( 'NONE',  ( -0.9807852803909921100, 0.1950903220776552500, 0.0000000000000000000 ) ) ;
#2155 = CARTESIAN_POINT ( 'NONE',  ( 1631.430252107237900, 1926.549876296960500, -78.40205347054090600 ) ) ;
#2156 = CARTESIAN_POINT ( 'NONE',  ( 1597.259515208454600, 1972.156652946139300, 120.7339465294590900 ) ) ;
#2157 = CARTESIAN_POINT ( 'NONE',  ( 1707.939999349615200, 1904.519970231427800, 87.39644652945908400 ) ) ;
#2158 = CARTESIAN_POINT ( 'NONE',  ( 1767.629999349615400, 2043.518737588950900, 31.70833927073556100 ) ) ;
#2159 = CARTESIAN_POINT ( 'NONE',  ( 1767.629999349615900, 1947.616851950922600, -76.65751715370620900 ) ) ;
#2160 = CARTESIAN_POINT ( 'NONE',  ( 1547.077426780942200, 2007.828322467959400, -78.40205347054090600 ) ) ;
#2161 = CARTESIAN_POINT ( 'NONE',  ( 1703.168371705591900, 1906.499083216196100, -90.78455347054092800 ) ) ;
#2162 = DIRECTION ( 'NONE',  ( 0.9807852803910169800, -0.1950903220775299700, 0.0000000000000000000 ) ) ;
#2163 = CARTESIAN_POINT ( 'NONE',  ( 1729.000024095933200, 2023.256190482773500, -114.5970534705409600 ) ) ;
#2164 = CARTESIAN_POINT ( 'NONE',  ( 1722.996341814130600, 1880.880462960681400, -62.76316412685716300 ) ) ;
#2165 = EDGE_LOOP ( 'NONE', ( #2059, #4071, #1232 ) ) ;
#2166 = VECTOR ( 'NONE', #5359, 1000.000000000000000 ) ;
#2167 = CC_DESIGN_PERSON_AND_ORGANIZATION_ASSIGNMENT ( #4517, #3824, ( #6418 ) ) ;
#2168 = VERTEX_POINT ( 'NONE', #4217 ) ;
#2169 = VECTOR ( 'NONE', #1597, 1000.000000000000000 ) ;
#2170 = CARTESIAN_POINT ( 'NONE',  ( 1658.181476640747000, 2011.258207798967500, 120.7339465294590900 ) ) ;
#2171 = CARTESIAN_POINT ( 'NONE',  ( 1510.435578715618700, 1981.491287648570500, 120.7339465294590900 ) ) ;
#2172 = ORIENTED_EDGE ( 'NONE', *, *, #5994, .T. ) ;
#2173 = CARTESIAN_POINT ( 'NONE',  ( 1531.971441161267000, 1938.188390116232500, -78.40205347054087800 ) ) ;
#2174 = CYLINDRICAL_SURFACE ( 'NONE', #327, 13.81871797516387400 ) ;
#2175 = CARTESIAN_POINT ( 'NONE',  ( 1669.428230736957600, 1950.337160041912100, 111.2089465294591100 ) ) ;
#2176 = CARTESIAN_POINT ( 'NONE',  ( 1712.954347854589500, 1892.567694733151900, 66.82244652945908600 ) ) ;
#2177 = CARTESIAN_POINT ( 'NONE',  ( 1524.289642315500500, 1919.135966487879800, 111.2089465294590800 ) ) ;
#2178 = VERTEX_POINT ( 'NONE', #3533 ) ;
#2179 = ORIENTED_EDGE ( 'NONE', *, *, #6582, .T. ) ;
#2180 = CARTESIAN_POINT ( 'NONE',  ( 1743.499999349615100, 1884.999832439667000, 56.53006895384103800 ) ) ;
#2181 = CARTESIAN_POINT ( 'NONE',  ( 1511.370396523269200, 1990.991456824561100, 120.7339465294590900 ) ) ;
#2182 = CARTESIAN_POINT ( 'NONE',  ( 1767.629999349615400, 1927.487829608378900, 67.91849948965631300 ) ) ;
#2183 = EDGE_LOOP ( 'NONE', ( #2111, #891, #6299, #3193 ) ) ;
#2184 = CYLINDRICAL_SURFACE ( 'NONE', #1053, 5.000000092527212600 ) ;
#2185 = DIRECTION ( 'NONE',  ( 0.0000000000000000000, 0.0000000000000000000, -1.000000000000000000 ) ) ;
#2186 = CARTESIAN_POINT ( 'NONE',  ( 1720.264613344748100, 1883.855591635584500, 66.82244652945908600 ) ) ;
#2187 = DIRECTION ( 'NONE',  ( -0.0000000000000000000, -0.0000000000000000000, -1.000000000000000000 ) ) ;
#2188 = CARTESIAN_POINT ( 'NONE',  ( 1550.934799414362700, 2040.022529323742200, 120.7339465294590900 ) ) ;
#2189 = CARTESIAN_POINT ( 'NONE',  ( 1543.145446213177100, 2034.840305498269300, 120.7339465294590900 ) ) ;
#2190 = CARTESIAN_POINT ( 'NONE',  ( 1635.758051225704500, 1896.101086854310800, 114.0664465294591000 ) ) ;
#2191 = CARTESIAN_POINT ( 'NONE',  ( 1603.983114117831300, 1912.552456979875800, -78.40205347054087800 ) ) ;
#2192 = ORIENTED_EDGE ( 'NONE', *, *, #1200, .F. ) ;
#2193 = DIRECTION ( 'NONE',  ( 0.0000000000000000000, 0.0000000000000000000, 1.000000000000000000 ) ) ;
#2194 = CARTESIAN_POINT ( 'NONE',  ( 1796.839999349615000, 1995.777085059414000, -75.76664169274896200 ) ) ;
#2195 = CARTESIAN_POINT ( 'NONE',  ( 1767.629999349614800, 2047.137497570122200, -21.12304952115645300 ) ) ;
#2196 = ORIENTED_EDGE ( 'NONE', *, *, #3505, .F. ) ;
#2197 = CARTESIAN_POINT ( 'NONE',  ( 1767.629999349615400, 1914.653374378570100, -57.63508383196875700 ) ) ;
#2198 = CARTESIAN_POINT ( 'NONE',  ( 1572.732406856970300, 2025.420194219193700, -78.40205347054089200 ) ) ;
#2199 = DIRECTION ( 'NONE',  ( 0.004699791557518142800, 0.9999889559186721000, -0.0000000000000000000 ) ) ;
#2200 = CARTESIAN_POINT ( 'NONE',  ( 1667.587213177958600, 1954.321183687732200, 120.7339465294590900 ) ) ;
#2201 = FACE_OUTER_BOUND ( 'NONE', #3181, .T. ) ;
#2202 = ADVANCED_FACE ( 'NONE', ( #1897 ), #2838, .F. ) ;
#2203 = CARTESIAN_POINT ( 'NONE',  ( 1708.563971143374800, 1902.205168534919300, -90.78455347054081400 ) ) ;
#2204 = CARTESIAN_POINT ( 'NONE',  ( 1662.750507084111600, 2011.653578014062800, 111.2089465294590800 ) ) ;
#2205 = ORIENTED_EDGE ( 'NONE', *, *, #3013, .F. ) ;
#2206 = ORIENTED_EDGE ( 'NONE', *, *, #4794, .T. ) ;
#2207 = CARTESIAN_POINT ( 'NONE',  ( 1580.636630064851300, 1888.520275061040600, 111.2089465294590800 ) ) ;
#2208 = FACE_OUTER_BOUND ( 'NONE', #5220, .T. ) ;
#2209 = CARTESIAN_POINT ( 'NONE',  ( 1704.943730695545800, 1870.999833181521100, 66.82244652945912800 ) ) ;
#2210 = ORIENTED_EDGE ( 'NONE', *, *, #167, .F. ) ;
#2211 = CARTESIAN_POINT ( 'NONE',  ( 1569.376451720791900, 1907.337934364888300, -78.40205347054090600 ) ) ;
#2212 = AXIS2_PLACEMENT_3D ( 'NONE', #5351, #3982, #3289 ) ;
#2213 = DIRECTION ( 'NONE',  ( 0.5555702329675376000, -0.8314696123373337400, 0.0000000000000000000 ) ) ;
#2214 = CARTESIAN_POINT ( 'NONE',  ( 1512.576625866543700, 1981.400429580037800, 120.7339465294590900 ) ) ;
#2215 = CARTESIAN_POINT ( 'NONE',  ( 1510.435578715618700, 1981.491287648570500, 111.2089465294590800 ) ) ;
#2216 = ORIENTED_EDGE ( 'NONE', *, *, #726, .T. ) ;
#2217 = EDGE_CURVE ( 'NONE', #5730, #6167, #95, .T. ) ;
#2218 = ORIENTED_EDGE ( 'NONE', *, *, #3253, .T. ) ;
#2219 = VECTOR ( 'NONE', #4251, 1000.000000000000000 ) ;
#2220 = CARTESIAN_POINT ( 'NONE',  ( 1638.377542935461400, 1906.730954488567000, 120.7339465294590900 ) ) ;
#2221 = VECTOR ( 'NONE', #1193, 1000.000000000000000 ) ;
#2222 = CARTESIAN_POINT ( 'NONE',  ( 1607.991149954676300, 2050.425469751560700, 111.2089465294590800 ) ) ;
#2223 = CARTESIAN_POINT ( 'NONE',  ( 1767.629999349615200, 1966.443284541742100, 80.14735411962759300 ) ) ;
#2224 = VERTEX_POINT ( 'NONE', #4060 ) ;
#2225 = CARTESIAN_POINT ( 'NONE',  ( 1540.590399384805800, 1918.590230334089900, 28.72244652945911300 ) ) ;
#2226 = DIRECTION ( 'NONE',  ( 0.0000000000000000000, 0.0000000000000000000, 1.000000000000000000 ) ) ;
#2227 = CARTESIAN_POINT ( 'NONE',  ( 1673.308298525714000, 1949.094753659947200, 111.2089465294590800 ) ) ;
#2228 = CARTESIAN_POINT ( 'NONE',  ( 1595.000979453730900, 1965.175599252869900, 120.7339465294590900 ) ) ;
#2229 = CARTESIAN_POINT ( 'NONE',  ( 1628.154083969677700, 1957.723415856068000, 28.72244652945910600 ) ) ;
#2230 = CARTESIAN_POINT ( 'NONE',  ( 1562.121162119986100, 1919.502148250013300, -78.40205347054090600 ) ) ;
#2231 = CARTESIAN_POINT ( 'NONE',  ( 1748.211459405036700, 1988.874756390189800, -90.78455347054091400 ) ) ;
#2232 = EDGE_CURVE ( 'NONE', #5889, #5405, #4746, .T. ) ;
#2233 = CARTESIAN_POINT ( 'NONE',  ( 1767.629999349615000, 2025.209096561393800, -57.75042163585316500 ) ) ;
#2234 = CARTESIAN_POINT ( 'NONE',  ( 1613.537182083398000, 2024.595186598583000, -78.40205347054090600 ) ) ;
#2235 = PLANE ( 'NONE',  #2698 ) ;
#2236 = CARTESIAN_POINT ( 'NONE',  ( 1767.629999349614800, 1888.753272638552300, 62.18859286044271100 ) ) ;
#2237 = CARTESIAN_POINT ( 'NONE',  ( 1553.899999384806100, 1969.999832439667000, -51.92255347054094700 ) ) ;
#2238 = ORIENTED_EDGE ( 'NONE', *, *, #1396, .F. ) ;
#2239 = CARTESIAN_POINT ( 'NONE',  ( 1767.629999349614800, 1974.438715938798200, 80.05887008751572900 ) ) ;
#2240 = CARTESIAN_POINT ( 'NONE',  ( 1748.130421473604200, 1950.421847544970200, -90.78455347054091400 ) ) ;
#2241 = CARTESIAN_POINT ( 'NONE',  ( 1586.356837071421500, 1970.742660180633300, 111.2089465294591000 ) ) ;
#2242 = CARTESIAN_POINT ( 'NONE',  ( 1710.621104236764300, 1890.221586017795100, 74.55090876056982600 ) ) ;
#2243 = LINE ( 'NONE', #1560, #1305 ) ;
#2244 = CARTESIAN_POINT ( 'NONE',  ( 1604.963428370340600, 2046.744900010202600, 120.7339465294590900 ) ) ;
#2245 = ORIENTED_EDGE ( 'NONE', *, *, #1456, .F. ) ;
#2246 = FACE_OUTER_BOUND ( 'NONE', #5136, .T. ) ;
#2247 = FACE_OUTER_BOUND ( 'NONE', #4393, .T. ) ;
#2248 = EDGE_CURVE ( 'NONE', #3517, #6459, #3324, .T. ) ;
#2249 = CARTESIAN_POINT ( 'NONE',  ( 1722.892321844073400, 2059.046399518191300, 63.16111750635089100 ) ) ;
#2250 = FACE_OUTER_BOUND ( 'NONE', #5298, .T. ) ;
#2251 = ADVANCED_FACE ( 'NONE', ( #4025, #590 ), #5467, .T. ) ;
#2252 = LINE ( 'NONE', #6216, #1087 ) ;
#2253 = CARTESIAN_POINT ( 'NONE',  ( 1722.928078424396100, 2059.074148464506400, -62.82709640847920700 ) ) ;
#2254 = ORIENTED_EDGE ( 'NONE', *, *, #184, .F. ) ;
#2255 = EDGE_LOOP ( 'NONE', ( #6148, #2657, #2498, #3354, #4353 ) ) ;
#2256 = CARTESIAN_POINT ( 'NONE',  ( 1591.999999384806200, 1931.899832439667300, -51.92255347054093300 ) ) ;
#2257 = FACE_OUTER_BOUND ( 'NONE', #227, .T. ) ;
#2258 = CARTESIAN_POINT ( 'NONE',  ( 1535.106512867370800, 2008.558342821177100, -90.78455347054091400 ) ) ;
#2259 = CARTESIAN_POINT ( 'NONE',  ( 1526.685103787535100, 1928.498059851631300, 120.7339465294591000 ) ) ;
#2260 = DIRECTION ( 'NONE',  ( 0.0000000000000000000, -1.000000000000000000, 0.0000000000000000000 ) ) ;
#2261 = ORIENTED_EDGE ( 'NONE', *, *, #4267, .F. ) ;
#2262 = EDGE_CURVE ( 'NONE', #6526, #6293, #2714, .T. ) ;
#2263 = CARTESIAN_POINT ( 'NONE',  ( 1567.752497044691800, 2032.442626502007200, -78.40205347054089200 ) ) ;
#2264 = LINE ( 'NONE', #1577, #5970 ) ;
#2265 = CARTESIAN_POINT ( 'NONE',  ( 1767.629999349615200, 1894.029947041664600, -25.01663484956399900 ) ) ;
#2266 = EDGE_CURVE ( 'NONE', #1758, #3433, #4589, .T. ) ;
#2267 = CARTESIAN_POINT ( 'NONE',  ( 1587.471303721093100, 1966.572144605065000, 120.7339465294590900 ) ) ;
#2268 = CARTESIAN_POINT ( 'NONE',  ( 1518.022967615748700, 1926.374261170018400, 120.7339465294591000 ) ) ;
#2269 = CARTESIAN_POINT ( 'NONE',  ( 1539.003922718433400, 1944.819297286129100, -78.40205347054087800 ) ) ;
#2270 = ORIENTED_EDGE ( 'NONE', *, *, #3481, .T. ) ;
#2271 = DIRECTION ( 'NONE',  ( 0.0000000000000000000, 1.000000000000000000, 0.0000000000000000000 ) ) ;
#2272 = CARTESIAN_POINT ( 'NONE',  ( 1767.629999349615200, 1992.876003279613300, -76.51229975694954500 ) ) ;
#2273 = CARTESIAN_POINT ( 'NONE',  ( 1640.760755452402200, 2002.702803546073500, -78.40205347054089200 ) ) ;
#2274 = CARTESIAN_POINT ( 'NONE',  ( 1591.999999384806000, 2008.099832439667100, 28.72244652945910600 ) ) ;
#2275 = CARTESIAN_POINT ( 'NONE',  ( 1508.135412763718900, 1981.948819103579100, 111.2089465294590800 ) ) ;
#2276 = ORIENTED_EDGE ( 'NONE', *, *, #237, .F. ) ;
#2277 = CARTESIAN_POINT ( 'NONE',  ( 1588.135639786320800, 1974.162661014191100, 120.7339465294590900 ) ) ;
#2278 = EDGE_CURVE ( 'NONE', #5737, #1878, #5308, .T. ) ;
#2279 = CARTESIAN_POINT ( 'NONE',  ( 1767.629999349615200, 2011.476968010298200, 68.55540360138242300 ) ) ;
#2280 = CARTESIAN_POINT ( 'NONE',  ( 1660.108004814769600, 2015.608362138752700, 111.2089465294590800 ) ) ;
#2281 = CARTESIAN_POINT ( 'NONE',  ( 1542.970208507922500, 2034.983951513907600, 111.2089465294591100 ) ) ;
#2282 = CARTESIAN_POINT ( 'NONE',  ( 1506.985329787769200, 1982.177584831083100, 114.0664465294591000 ) ) ;
#2283 = DIRECTION ( 'NONE',  ( -1.000000000000000000, -0.0000000000000000000, -0.0000000000000000000 ) ) ;
#2284 = CARTESIAN_POINT ( 'NONE',  ( 1806.999999349615100, 1969.999832439667200, -70.00000000000005700 ) ) ;
#2285 = ADVANCED_FACE ( 'NONE', ( #1312 ), #5673, .F. ) ;
#2286 = CARTESIAN_POINT ( 'NONE',  ( 1641.942576463805600, 1976.579633642758800, -53.00205347054087900 ) ) ;
#2287 = ORIENTED_EDGE ( 'NONE', *, *, #3812, .T. ) ;
#2288 = ORIENTED_EDGE ( 'NONE', *, *, #3237, .T. ) ;
#2289 = FACE_OUTER_BOUND ( 'NONE', #5197, .T. ) ;
#2290 = CARTESIAN_POINT ( 'NONE',  ( 1654.053384905840200, 1982.699832439667900, -53.42534876718748600 ) ) ;
#2291 = CARTESIAN_POINT ( 'NONE',  ( 1667.584390303634300, 1954.136767760585800, 120.7339465294591000 ) ) ;
#2292 = CARTESIAN_POINT ( 'NONE',  ( 1527.524941456092600, 1927.753891888461100, 111.2089465294591000 ) ) ;
#2293 = VERTEX_POINT ( 'NONE', #1185 ) ;
#2294 = ORIENTED_EDGE ( 'NONE', *, *, #1808, .T. ) ;
#2295 = ADVANCED_FACE ( 'NONE', ( #6357 ), #501, .T. ) ;
#2296 = CARTESIAN_POINT ( 'NONE',  ( 1542.824753631562800, 1956.828277959403500, 28.72244652945909800 ) ) ;
#2297 = CYLINDRICAL_SURFACE ( 'NONE', #2992, 102.0000005463257700 ) ;
#2298 = LINE ( 'NONE', #1610, #5838 ) ;
#2299 = LINE ( 'NONE', #1611, #1919 ) ;
#2300 = CARTESIAN_POINT ( 'NONE',  ( 1696.366815309239400, 2150.891094985175600, 87.14744652945916000 ) ) ;
#2301 = ORIENTED_EDGE ( 'NONE', *, *, #4544, .F. ) ;
#2302 = ORIENTED_EDGE ( 'NONE', *, *, #3820, .T. ) ;
#2303 = CARTESIAN_POINT ( 'NONE',  ( 1531.599137791028400, 2000.929689872136100, -78.40205347054090600 ) ) ;
#2304 = VECTOR ( 'NONE', #4969, 1000.000000000000000 ) ;
#2305 = CARTESIAN_POINT ( 'NONE',  ( 1575.358532250792700, 1894.493530639213300, 120.7339465294590800 ) ) ;
#2306 = CARTESIAN_POINT ( 'NONE',  ( 1767.629999349615700, 1895.415774537675600, 29.08221271253256600 ) ) ;
#2307 = CARTESIAN_POINT ( 'NONE',  ( 1796.839999349615700, 1964.763844693683300, -79.85255331776186000 ) ) ;
#2308 = CARTESIAN_POINT ( 'NONE',  ( 1806.999999349615100, 1969.999832439667200, 70.00000000000005700 ) ) ;
#2309 = LINE ( 'NONE', #1621, #5880 ) ;
#2310 = CARTESIAN_POINT ( 'NONE',  ( 1541.733399384805800, 1966.709891162981200, -53.00205347054089300 ) ) ;
#2311 = ADVANCED_FACE ( 'NONE', ( #6708 ), #4457, .F. ) ;
#2312 = CARTESIAN_POINT ( 'NONE',  ( 1551.194535671231500, 2037.305237078714300, 120.7339465294590900 ) ) ;
#2313 = CARTESIAN_POINT ( 'NONE',  ( 1725.831552408480100, 1884.999861134851000, -64.79667464108419500 ) ) ;
#2314 = CARTESIAN_POINT ( 'NONE',  ( 1638.460083898425000, 1934.165493688531800, -78.40205347054090600 ) ) ;
#2315 = CARTESIAN_POINT ( 'NONE',  ( 1595.884536797596600, 1974.148114637423800, 120.7339465294590900 ) ) ;
#2316 = CARTESIAN_POINT ( 'NONE',  ( 1767.629999349615200, 2037.908041892447500, 42.48736081768906600 ) ) ;
#2317 = CARTESIAN_POINT ( 'NONE',  ( 1767.629999349614500, 1957.385871055553000, -78.87749206551308100 ) ) ;
#2318 = CARTESIAN_POINT ( 'NONE',  ( 1542.490998417959400, 2001.509666271926600, -78.40205347054090600 ) ) ;
#2319 = DIRECTION ( 'NONE',  ( 0.0000000000000000000, 0.0000000000000000000, 1.000000000000000000 ) ) ;
#2320 = EDGE_CURVE ( 'NONE', #358, #5235, #1706, .T. ) ;
#2321 = CARTESIAN_POINT ( 'NONE',  ( 1725.831552379516300, 1879.999861042323800, 61.79163120479901700 ) ) ;
#2322 = CARTESIAN_POINT ( 'NONE',  ( 1720.145132735135300, 2056.001679935976400, 66.82244652945908600 ) ) ;
#2323 = CARTESIAN_POINT ( 'NONE',  ( 1724.205256210553400, 1880.267759504872400, -61.88617423421096200 ) ) ;
#2324 = ORIENTED_EDGE ( 'NONE', *, *, #4061, .F. ) ;
#2325 = CARTESIAN_POINT ( 'NONE',  ( 1595.489162791464700, 1965.456913516306000, 111.2089465294590800 ) ) ;
#2326 = CARTESIAN_POINT ( 'NONE',  ( 1660.608740388434900, 2010.873136619155300, 120.7339465294590900 ) ) ;
#2327 = LINE ( 'NONE', #1643, #6454 ) ;
#2328 = ORIENTED_EDGE ( 'NONE', *, *, #5573, .F. ) ;
#2329 = CARTESIAN_POINT ( 'NONE',  ( 1529.315523206372100, 1947.494673706146800, -78.40205347054087800 ) ) ;
#2330 = EDGE_CURVE ( 'NONE', #6368, #2535, #3934, .T. ) ;
#2331 = CARTESIAN_POINT ( 'NONE',  ( 1591.999999384806000, 1969.999832439667200, 107.3989465294591400 ) ) ;
#2332 = CARTESIAN_POINT ( 'NONE',  ( 1541.199999384805800, 1969.999832439667400, 28.72244652945910600 ) ) ;
#2333 = CARTESIAN_POINT ( 'NONE',  ( 1725.831552379516300, 1879.999861042323800, 61.79163120479901700 ) ) ;
#2334 = ORIENTED_EDGE ( 'NONE', *, *, #1108, .T. ) ;
#2335 = ORIENTED_EDGE ( 'NONE', *, *, #5940, .T. ) ;
#2336 = PLANE ( 'NONE',  #4197 ) ;
#2337 = CYLINDRICAL_SURFACE ( 'NONE', #3040, 4.756378424428886500 ) ;
#2338 = CARTESIAN_POINT ( 'NONE',  ( 1580.747102566912600, 1890.668760759485200, 120.7339465294591000 ) ) ;
#2339 = EDGE_CURVE ( 'NONE', #4939, #3452, #692, .T. ) ;
#2340 = CARTESIAN_POINT ( 'NONE',  ( 1767.629999349615200, 1920.104692553274400, 62.68782065291869500 ) ) ;
#2341 = VERTEX_POINT ( 'NONE', #4661 ) ;
#2342 = CARTESIAN_POINT ( 'NONE',  ( 1720.319130857257500, 1883.790620252179000, 66.82244652945908600 ) ) ;
#2343 = CARTESIAN_POINT ( 'NONE',  ( 1571.387085466674100, 1890.715067706026000, 111.2089465294590800 ) ) ;
#2344 = AXIS2_PLACEMENT_3D ( 'NONE', #4379, #3683, #3004 ) ;
#2345 = DIRECTION ( 'NONE',  ( -1.000000000000000000, 0.0000000000000000000, 0.0000000000000000000 ) ) ;
#2346 = DIRECTION ( 'NONE',  ( 0.8314696123373875900, 0.5555702329674571100, -0.0000000000000000000 ) ) ;
#2347 = CARTESIAN_POINT ( 'NONE',  ( 1544.365334879583800, 2033.952091374799900, 120.7339465294591200 ) ) ;
#2348 = CARTESIAN_POINT ( 'NONE',  ( 1704.943730349614300, 2048.999832433316400, 87.14744652945913100 ) ) ;
#2349 = CARTESIAN_POINT ( 'NONE',  ( 1611.237597494910900, 1914.569180901103200, -78.40205347054092000 ) ) ;
#2350 = CARTESIAN_POINT ( 'NONE',  ( 1710.619819268561700, 2049.800041563627900, 74.52451716994829700 ) ) ;
#2351 = EDGE_CURVE ( 'NONE', #1363, #4335, #1291, .T. ) ;
#2352 = CARTESIAN_POINT ( 'NONE',  ( 1796.839999349615000, 2047.441164186645700, -20.59515891165786900 ) ) ;
#2353 = CARTESIAN_POINT ( 'NONE',  ( 1767.629999349615200, 2049.428337250241400, -9.400119902480550800 ) ) ;
#2354 = CARTESIAN_POINT ( 'NONE',  ( 1767.629999349615000, 1922.034015204497300, -63.87818990847937800 ) ) ;
#2355 = CARTESIAN_POINT ( 'NONE',  ( 1566.477624929280400, 2022.832371271424600, -78.40205347054087800 ) ) ;
#2356 = CARTESIAN_POINT ( 'NONE',  ( 1672.904523300724300, 1958.915622164949100, 111.2089465294591100 ) ) ;
#2357 = CARTESIAN_POINT ( 'NONE',  ( 1698.502970742425800, 1906.498855792422800, -90.78455347054091400 ) ) ;
#2358 = DIRECTION ( 'NONE',  ( -1.000000000000000000, 0.0000000000000000000, 0.0000000000000000000 ) ) ;
#2359 = PLANE ( 'NONE',  #5985 ) ;
#2360 = ORIENTED_EDGE ( 'NONE', *, *, #2903, .T. ) ;
#2361 = VERTEX_POINT ( 'NONE', #1220 ) ;
#2362 = EDGE_CURVE ( 'NONE', #4365, #5010, #1907, .T. ) ;
#2363 = DIRECTION ( 'NONE',  ( -1.000000000000000000, 0.0000000000000000000, 0.0000000000000000000 ) ) ;
#2364 = CARTESIAN_POINT ( 'NONE',  ( 1707.077552014088500, 2036.377373707828600, -78.71955347054093000 ) ) ;
#2365 = VERTEX_POINT ( 'NONE', #5189 ) ;
#2366 = AXIS2_PLACEMENT_3D ( 'NONE', #771, #87, #6106 ) ;
#2367 = CARTESIAN_POINT ( 'NONE',  ( 1560.046248260383700, 1910.028091639354900, -78.40205347054087800 ) ) ;
#2368 = B_SPLINE_CURVE_WITH_KNOTS ( 'NONE', 3,
 ( #5227, #2475, #1783, #1100, #416, #6430, #5744, #5067, #4375, #3679 ),
 .UNSPECIFIED., .F., .F.,
 ( 4, 2, 2, 2, 4 ),
 ( 0.0000000000000000000, 0.2500000000000000000, 0.5000000000000000000, 0.7500000000000000000, 1.000000000000000000 ),
 .UNSPECIFIED. ) ;
#2369 = CARTESIAN_POINT ( 'NONE',  ( 1603.234473120731500, 2050.425469081103500, 120.7339465294591000 ) ) ;
#2370 = CARTESIAN_POINT ( 'NONE',  ( 1514.427076766568500, 1982.172222018331700, 120.7339465294591000 ) ) ;
#2371 = DIRECTION ( 'NONE',  ( -0.0000000000000000000, 8.079526793559758100E-017, -1.000000000000000000 ) ) ;
#2372 = ORIENTED_EDGE ( 'NONE', *, *, #3328, .T. ) ;
#2373 = ADVANCED_FACE ( 'NONE', ( #861 ), #5863, .F. ) ;
#2374 = ORIENTED_EDGE ( 'NONE', *, *, #2351, .F. ) ;
#2375 = CARTESIAN_POINT ( 'NONE',  ( 1634.503692837942700, 1905.728986632950400, 120.7339465294590500 ) ) ;
#2376 = VECTOR ( 'NONE', #1367, 1000.000000000000000 ) ;
#2377 = PLANE ( 'NONE',  #6487 ) ;
#2378 = EDGE_CURVE ( 'NONE', #1849, #4285, #2432, .T. ) ;
#2379 = CARTESIAN_POINT ( 'NONE',  ( 1767.629999349614800, 1955.902870643539500, 78.90704925799182900 ) ) ;
#2380 = ORIENTED_EDGE ( 'NONE', *, *, #3320, .T. ) ;
#2381 = CARTESIAN_POINT ( 'NONE',  ( 1603.406591214269600, 2051.692338676144100, 111.2089465294590800 ) ) ;
#2382 = ORIENTED_EDGE ( 'NONE', *, *, #3041, .F. ) ;
#2383 = CARTESIAN_POINT ( 'NONE',  ( 1526.641021937436600, 1920.670826785646300, 120.7339465294590900 ) ) ;
#2384 = FACE_OUTER_BOUND ( 'NONE', #6046, .T. ) ;
#2385 = DIRECTION ( 'NONE',  ( 2.585448573939125700E-015, -1.000000000000000000, 0.0000000000000000000 ) ) ;
#2386 = VERTEX_POINT ( 'NONE', #6391 ) ;
#2387 = CARTESIAN_POINT ( 'NONE',  ( 1596.551153373735600, 1966.602019108904900, 120.7339465294590900 ) ) ;
#2388 = CARTESIAN_POINT ( 'NONE',  ( 1579.930385319647300, 1884.969742963540300, 111.2089465294591000 ) ) ;
#2389 = VECTOR ( 'NONE', #5352, 1000.000000000000000 ) ;
#2390 = CARTESIAN_POINT ( 'NONE',  ( 1570.336334394994100, 1915.453033260949300, -78.40205347054087800 ) ) ;
#2391 = CARTESIAN_POINT ( 'NONE',  ( 1665.962335399680600, 2010.786472098442100, 111.2089465294590800 ) ) ;
#2392 = DIRECTION ( 'NONE',  ( -1.000000000000000000, 0.0000000000000000000, 0.0000000000000000000 ) ) ;
#2393 = EDGE_CURVE ( 'NONE', #1861, #4636, #4433, .T. ) ;
#2394 = CARTESIAN_POINT ( 'NONE',  ( 1767.629999349615400, 2031.961853456076800, -50.46568869143308700 ) ) ;
#2395 = CARTESIAN_POINT ( 'NONE',  ( 1604.967247457632800, 2027.223018498524700, -78.40205347054089200 ) ) ;
#2396 = B_SPLINE_CURVE_WITH_KNOTS ( 'NONE', 3,
 ( #5539, #2789, #2109, #1415, #730, #47 ),
 .UNSPECIFIED., .F., .F.,
 ( 4, 2, 4 ),
 ( 0.0000000000000000000, 0.5000000000000000000, 1.000000000000000000 ),
 .UNSPECIFIED. ) ;
#2397 = LINE ( 'NONE', #1027, #6204 ) ;
#2398 = CARTESIAN_POINT ( 'NONE',  ( 1672.771231692375500, 1958.873850617416100, 120.7339465294590800 ) ) ;
#2399 = CARTESIAN_POINT ( 'NONE',  ( 1568.759388313865200, 2000.293432974324600, -51.92255347054099700 ) ) ;
#2400 = ADVANCED_FACE ( 'NONE', ( #168 ), #3643, .F. ) ;
#2401 = EDGE_LOOP ( 'NONE', ( #3305, #3627, #1115, #2414, #3258, #2261, #2210, #1425, #3178 ) ) ;
#2402 = CARTESIAN_POINT ( 'NONE',  ( 1745.094384371308000, 1938.349489333400200, -90.78455347054089900 ) ) ;
#2403 = CARTESIAN_POINT ( 'NONE',  ( 1593.485121946099100, 1975.532321757466000, 111.2089465294591000 ) ) ;
#2404 = DIRECTION ( 'NONE',  ( -0.0000000000000000000, 0.0000000000000000000, 1.000000000000000000 ) ) ;
#2405 = CARTESIAN_POINT ( 'NONE',  ( 1696.366815309219200, 1789.108569894233800, 87.14744652945916000 ) ) ;
#2406 = CARTESIAN_POINT ( 'NONE',  ( 1608.149311782560500, 2045.660361112738700, 120.7339465294590900 ) ) ;
#2407 = VERTEX_POINT ( 'NONE', #898 ) ;
#2408 = CARTESIAN_POINT ( 'NONE',  ( 1723.937974078914700, 2059.628597966062400, 62.33014839792046000 ) ) ;
#2409 = DIRECTION ( 'NONE',  ( -0.8314696123373384000, -0.5555702329675306100, 0.0000000000000000000 ) ) ;
#2410 = CARTESIAN_POINT ( 'NONE',  ( 1722.001379402814600, 2058.213885292362200, -64.02638953409521600 ) ) ;
#2411 = VERTEX_POINT ( 'NONE', #206 ) ;
#2412 = ADVANCED_FACE ( 'NONE', ( #2246 ), #2762, .F. ) ;
#2413 = AXIS2_PLACEMENT_3D ( 'NONE', #911, #6247, #5557 ) ;
#2414 = ORIENTED_EDGE ( 'NONE', *, *, #1855, .F. ) ;
#2415 = DIRECTION ( 'NONE',  ( -0.0000000000000000000, 8.079526793559758100E-017, -1.000000000000000000 ) ) ;
#2416 = B_SPLINE_CURVE_WITH_KNOTS ( 'NONE', 3,
 ( #4361, #3665, #2983, #2296, #1609, #924, #236, #6259, #5570, #4884, #4196, #3512, #2818, #2138, #1446, #759, #75, #6092, #5408, #4727, #4039, #3348, #2660, #1978, #1283, #599, #6620, #5929, #5254, #4564, #3866, #3188, #2499, #1809 ),
 .UNSPECIFIED., .F., .F.,
 ( 4, 2, 2, 2, 2, 2, 2, 2, 2, 2, 2, 2, 2, 2, 2, 2, 4 ),
 ( 0.0000000000000000000, 0.06250000000000000000, 0.1250000000000000000, 0.1875000000000000000, 0.2500000000000000000, 0.3125000000000000000, 0.3750000000000000000, 0.4375000000000000000, 0.5000000000000000000, 0.5625000000000000000, 0.6250000000000000000, 0.6875000000000000000, 0.7500000000000000000, 0.8125000000000000000, 0.8750000000000000000, 0.9375000000000000000, 1.000000000000000000 ),
 .UNSPECIFIED. ) ;
#2417 = VECTOR ( 'NONE', #1061, 1000.000000000000000 ) ;
#2418 = CARTESIAN_POINT ( 'NONE',  ( 1704.943730349614300, 1890.999832446017100, 76.98494652945909400 ) ) ;
#2419 = FACE_OUTER_BOUND ( 'NONE', #4769, .T. ) ;
#2420 = CARTESIAN_POINT ( 'NONE',  ( 1523.726961494818600, 1929.361525581362500, 120.7339465294590900 ) ) ;
#2421 = CARTESIAN_POINT ( 'NONE',  ( 1586.252231370002200, 1964.252062317920700, 111.2089465294590800 ) ) ;
#2422 = ORIENTED_EDGE ( 'NONE', *, *, #4470, .T. ) ;
#2423 = CARTESIAN_POINT ( 'NONE',  ( 1577.360060157090400, 2033.603666009215700, -78.40205347054090600 ) ) ;
#2424 = AXIS2_PLACEMENT_3D ( 'NONE', #1531, #836, #148 ) ;
#2425 = CARTESIAN_POINT ( 'NONE',  ( 1641.073012860076700, 1905.228662544934900, 111.2089465294591100 ) ) ;
#2426 = CARTESIAN_POINT ( 'NONE',  ( 1767.629999349615200, 1898.662489311087500, -36.09506158590711100 ) ) ;
#2427 = CARTESIAN_POINT ( 'NONE',  ( 1588.409759110682000, 1965.598305598630500, 120.7339465294590900 ) ) ;
#2428 = CARTESIAN_POINT ( 'NONE',  ( 1621.521513593235600, 2033.500809244671700, -78.40205347054089200 ) ) ;
#2429 = CARTESIAN_POINT ( 'NONE',  ( 1544.271179142037500, 1935.873603702539600, -78.40205347054090600 ) ) ;
#2430 = ORIENTED_EDGE ( 'NONE', *, *, #6255, .T. ) ;
#2431 = VECTOR ( 'NONE', #1408, 1000.000000000000000 ) ;
#2432 = LINE ( 'NONE', #1742, #2417 ) ;
#2433 = EDGE_CURVE ( 'NONE', #5407, #6126, #4173, .T. ) ;
#2434 = CARTESIAN_POINT ( 'NONE',  ( 1767.629999349615000, 2005.298340180423600, -71.64409546160865700 ) ) ;
#2435 = VECTOR ( 'NONE', #5437, 1000.000000000000000 ) ;
#2436 = CARTESIAN_POINT ( 'NONE',  ( 1636.480730155444700, 2008.281360183093700, -78.40205347054090600 ) ) ;
#2437 = DIRECTION ( 'NONE',  ( 0.0000000000000000000, 1.000000000000000000, 0.0000000000000000000 ) ) ;
#2438 = CARTESIAN_POINT ( 'NONE',  ( 1655.351609539491400, 2015.608362145969500, 111.2089465294591000 ) ) ;
#2439 = ADVANCED_FACE ( 'NONE', ( #6527 ), #2112, .F. ) ;
#2440 = CARTESIAN_POINT ( 'NONE',  ( 1587.118826500356400, 1972.913359042468300, 120.7339465294590900 ) ) ;
#2441 = CARTESIAN_POINT ( 'NONE',  ( 1767.629999349615400, 2004.992244267505400, 72.08861235554408600 ) ) ;
#2442 = B_SPLINE_CURVE_WITH_KNOTS ( 'NONE', 3,
 ( #5587, #4899, #4211, #3528, #2833, #2151, #1462, #775, #90, #6110 ),
 .UNSPECIFIED., .F., .F.,
 ( 4, 2, 2, 2, 4 ),
 ( 0.0000000000000000000, 0.2500000000000000000, 0.5000000000000000000, 0.7500000000000000000, 1.000000000000000000 ),
 .UNSPECIFIED. ) ;
#2443 = DIRECTION ( 'NONE',  ( -0.6427873377315069800, -0.7660446713162630800, 0.0000000000000000000 ) ) ;
#2444 = CARTESIAN_POINT ( 'NONE',  ( 1549.969789133404700, 2034.877610319368600, 111.2089465294591000 ) ) ;
#2445 = CARTESIAN_POINT ( 'NONE',  ( 1513.680439694774300, 1990.435602291643600, 111.2089465294591300 ) ) ;
#2446 = ORIENTED_EDGE ( 'NONE', *, *, #2792, .F. ) ;
#2447 = CARTESIAN_POINT ( 'NONE',  ( 1656.712733821536900, 2018.947609263619800, 120.7339465294590600 ) ) ;
#2448 = CARTESIAN_POINT ( 'NONE',  ( 1614.275703814823400, 2015.181109328556900, -53.00205347054088600 ) ) ;
#2449 = EDGE_LOOP ( 'NONE', ( #4432, #3782, #667, #310 ) ) ;
#2450 = ORIENTED_EDGE ( 'NONE', *, *, #3431, .F. ) ;
#2451 = ADVANCED_FACE ( 'NONE', ( #3631 ), #6068, .F. ) ;
#2452 = CARTESIAN_POINT ( 'NONE',  ( 1650.646600778412000, 1982.699832439667500, -55.97174752977822000 ) ) ;
#2453 = CARTESIAN_POINT ( 'NONE',  ( 1668.147433407227500, 1951.887340696798700, 120.7339465294590900 ) ) ;
#2454 = DATE_TIME_ROLE ( 'classification_date' ) ;
#2455 = CARTESIAN_POINT ( 'NONE',  ( 1521.648619305437700, 1928.796844177274400, 111.2089465294591100 ) ) ;
#2456 = ORIENTED_EDGE ( 'NONE', *, *, #4337, .F. ) ;
#2457 = ADVANCED_FACE ( 'NONE', ( #2936 ), #4328, .T. ) ;
#2458 = VERTEX_POINT ( 'NONE', #1259 ) ;
#2459 = CARTESIAN_POINT ( 'NONE',  ( 1667.584376711873300, 1954.136767765182200, 111.2089465294591000 ) ) ;
#2460 = CARTESIAN_POINT ( 'NONE',  ( 1632.843955959929000, 1901.167011654771600, 120.7339465294591000 ) ) ;
#2461 = CARTESIAN_POINT ( 'NONE',  ( 1705.036789291522600, 2068.800266775732800, 87.14744652945916000 ) ) ;
#2462 = CARTESIAN_POINT ( 'NONE',  ( 1563.295961855516900, 1995.177331636792600, 28.72244652945910200 ) ) ;
#2463 = ORIENTED_EDGE ( 'NONE', *, *, #5015, .T. ) ;
#2464 = FACE_OUTER_BOUND ( 'NONE', #4404, .T. ) ;
#2465 = ORIENTED_EDGE ( 'NONE', *, *, #6468, .F. ) ;
#2466 = B_SPLINE_CURVE_WITH_KNOTS ( 'NONE', 3,
 ( #2701, #644, #6671, #5980, #5296, #4613, #3915, #3234, #2548, #1858, #1171, #488, #6500, #5811, #5140, #4445, #3745, #3075 ),
 .UNSPECIFIED., .F., .F.,
 ( 4, 2, 2, 2, 2, 2, 2, 2, 4 ),
 ( 0.0000000000000000000, 0.06250000000000000000, 0.1250000000000000000, 0.1875000000000000000, 0.2500000000000000000, 0.3125000000000000000, 0.3750000000000000000, 0.4375000000000000000, 0.5000000000000000000 ),
 .UNSPECIFIED. ) ;
#2467 = CARTESIAN_POINT ( 'NONE',  ( 1536.207441430461100, 2010.253755630486700, -78.40205347054089200 ) ) ;
#2468 = FACE_OUTER_BOUND ( 'NONE', #1470, .T. ) ;
#2469 = EDGE_CURVE ( 'NONE', #4892, #1158, #572, .T. ) ;
#2470 = CARTESIAN_POINT ( 'NONE',  ( 1573.678668574134700, 1893.912438825978600, 120.7339465294591000 ) ) ;
#2471 = CARTESIAN_POINT ( 'NONE',  ( 1767.629999349614800, 1892.410678307210000, 19.63933424521419700 ) ) ;
#2472 = DIRECTION ( 'NONE',  ( 0.0000000000000000000, 0.0000000000000000000, 1.000000000000000000 ) ) ;
#2473 = CARTESIAN_POINT ( 'NONE',  ( 1533.325999384806000, 1969.999832439667400, -78.40205347054087800 ) ) ;
#2474 = EDGE_CURVE ( 'NONE', #970, #4922, #4536, .T. ) ;
#2475 = CARTESIAN_POINT ( 'NONE',  ( 1703.168371657402500, 2033.500581859980700, -90.78455347054092800 ) ) ;
#2476 = EDGE_CURVE ( 'NONE', #5576, #2535, #2368, .T. ) ;
#2477 = CARTESIAN_POINT ( 'NONE',  ( 1566.808858907527600, 1926.376888584191000, -53.00205347054087900 ) ) ;
#2478 = CARTESIAN_POINT ( 'NONE',  ( 1675.899383546099200, 1958.265470803534300, 111.2089465294590800 ) ) ;
#2479 = DIRECTION ( 'NONE',  ( 0.5555702329675446000, -0.8314696123373290800, 0.0000000000000000000 ) ) ;
#2480 = FACE_OUTER_BOUND ( 'NONE', #333, .T. ) ;
#2481 = CARTESIAN_POINT ( 'NONE',  ( 1643.623555850737400, 1942.113513828952400, -78.40205347054090600 ) ) ;
#2482 = CARTESIAN_POINT ( 'NONE',  ( 1594.571037194145200, 1975.064279075600600, 120.7339465294590900 ) ) ;
#2483 = CARTESIAN_POINT ( 'NONE',  ( 1767.629999349615000, 2031.254609540748100, 51.62636541719697900 ) ) ;
#2484 = VECTOR ( 'NONE', #1595, 1000.000000000000000 ) ;
#2485 = CARTESIAN_POINT ( 'NONE',  ( 1767.629999349614800, 1965.560948941343900, -79.76397702859682700 ) ) ;
#2486 = CARTESIAN_POINT ( 'NONE',  ( 1538.341494350534000, 1993.741926385693700, -78.40205347054089200 ) ) ;
#2487 = PLANE ( 'NONE',  #4907 ) ;
#2488 = CARTESIAN_POINT ( 'NONE',  ( 1723.852872605222000, 1880.403952595244800, 62.37761004242306500 ) ) ;
#2489 = EDGE_CURVE ( 'NONE', #6485, #5967, #2309, .T. ) ;
#2490 = B_SPLINE_CURVE_WITH_KNOTS ( 'NONE', 3,
 ( #5289, #4606, #3909, #3227, #2542, #1851 ),
 .UNSPECIFIED., .F., .F.,
 ( 4, 2, 4 ),
 ( 0.0000000000000000000, 0.5000000000000000000, 1.000000000000000000 ),
 .UNSPECIFIED. ) ;
#2491 = CARTESIAN_POINT ( 'NONE',  ( 1571.129025923602100, 1889.417714774246000, 120.7339465294590900 ) ) ;
#2492 = CARTESIAN_POINT ( 'NONE',  ( 1725.618499220973300, 1879.999911239890500, -61.49681143388923500 ) ) ;
#2493 = ORIENTED_EDGE ( 'NONE', *, *, #3521, .T. ) ;
#2494 = ADVANCED_FACE ( 'NONE', ( #4847 ), #5712, .T. ) ;
#2495 = CARTESIAN_POINT ( 'NONE',  ( 1586.467644545066600, 1968.514765589163100, 111.2089465294590800 ) ) ;
#2496 = CARTESIAN_POINT ( 'NONE',  ( 1662.142674407375400, 2011.308861588529900, 120.7339465294591200 ) ) ;
#2497 = CARTESIAN_POINT ( 'NONE',  ( 1743.499999349615100, 1879.999861042323800, 61.79163120479916700 ) ) ;
#2498 = ORIENTED_EDGE ( 'NONE', *, *, #58, .F. ) ;
#2499 = CARTESIAN_POINT ( 'NONE',  ( 1642.799999384806600, 1966.674980214618500, 28.72244652945910200 ) ) ;
#2500 = EDGE_CURVE ( 'NONE', #4193, #5355, #1810, .T. ) ;
#2501 = PLANE ( 'NONE',  #523 ) ;
#2502 = CARTESIAN_POINT ( 'NONE',  ( 1561.012517956885200, 2010.391299819211100, 28.72244652945910600 ) ) ;
#2503 = CIRCLE ( 'NONE', #1098, 58.67399999999989300 ) ;
#2504 = CARTESIAN_POINT ( 'NONE',  ( 1613.387914246206700, 2053.176444524324800, 111.2089465294591000 ) ) ;
#2505 = ORIENTED_EDGE ( 'NONE', *, *, #3558, .F. ) ;
#2506 = ORIENTED_EDGE ( 'NONE', *, *, #4094, .T. ) ;
#2507 = CARTESIAN_POINT ( 'NONE',  ( 1555.845914799934500, 1957.723415856067300, 28.72244652945910900 ) ) ;
#2508 = CARTESIAN_POINT ( 'NONE',  ( 1579.913648426591900, 1892.564088816167200, 120.7339465294591000 ) ) ;
#2509 = AXIS2_PLACEMENT_3D ( 'NONE', #5635, #4947, #4255 ) ;
#2510 = CARTESIAN_POINT ( 'NONE',  ( 1767.629999349614300, 1912.120468515908200, 55.40660783614060800 ) ) ;
#2511 = CARTESIAN_POINT ( 'NONE',  ( 1796.839999349615000, 1949.257226998550100, 77.58877827643770800 ) ) ;
#2512 = B_SPLINE_CURVE_WITH_KNOTS ( 'NONE', 3,
 ( #6044, #5356, #4677, #3987, #3295, #2608, #1925, #1234, #549, #6566, #5877, #5204, #4510, #3816, #3139, #2447, #1755, #1074, #390, #6405, #5719, #5044, #4351 ),
 .UNSPECIFIED., .F., .F.,
 ( 4, 2, 2, 2, 2, 1, 2, 2, 1, 2, 2, 1, 4 ),
 ( 0.6755890673087968600, 0.7161404338951727900, 0.7566918004815487200, 0.7972431670679246400, 0.8175188503611422500, 0.8377945336543598500, 0.8580702169475773500, 0.8783459002407949500, 0.9188972668272579200, 0.9290351084738577300, 0.9391729501204573200, 0.9594486334136569400, 1.000000000000000000 ),
 .UNSPECIFIED. ) ;
#2513 = CARTESIAN_POINT ( 'NONE',  ( 1767.629999349615000, 2032.040978613949400, -81.09911341062284900 ) ) ;
#2514 = CARTESIAN_POINT ( 'NONE',  ( 1575.225600632038500, 1906.498855844674800, -114.5970534705408400 ) ) ;
#2515 = AXIS2_PLACEMENT_3D ( 'NONE', #1952, #1261, #573 ) ;
#2516 = CARTESIAN_POINT ( 'NONE',  ( 1746.901367013820200, 1943.534727419219300, -114.5970534705409600 ) ) ;
#2517 = CARTESIAN_POINT ( 'NONE',  ( 1546.070176610540600, 2033.457293855380800, 120.7339465294590900 ) ) ;
#2518 = CARTESIAN_POINT ( 'NONE',  ( 1554.129805871163200, 2003.217346380407700, -53.00205347054087200 ) ) ;
#2519 = CARTESIAN_POINT ( 'NONE',  ( 1617.238848125237600, 1917.031293300364300, -78.40205347054087800 ) ) ;
#2520 = ORIENTED_EDGE ( 'NONE', *, *, #5665, .F. ) ;
#2521 = CARTESIAN_POINT ( 'NONE',  ( 1719.624395243693000, 2055.373768278203900, 68.06554327897980300 ) ) ;
#2522 = CARTESIAN_POINT ( 'NONE',  ( 1796.839999349615500, 2030.270777267954100, 53.01358647495715800 ) ) ;
#2523 = CIRCLE ( 'NONE', #1253, 122.0976039079098000 ) ;
#2524 = CARTESIAN_POINT ( 'NONE',  ( 1767.629999349614800, 2049.270359943389400, 10.92832871795026000 ) ) ;
#2525 = ORIENTED_EDGE ( 'NONE', *, *, #1198, .T. ) ;
#2526 = CARTESIAN_POINT ( 'NONE',  ( 1767.629999349615000, 1928.522696866421000, -68.26051054113743500 ) ) ;
#2527 = VECTOR ( 'NONE', #5129, 1000.000000000000000 ) ;
#2528 = CARTESIAN_POINT ( 'NONE',  ( 1559.805297810655200, 2019.057019567571200, -78.40205347054089200 ) ) ;
#2529 = DIRECTION ( 'NONE',  ( 1.000000000000000000, 0.0000000000000000000, 0.0000000000000000000 ) ) ;
#2530 = CARTESIAN_POINT ( 'NONE',  ( 1533.556444811089900, 2005.658369420192200, -114.5970534705409800 ) ) ;
#2531 = ORIENTED_EDGE ( 'NONE', *, *, #4243, .F. ) ;
#2532 = CARTESIAN_POINT ( 'NONE',  ( 1696.366815309219200, 1789.108569894233800, 66.82244652945908600 ) ) ;
#2533 = CARTESIAN_POINT ( 'NONE',  ( 1635.758051225704300, 1896.101086854310800, 111.2089465294591000 ) ) ;
#2534 = EDGE_LOOP ( 'NONE', ( #2872, #4270, #4325, #4709 ) ) ;
#2535 = VERTEX_POINT ( 'NONE', #2832 ) ;
#2536 = AXIS2_PLACEMENT_3D ( 'NONE', #3530, #2835, #2154 ) ;
#2537 = CARTESIAN_POINT ( 'NONE',  ( 1655.644747893481300, 2013.963551907707400, 120.7339465294590900 ) ) ;
#2538 = CARTESIAN_POINT ( 'NONE',  ( 1725.831552379516300, 1879.999861042323800, 61.79163120479891100 ) ) ;
#2539 = ORIENTED_EDGE ( 'NONE', *, *, #3540, .T. ) ;
#2540 = CIRCLE ( 'NONE', #5415, 101.8498275434986900 ) ;
#2541 = CARTESIAN_POINT ( 'NONE',  ( 1551.047364663117800, 1914.708182466130900, -78.40205347054090600 ) ) ;
#2542 = CARTESIAN_POINT ( 'NONE',  ( 1527.008705320102100, 1920.879167271490100, 111.2089465294591100 ) ) ;
#2543 = CARTESIAN_POINT ( 'NONE',  ( 1516.035839374698800, 1984.114897227712400, 120.7339465294590900 ) ) ;
#2544 = CARTESIAN_POINT ( 'NONE',  ( 1686.927265703549000, 1957.299832439667600, 24.57466653699777500 ) ) ;
#2545 = ORIENTED_EDGE ( 'NONE', *, *, #5751, .F. ) ;
#2546 = EDGE_LOOP ( 'NONE', ( #922, #3855, #2926, #2090 ) ) ;
#2547 = CARTESIAN_POINT ( 'NONE',  ( 1633.093670088424900, 1903.752888969759200, 120.7339465294590900 ) ) ;
#2548 = CARTESIAN_POINT ( 'NONE',  ( 1629.870192898448700, 1936.782318498925900, -53.00205347054087900 ) ) ;
#2549 = CARTESIAN_POINT ( 'NONE',  ( 1767.629999349615400, 1945.700857745977600, 76.37171331554017700 ) ) ;
#2550 = ORIENTED_EDGE ( 'NONE', *, *, #3328, .F. ) ;
#2551 = CARTESIAN_POINT ( 'NONE',  ( 1580.869623095754400, 1884.912279251801000, 111.2089465294590800 ) ) ;
#2552 = CARTESIAN_POINT ( 'NONE',  ( 1528.546538157184600, 1923.437367299617800, 120.7339465294590900 ) ) ;
#2553 = CARTESIAN_POINT ( 'NONE',  ( 1516.015727204065800, 1988.090020098375400, 120.7339465294591000 ) ) ;
#2554 = ORIENTED_EDGE ( 'NONE', *, *, #3893, .T. ) ;
#2555 = CARTESIAN_POINT ( 'NONE',  ( 1597.454786355293200, 1968.417648886751300, 120.7339465294591000 ) ) ;
#2556 = B_SPLINE_CURVE_WITH_KNOTS ( 'NONE', 3,
 ( #2410, #1725, #1045, #357, #6375, #5690, #5009, #4317, #3626, #2937, #2253, #1568, #879, #190, #6218, #5522, #4841, #4157, #3461, #2775, #2096, #1402, #716, #33, #6051, #5364, #4687, #3994, #3303, #2616 ),
 .UNSPECIFIED., .F., .F.,
 ( 4, 1, 1, 1, 1, 2, 2, 2, 1, 1, 1, 2, 2, 2, 1, 1, 1, 2, 2, 4 ),
 ( 0.0000000000000000000, 0.1249999999995065600, 0.1874999999991950600, 0.2187499999990036300, 0.2343749999989079000, 0.2421874999988192800, 0.2499999999987306500, 0.3749999999971484500, 0.4374999999964133100, 0.4687499999960457200, 0.4843749999958619200, 0.4921874999958232300, 0.4999999999957844800, 0.6249999999959163800, 0.6874999999959822100, 0.7187499999961102200, 0.7343749999961135500, 0.7421874999961760600, 0.7499999999962385600, 1.000000000000000000 ),
 .UNSPECIFIED. ) ;
#2557 = CARTESIAN_POINT ( 'NONE',  ( 1743.499999349615100, 1879.999861042323800, -78.71955347054093000 ) ) ;
#2558 = CARTESIAN_POINT ( 'NONE',  ( 1579.671690122315600, 1912.634980950475900, -78.40205347054087800 ) ) ;
#2559 = LINE ( 'NONE', #1868, #1039 ) ;
#2560 = DIRECTION ( 'NONE',  ( -0.0000000000000000000, -0.0000000000000000000, -1.000000000000000000 ) ) ;
#2561 = AXIS2_PLACEMENT_3D ( 'NONE', #680, #6709, #6017 ) ;
#2562 = CARTESIAN_POINT ( 'NONE',  ( 1767.629999349615400, 2038.712284720072600, -40.87440300032878300 ) ) ;
#2563 = CARTESIAN_POINT ( 'NONE',  ( 1598.138689923579700, 2028.351982822787900, -78.40205347054087800 ) ) ;
#2564 = CARTESIAN_POINT ( 'NONE',  ( 1628.881433699738400, 1960.121166579469700, -51.92255347054097600 ) ) ;
#2565 = CARTESIAN_POINT ( 'NONE',  ( 1670.760223601089100, 1958.626836560310300, 120.7339465294591000 ) ) ;
#2566 = CARTESIAN_POINT ( 'NONE',  ( 1700.383964890887200, 2026.374775382894500, -78.40205347054089200 ) ) ;
#2567 = AXIS2_PLACEMENT_3D ( 'NONE', #6432, #5746, #5071 ) ;
#2568 = CARTESIAN_POINT ( 'NONE',  ( 1707.939999349615200, 1890.774118117580900, 87.14744652945911700 ) ) ;
#2569 = LINE ( 'NONE', #1880, #2221 ) ;
#2570 = EDGE_LOOP ( 'NONE', ( #4431, #635, #2740, #3932, #6599 ) ) ;
#2571 = CARTESIAN_POINT ( 'NONE',  ( 1709.209148379516400, 1901.414126244674200, -78.71955347054094400 ) ) ;
#2572 = CARTESIAN_POINT ( 'NONE',  ( 1609.929774566001500, 2046.081381393263700, 120.7339465294590900 ) ) ;
#2573 = ORIENTED_EDGE ( 'NONE', *, *, #5042, .F. ) ;
#2574 = CARTESIAN_POINT ( 'NONE',  ( 1725.407095400836900, 2059.986477471781200, 61.81110131489251100 ) ) ;
#2575 = B_SPLINE_CURVE_WITH_KNOTS ( 'NONE', 3,
 ( #3220, #1844, #1156, #472 ),
 .UNSPECIFIED., .F., .F.,
 ( 4, 4 ),
 ( 0.0000000000000000000, 1.000000000000000000 ),
 .UNSPECIFIED. ) ;
#2576 = LINE ( 'NONE', #5842, #5883 ) ;
#2577 = CARTESIAN_POINT ( 'NONE',  ( 1657.007645866251800, 1982.699832439667000, -6.780172451711459700 ) ) ;
#2578 = VERTEX_POINT ( 'NONE', #2150 ) ;
#2579 = ORIENTED_EDGE ( 'NONE', *, *, #5615, .T. ) ;
#2580 = CARTESIAN_POINT ( 'NONE',  ( 1548.374945407511600, 2043.977169025242600, 120.7339465294591000 ) ) ;
#2581 = CARTESIAN_POINT ( 'NONE',  ( 1698.500534579525000, 1956.498855844675700, -114.5970534705409000 ) ) ;
#2582 = CARTESIAN_POINT ( 'NONE',  ( 1528.498092979527900, 1983.500809044674700, -90.78455347054089900 ) ) ;
#2583 = VERTEX_POINT ( 'NONE', #1461 ) ;
#2584 = CARTESIAN_POINT ( 'NONE',  ( 1577.669222080894800, 1894.298093188935100, 111.2089465294591100 ) ) ;
#2585 = CARTESIAN_POINT ( 'NONE',  ( 1634.073432234594500, 1905.335003739475500, 111.2089465294591000 ) ) ;
#2586 = FACE_OUTER_BOUND ( 'NONE', #3732, .T. ) ;
#2587 = CARTESIAN_POINT ( 'NONE',  ( 1767.629999349615000, 1904.262211514082500, -45.44386229445044700 ) ) ;
#2588 = CARTESIAN_POINT ( 'NONE',  ( 1590.379719548300700, 1964.551389483070800, 120.7339465294591000 ) ) ;
#2589 = CARTESIAN_POINT ( 'NONE',  ( 1701.550705419968400, 1906.158024286959700, -78.71955347054094400 ) ) ;
#2590 = CARTESIAN_POINT ( 'NONE',  ( 1551.767467050836800, 1927.291724480193800, -78.40205347054089200 ) ) ;
#2591 = CARTESIAN_POINT ( 'NONE',  ( 1671.412850007394400, 1949.471781812096200, 120.7339465294590900 ) ) ;
#2592 = AXIS2_PLACEMENT_3D ( 'NONE', #2956, #2271, #1584 ) ;
#2593 = CARTESIAN_POINT ( 'NONE',  ( 1767.629999349615200, 2012.028323404292700, -67.92348805437870900 ) ) ;
#2594 = B_SPLINE_CURVE_WITH_KNOTS ( 'NONE', 3,
 ( #2628, #1947, #1256, #569 ),
 .UNSPECIFIED., .F., .F.,
 ( 4, 4 ),
 ( 0.0000000000000000000, 1.000000000000000000 ),
 .UNSPECIFIED. ) ;
#2595 = CARTESIAN_POINT ( 'NONE',  ( 1630.038216968317300, 2014.678058651127500, -78.40205347054089200 ) ) ;
#2596 = DIRECTION ( 'NONE',  ( 0.0000000000000000000, 1.000000000000000000, 0.0000000000000000000 ) ) ;
#2597 = CARTESIAN_POINT ( 'NONE',  ( 1658.648233613001100, 2011.061338403688300, 111.2089465294591000 ) ) ;
#2598 = CARTESIAN_POINT ( 'NONE',  ( 1586.431741875306700, 1971.133658320965700, 120.7339465294590900 ) ) ;
#2599 = FACE_OUTER_BOUND ( 'NONE', #1933, .T. ) ;
#2600 = CARTESIAN_POINT ( 'NONE',  ( 1767.629999349615700, 1992.369638459945700, 76.95624782462380200 ) ) ;
#2601 = LINE ( 'NONE', #1920, #2901 ) ;
#2602 = FACE_OUTER_BOUND ( 'NONE', #4882, .T. ) ;
#2603 = CARTESIAN_POINT ( 'NONE',  ( 1591.999999384806000, 1969.999832439667200, 87.14744652945916000 ) ) ;
#2604 = CARTESIAN_POINT ( 'NONE',  ( 1644.997777521517700, 1957.299828283486500, -60.04115840001092900 ) ) ;
#2605 = ORIENTED_EDGE ( 'NONE', *, *, #5432, .T. ) ;
#2606 = VECTOR ( 'NONE', #6297, 1000.000000000000000 ) ;
#2607 = VERTEX_POINT ( 'NONE', #773 ) ;
#2608 = CARTESIAN_POINT ( 'NONE',  ( 1655.587911172264500, 2017.105065301104800, 120.7339465294591000 ) ) ;
#2609 = CARTESIAN_POINT ( 'NONE',  ( 1603.234473120731500, 2050.425469081103500, 120.7339465294591000 ) ) ;
#2610 = EDGE_LOOP ( 'NONE', ( #3236, #5607, #1704, #4029 ) ) ;
#2611 = EDGE_CURVE ( 'NONE', #4359, #5721, #772, .T. ) ;
#2612 = ORIENTED_EDGE ( 'NONE', *, *, #4891, .F. ) ;
#2613 = CARTESIAN_POINT ( 'NONE',  ( 1648.476837232609800, 1982.699832439667000, -56.68172423225695400 ) ) ;
#2614 = CARTESIAN_POINT ( 'NONE',  ( 1670.092588909106800, 1949.943078320669200, 120.7339465294590900 ) ) ;
#2615 = DATE_AND_TIME ( #6071, #5772 ) ;
#2616 = CARTESIAN_POINT ( 'NONE',  ( 1725.831601379513100, 2059.999946942326000, -61.49652921285104400 ) ) ;
#2617 = ORIENTED_EDGE ( 'NONE', *, *, #4485, .F. ) ;
#2618 = EDGE_LOOP ( 'NONE', ( #6534, #2422, #3109, #25, #151, #2905, #3592, #6132, #4758 ) ) ;
#2619 = UNCERTAINTY_MEASURE_WITH_UNIT (LENGTH_MEASURE( 1.000000000000000100E-005 ), #517, 'distance_accuracy_value', 'NONE');
#2620 = CARTESIAN_POINT ( 'NONE',  ( 1604.858891914138400, 2046.798791428074500, 111.2089465294591100 ) ) ;
#2621 = CARTESIAN_POINT ( 'NONE',  ( 1725.831601379513100, 2059.999946942326000, -61.49652921285104400 ) ) ;
#2622 = CARTESIAN_POINT ( 'NONE',  ( 1528.548411481895100, 1925.762570090313100, 120.7339465294590900 ) ) ;
#2623 = DIRECTION ( 'NONE',  ( 0.6427847584997261600, 0.7660468355397395100, 0.0000000000000000000 ) ) ;
#2624 = ORIENTED_EDGE ( 'NONE', *, *, #1435, .T. ) ;
#2625 = CARTESIAN_POINT ( 'NONE',  ( 1546.745672705779000, 2022.325586643067000, -78.40205347054087800 ) ) ;
#2626 = CARTESIAN_POINT ( 'NONE',  ( 1572.775210928498200, 1893.234662890948400, 120.7339465294591000 ) ) ;
#2627 = CARTESIAN_POINT ( 'NONE',  ( 1767.629999349614300, 1890.452157686569500, 8.660689702353188600 ) ) ;
#2628 = CARTESIAN_POINT ( 'NONE',  ( 1720.264613344747700, 1883.855591635584700, 67.07404910345940200 ) ) ;
#2629 = DIRECTION ( 'NONE',  ( 0.0000000000000000000, -8.079526793559758100E-017, 1.000000000000000000 ) ) ;
#2630 = CARTESIAN_POINT ( 'NONE',  ( 1534.007561016854000, 1961.069866824324000, -78.40205347054087800 ) ) ;
#2631 = DIRECTION ( 'NONE',  ( -0.0000000000000000000, -0.0000000000000000000, -1.000000000000000000 ) ) ;
#2632 = VECTOR ( 'NONE', #3478, 1000.000000000000000 ) ;
#2633 = CARTESIAN_POINT ( 'NONE',  ( 1767.629999349615200, 1969.999832439667400, -79.85255331776188800 ) ) ;
#2634 = VERTEX_POINT ( 'NONE', #454 ) ;
#2635 = CARTESIAN_POINT ( 'NONE',  ( 1647.117649677156600, 1990.116566658151200, -78.40205347054089200 ) ) ;
#2636 = CARTESIAN_POINT ( 'NONE',  ( 1603.234742729350300, 2050.425469753478400, 111.2089465294591000 ) ) ;
#2637 = CARTESIAN_POINT ( 'NONE',  ( 1647.132215574341000, 1949.923052688603100, -78.40205347054090600 ) ) ;
#2638 = CARTESIAN_POINT ( 'NONE',  ( 1592.236451397356400, 1975.679469928040800, 120.7339465294591300 ) ) ;
#2639 = CYLINDRICAL_SURFACE ( 'NONE', #3334, 50.80000000000018200 ) ;
#2640 = CIRCLE ( 'NONE', #4772, 109.0871227772101100 ) ;
#2641 = CARTESIAN_POINT ( 'NONE',  ( 1767.629999349615200, 2024.262058796032800, 58.93190627517207500 ) ) ;
#2642 = CARTESIAN_POINT ( 'NONE',  ( 1528.498092979527700, 1906.498855844674800, -114.5970534705409000 ) ) ;
#2643 = CARTESIAN_POINT ( 'NONE',  ( 1535.407123944583200, 1985.489885997313400, -78.40205347054090600 ) ) ;
#2644 = CARTESIAN_POINT ( 'NONE',  ( 1651.962578088538100, 1957.299832439667200, -55.33736405274502300 ) ) ;
#2645 = FACE_OUTER_BOUND ( 'NONE', #2449, .T. ) ;
#2646 = CARTESIAN_POINT ( 'NONE',  ( 1722.791091089864000, 1881.026827992777000, 63.26511431083180500 ) ) ;
#2647 = ORIENTED_EDGE ( 'NONE', *, *, #3013, .T. ) ;
#2648 = EDGE_CURVE ( 'NONE', #4036, #145, #1142, .T. ) ;
#2649 = AXIS2_PLACEMENT_3D ( 'NONE', #150, #6178, #5485 ) ;
#2650 = CARTESIAN_POINT ( 'NONE',  ( 1591.999999384806000, 1969.999832439667200, 107.3989465294591400 ) ) ;
#2651 = CARTESIAN_POINT ( 'NONE',  ( 1743.499999349615100, 2059.999879739975800, -61.49662732806798000 ) ) ;
#2652 = EDGE_LOOP ( 'NONE', ( #3326, #1592, #1684, #3221 ) ) ;
#2653 = CARTESIAN_POINT ( 'NONE',  ( 1656.340045157793800, 1982.699832439667000, -48.63708303936708400 ) ) ;
#2654 = LINE ( 'NONE', #1974, #3680 ) ;
#2655 = DIRECTION ( 'NONE',  ( 0.0000000000000000000, 0.0000000000000000000, -1.000000000000000000 ) ) ;
#2656 = VERTEX_POINT ( 'NONE', #4410 ) ;
#2657 = ORIENTED_EDGE ( 'NONE', *, *, #3985, .T. ) ;
#2658 = CIRCLE ( 'NONE', #3520, 85.88242951849922200 ) ;
#2659 = ADVANCED_FACE ( 'NONE', ( #3287 ), #5108, .F. ) ;
#2660 = CARTESIAN_POINT ( 'NONE',  ( 1617.458453631677500, 1925.913987209271900, 28.72244652945910200 ) ) ;
#2661 = CARTESIAN_POINT ( 'NONE',  ( 1620.704036914094800, 1995.177331636793300, -51.92255347054098300 ) ) ;
#2662 = CARTESIAN_POINT ( 'NONE',  ( 1608.368554829604800, 2018.205278552830100, 28.72244652945909800 ) ) ;
#2663 = DIRECTION ( 'NONE',  ( 0.0000000000000000000, -8.079526793559758100E-017, 1.000000000000000000 ) ) ;
#2664 = VERTEX_POINT ( 'NONE', #1662 ) ;
#2665 = EDGE_LOOP ( 'NONE', ( #5130, #3115, #5868, #5793, #742, #2216, #5281, #5659, #5663, #794, #1395, #2686, #6666, #432, #2179 ) ) ;
#2666 = CARTESIAN_POINT ( 'NONE',  ( 1582.121333524608000, 1933.118398124734500, 28.72244652945909800 ) ) ;
#2667 = CARTESIAN_POINT ( 'NONE',  ( 1579.244836544528400, 1893.312736391965700, 120.7339465294590800 ) ) ;
#2668 = CARTESIAN_POINT ( 'NONE',  ( 1767.629999349614800, 1905.084023783306500, 46.92526814127339200 ) ) ;
#2669 = CARTESIAN_POINT ( 'NONE',  ( 1796.839999349615000, 1894.085744217459500, 25.92469914920616200 ) ) ;
#2670 = PLANE ( 'NONE',  #433 ) ;
#2671 = CARTESIAN_POINT ( 'NONE',  ( 1535.106513028350500, 1931.441322137125100, -114.5970534705408300 ) ) ;
#2672 = CARTESIAN_POINT ( 'NONE',  ( 1714.611317497634700, 1909.052550615185300, -114.5970534705409600 ) ) ;
#2673 = LOCAL_TIME ( 18, 46, 3.000000000000000000, #5216 ) ;
#2674 = CARTESIAN_POINT ( 'NONE',  ( 1549.453070644977100, 2034.448363489786100, 120.7339465294591000 ) ) ;
#2675 = DIRECTION ( 'NONE',  ( -0.0000000000000000000, 0.0000000000000000000, -1.000000000000000000 ) ) ;
#2676 = CARTESIAN_POINT ( 'NONE',  ( 1622.854056082160200, 1920.092231901518100, -78.40205347054087800 ) ) ;
#2677 = CARTESIAN_POINT ( 'NONE',  ( 1597.679414697427500, 1970.541692730212800, 120.7339465294590900 ) ) ;
#2678 = DIRECTION ( 'NONE',  ( 0.0000000000000000000, 0.0000000000000000000, 1.000000000000000000 ) ) ;
#2679 = CARTESIAN_POINT ( 'NONE',  ( 1767.629999349614800, 2046.795340292019300, 22.58896428469036600 ) ) ;
#2680 = CARTESIAN_POINT ( 'NONE',  ( 1767.629999349615200, 1935.007420611369300, -71.79371929644868500 ) ) ;
#2681 = CARTESIAN_POINT ( 'NONE',  ( 1552.403769931960800, 2013.310116896998400, -78.40205347054090600 ) ) ;
#2682 = CARTESIAN_POINT ( 'NONE',  ( 1711.220456900378800, 2045.365585051912100, -78.71955347054091600 ) ) ;
#2683 = CARTESIAN_POINT ( 'NONE',  ( 1571.953188996220200, 2033.178504848695600, -114.5970534705409300 ) ) ;
#2684 = AXIS2_PLACEMENT_3D ( 'NONE', #3752, #3081, #2385 ) ;
#2685 = EDGE_CURVE ( 'NONE', #4976, #4793, #978, .T. ) ;
#2686 = ORIENTED_EDGE ( 'NONE', *, *, #4980, .T. ) ;
#2687 = CARTESIAN_POINT ( 'NONE',  ( 1743.499999349615100, 1879.999861042323800, -84.85255371288654700 ) ) ;
#2688 = CARTESIAN_POINT ( 'NONE',  ( 1722.001330402814100, 1881.785922692288100, -64.02658624775773400 ) ) ;
#2689 = EDGE_LOOP ( 'NONE', ( #1539, #2605, #106, #3912, #4770, #3700, #3864, #3499 ) ) ;
#2690 = CARTESIAN_POINT ( 'NONE',  ( 1656.604326886533000, 2012.391194482778500, 120.7339465294590600 ) ) ;
#2691 = DIRECTION ( 'NONE',  ( -0.0000000000000000000, -0.0000000000000000000, -1.000000000000000000 ) ) ;
#2692 = EDGE_LOOP ( 'NONE', ( #984, #2940, #2776, #1357, #3266, #6697 ) ) ;
#2693 = CARTESIAN_POINT ( 'NONE',  ( 1536.589299955714500, 1929.228642340824500, -78.40205347054089200 ) ) ;
#2694 = CARTESIAN_POINT ( 'NONE',  ( 1541.108165857553100, 2037.753124942824300, 111.2089465294590800 ) ) ;
#2695 = CARTESIAN_POINT ( 'NONE',  ( 1516.408307147898500, 1985.375904924337400, 120.7339465294590900 ) ) ;
#2696 = CARTESIAN_POINT ( 'NONE',  ( 1705.350954260738900, 2035.274996598139800, -90.78455347054081400 ) ) ;
#2697 = ORIENTED_EDGE ( 'NONE', *, *, #4013, .T. ) ;
#2698 = AXIS2_PLACEMENT_3D ( 'NONE', #1550, #858, #171 ) ;
#2699 = ORIENTED_EDGE ( 'NONE', *, *, #229, .T. ) ;
#2700 = CARTESIAN_POINT ( 'NONE',  ( 1511.138698067532200, 1981.296991893823400, 111.2089465294591100 ) ) ;
#2701 = CARTESIAN_POINT ( 'NONE',  ( 1642.266599384806100, 1969.999832439667400, -53.00205347054087900 ) ) ;
#2702 = CARTESIAN_POINT ( 'NONE',  ( 1767.629999349615000, 1933.976596782526700, 71.57918583528690700 ) ) ;
#2703 = ORIENTED_EDGE ( 'NONE', *, *, #5854, .T. ) ;
#2704 = CARTESIAN_POINT ( 'NONE',  ( 1522.273892232992700, 1929.061077250714300, 120.7339465294591000 ) ) ;
#2705 = EDGE_CURVE ( 'NONE', #1927, #5235, #3553, .T. ) ;
#2706 = CARTESIAN_POINT ( 'NONE',  ( 1748.500534579525700, 1956.498855844675700, -114.5970534705409000 ) ) ;
#2707 = VERTEX_POINT ( 'NONE', #2870 ) ;
#2708 = DIRECTION ( 'NONE',  ( -1.000000000000000000, 0.0000000000000000000, 0.0000000000000000000 ) ) ;
#2709 = CARTESIAN_POINT ( 'NONE',  ( 1513.272381075720200, 1990.579669419805700, 120.7339465294590900 ) ) ;
#2710 = DIRECTION ( 'NONE',  ( 0.0000000000000000000, 1.000000000000000000, 0.0000000000000000000 ) ) ;
#2711 = DIRECTION ( 'NONE',  ( 1.000000000000000000, -1.017739762824782800E-015, -0.0000000000000000000 ) ) ;
#2712 = CARTESIAN_POINT ( 'NONE',  ( 1594.071733858162100, 1911.357962358539200, -78.40205347054089200 ) ) ;
#2713 = CARTESIAN_POINT ( 'NONE',  ( 1505.086980712085100, 1883.020314602270900, 120.7339465294590900 ) ) ;
#2714 = LINE ( 'NONE', #2037, #5321 ) ;
#2715 = CARTESIAN_POINT ( 'NONE',  ( 1767.629999349615000, 2043.989220172195900, -30.31739225124010400 ) ) ;
#2716 = CARTESIAN_POINT ( 'NONE',  ( 1586.701117194185800, 2028.444351456421600, -78.40205347054089200 ) ) ;
#2717 = CARTESIAN_POINT ( 'NONE',  ( 1604.276415968405400, 1933.845747854796400, -51.92255347054098300 ) ) ;
#2718 = CARTESIAN_POINT ( 'NONE',  ( 1667.988139543668700, 1956.056638818237600, 120.7339465294591000 ) ) ;
#2719 = ADVANCED_FACE ( 'NONE', ( #215 ), #43, .F. ) ;
#2720 = LINE ( 'NONE', #2045, #134 ) ;
#2721 = CARTESIAN_POINT ( 'NONE',  ( 1591.999999384806000, 1969.999832439667200, 66.82244652945908600 ) ) ;
#2722 = ORIENTED_EDGE ( 'NONE', *, *, #933, .F. ) ;
#2723 = FACE_OUTER_BOUND ( 'NONE', #1241, .T. ) ;
#2724 = ADVANCED_FACE ( 'NONE', ( #1082 ), #811, .F. ) ;
#2725 = PLANE ( 'NONE',  #6108 ) ;
#2726 = CARTESIAN_POINT ( 'NONE',  ( 1612.016415554076000, 2047.890648754860200, 120.7339465294590900 ) ) ;
#2727 = VERTEX_POINT ( 'NONE', #4779 ) ;
#2728 = CARTESIAN_POINT ( 'NONE',  ( 1704.943730349625900, 1890.999832446016900, 66.82244652945910000 ) ) ;
#2729 = VECTOR ( 'NONE', #3290, 1000.000000000000000 ) ;
#2730 = LINE ( 'NONE', #2055, #5034 ) ;
#2731 = CARTESIAN_POINT ( 'NONE',  ( 1511.432579439145900, 1981.327087575037500, 120.7339465294590600 ) ) ;
#2732 = DIRECTION ( 'NONE',  ( -0.0000000000000000000, -0.0000000000000000000, -1.000000000000000000 ) ) ;
#2733 = ORIENTED_EDGE ( 'NONE', *, *, #3281, .T. ) ;
#2734 = ADVANCED_FACE ( 'NONE', ( #6404 ), #1769, .T. ) ;
#2735 = EDGE_LOOP ( 'NONE', ( #266, #5310, #4970, #1691, #1015, #6655, #2172, #4513, #2493, #4929, #2020, #2703, #1807, #444, #2975, #1977, #1984, #3119, #3664, #4889, #3244, #1394, #2465, #2192, #35, #3995, #1940, #5840, #3060, #628, #6376, #1353, #5175, #366, #1002, #5486, #1845, #1793, #4762, #3222, #6184, #6365 ) ) ;
#2736 = CARTESIAN_POINT ( 'NONE',  ( 1640.646493103943600, 1905.608291874130400, 120.7339465294591500 ) ) ;
#2737 = EDGE_CURVE ( 'NONE', #6138, #2407, #2523, .T. ) ;
#2738 = CARTESIAN_POINT ( 'NONE',  ( 1767.629999349615000, 1913.617210380635000, -84.85255371288668900 ) ) ;
#2739 = CARTESIAN_POINT ( 'NONE',  ( 1549.300291209662900, 2024.269162962232900, -90.78455347054084300 ) ) ;
#2740 = ORIENTED_EDGE ( 'NONE', *, *, #4470, .F. ) ;
#2741 = CARTESIAN_POINT ( 'NONE',  ( 1571.387085466673900, 1890.715067706025800, 111.2089465294590800 ) ) ;
#2742 = DIRECTION ( 'NONE',  ( 0.0000000000000000000, 0.0000000000000000000, -1.000000000000000000 ) ) ;
#2743 = CARTESIAN_POINT ( 'NONE',  ( 1767.629999349615000, 1909.784735964941100, -52.52269720735136400 ) ) ;
#2744 = EDGE_CURVE ( 'NONE', #5634, #1281, #6523, .T. ) ;
#2745 = CARTESIAN_POINT ( 'NONE',  ( 1593.509048370027400, 1964.524061391792900, 120.7339465294590900 ) ) ;
#2746 = CARTESIAN_POINT ( 'NONE',  ( 1604.276415968405200, 1933.845747854795500, 28.72244652945911300 ) ) ;
#2747 = CARTESIAN_POINT ( 'NONE',  ( 1556.599506821811000, 1923.208033834740500, -78.40205347054090600 ) ) ;
#2748 = CARTESIAN_POINT ( 'NONE',  ( 1745.037959870896700, 2001.879734894196000, -90.78455347054088500 ) ) ;
#2749 = EDGE_CURVE ( 'NONE', #6656, #4360, #326, .T. ) ;
#2750 = CARTESIAN_POINT ( 'NONE',  ( 1767.629999349615400, 2018.952325230444800, -63.12860952392814100 ) ) ;
#2751 = CARTESIAN_POINT ( 'NONE',  ( 1620.627649495976400, 2021.220310979666000, -78.40205347054090600 ) ) ;
#2752 = DIRECTION ( 'NONE',  ( 0.0000000000000000000, -1.000000000000000000, 0.0000000000000000000 ) ) ;
#2753 = CARTESIAN_POINT ( 'NONE',  ( 1698.500534579525000, 1892.680138265033100, -90.78455347054089900 ) ) ;
#2754 = CARTESIAN_POINT ( 'NONE',  ( 1591.999999384806000, 1969.999832439667200, 111.2089465294591100 ) ) ;
#2755 = EDGE_CURVE ( 'NONE', #6179, #4793, #979, .T. ) ;
#2756 = AXIS2_PLACEMENT_3D ( 'NONE', #2713, #2036, #1342 ) ;
#2757 = CARTESIAN_POINT ( 'NONE',  ( 1767.629999349615200, 1980.603719474291400, 79.44156846884754900 ) ) ;
#2758 = EDGE_LOOP ( 'NONE', ( #3976, #4640, #5373, #6533, #5955, #139, #1892, #3788, #5802, #3803, #6557, #2897, #5963, #6336, #6340, #1487, #6047, #5127, #641, #1118 ) ) ;
#2759 = CARTESIAN_POINT ( 'NONE',  ( 1646.470021695385400, 1982.699832439667000, -46.85265347054797800 ) ) ;
#2760 = CARTESIAN_POINT ( 'NONE',  ( 1632.767287221963700, 1902.019912898659000, 111.2089465294591000 ) ) ;
#2761 = CARTESIAN_POINT ( 'NONE',  ( 1717.200348239251500, 1886.814690516744100, 70.72015413837844700 ) ) ;
#2762 = CYLINDRICAL_SURFACE ( 'NONE', #1900, 5.679612662849775600 ) ;
#2763 = ORIENTED_EDGE ( 'NONE', *, *, #1221, .T. ) ;
#2764 = DIRECTION ( 'NONE',  ( 0.0000000000000000000, 0.0000000000000000000, 1.000000000000000000 ) ) ;
#2765 = AXIS2_PLACEMENT_3D ( 'NONE', #1163, #6492, #5805 ) ;
#2766 = CARTESIAN_POINT ( 'NONE',  ( 1603.503252756461300, 2048.848314244293800, 120.7339465294590900 ) ) ;
#2767 = ORIENTED_EDGE ( 'NONE', *, *, #4974, .T. ) ;
#2768 = ORIENTED_EDGE ( 'NONE', *, *, #1179, .F. ) ;
#2769 = EDGE_CURVE ( 'NONE', #5721, #3747, #3599, .T. ) ;
#2770 = CARTESIAN_POINT ( 'NONE',  ( 1707.939999349615200, 1890.774118117581100, 75.13602263252467100 ) ) ;
#2771 = AXIS2_PLACEMENT_3D ( 'NONE', #2300, #240, #6262 ) ;
#2772 = ADVANCED_FACE ( 'NONE', ( #2468 ), #2639, .T. ) ;
#2773 = CARTESIAN_POINT ( 'NONE',  ( 1725.831552379516300, 1879.999861042323800, 0.1474465294591144300 ) ) ;
#2774 = APPROVAL_ROLE ( '' ) ;
#2775 = CARTESIAN_POINT ( 'NONE',  ( 1723.852917240466900, 2059.595858130095600, -62.08250700221817900 ) ) ;
#2776 = ORIENTED_EDGE ( 'NONE', *, *, #5317, .T. ) ;
#2777 = VERTEX_POINT ( 'NONE', #6187 ) ;
#2778 = CARTESIAN_POINT ( 'NONE',  ( 1612.321868900485000, 2048.373955796701900, 111.2089465294591300 ) ) ;
#2779 = VECTOR ( 'NONE', #3552, 1000.000000000000000 ) ;
#2780 = CARTESIAN_POINT ( 'NONE',  ( 1571.953188996220700, 2033.178504848696500, -90.78455347054091400 ) ) ;
#2781 = CARTESIAN_POINT ( 'NONE',  ( 1528.016945478166700, 1927.047322332922000, 120.7339465294590900 ) ) ;
#2782 = LINE ( 'NONE', #2102, #2431 ) ;
#2783 = VERTEX_POINT ( 'NONE', #5494 ) ;
#2784 = ADVANCED_FACE ( 'NONE', ( #3507 ), #3849, .T. ) ;
#2785 = CARTESIAN_POINT ( 'NONE',  ( 1560.476846237267400, 2030.223821654802400, -78.40205347054089200 ) ) ;
#2786 = CARTESIAN_POINT ( 'NONE',  ( 1571.800126317238200, 1891.918904570236200, 120.7339465294590900 ) ) ;
#2787 = CARTESIAN_POINT ( 'NONE',  ( 1767.629999349615200, 1891.026806490002200, -12.67713717301333000 ) ) ;
#2788 = CARTESIAN_POINT ( 'NONE',  ( 1586.553635735065400, 1968.388890947306200, 120.7339465294590900 ) ) ;
#2789 = CARTESIAN_POINT ( 'NONE',  ( 1656.499989384793500, 1957.299832439667600, -8.685787970321051400 ) ) ;
#2790 = CARTESIAN_POINT ( 'NONE',  ( 1535.770921514248600, 1953.236783329545200, -78.40205347054087800 ) ) ;
#2791 = DIRECTION ( 'NONE',  ( -0.0000000000000000000, -0.0000000000000000000, -1.000000000000000000 ) ) ;
#2792 = EDGE_CURVE ( 'NONE', #589, #6627, #344, .T. ) ;
#2793 = CARTESIAN_POINT ( 'NONE',  ( 1767.629999349615400, 1982.361506567088800, -78.89457338499366300 ) ) ;
#2794 = CARTESIAN_POINT ( 'NONE',  ( 1643.596891189683900, 1997.935457398717700, -78.40205347054089200 ) ) ;
#2795 = CARTESIAN_POINT ( 'NONE',  ( 1617.177498581932000, 1998.703869968956500, 28.72244652945910200 ) ) ;
#2796 = CARTESIAN_POINT ( 'NONE',  ( 1649.283053388586000, 1957.299832439667600, -78.40205347054089200 ) ) ;
#2797 = CARTESIAN_POINT ( 'NONE',  ( 1589.279579451767400, 1974.985613437326300, 120.7339465294590900 ) ) ;
#2798 = EDGE_CURVE ( 'NONE', #1803, #5391, #3957, .T. ) ;
#2799 = ORIENTED_EDGE ( 'NONE', *, *, #3061, .F. ) ;
#2800 = CARTESIAN_POINT ( 'NONE',  ( 1767.629999349615400, 2017.934762707999400, 64.19620916010399000 ) ) ;
#2801 = CARTESIAN_POINT ( 'NONE',  ( 1743.499999349615100, 2045.365585051912100, -78.71955347054094400 ) ) ;
#2802 = CARTESIAN_POINT ( 'NONE',  ( 1533.795481955121200, 1977.408170154186800, -78.40205347054090600 ) ) ;
#2803 = CARTESIAN_POINT ( 'NONE',  ( 1796.839999349615000, 1969.999832439667200, -70.00000000000005700 ) ) ;
#2804 = CARTESIAN_POINT ( 'NONE',  ( 1722.001330310714100, 1881.785922802047900, 64.32147945755221500 ) ) ;
#2805 = EDGE_LOOP ( 'NONE', ( #5906, #279, #2328, #3615, #4569 ) ) ;
#2806 = EDGE_CURVE ( 'NONE', #306, #5412, #6101, .T. ) ;
#2807 = CARTESIAN_POINT ( 'NONE',  ( 1563.295961855517100, 1944.822333242541400, -51.92255347054098300 ) ) ;
#2808 = EDGE_CURVE ( 'NONE', #2777, #5327, #3434, .T. ) ;
#2809 = CARTESIAN_POINT ( 'NONE',  ( 1541.108165932367200, 2037.753124830857600, 120.7339465294590900 ) ) ;
#2810 = ORIENTED_EDGE ( 'NONE', *, *, #1132, .F. ) ;
#2811 = VECTOR ( 'NONE', #5666, 1000.000000000000000 ) ;
#2812 = CARTESIAN_POINT ( 'NONE',  ( 1655.755332392355500, 1982.699832439666800, -50.64669820077786300 ) ) ;
#2813 = AXIS2_PLACEMENT_3D ( 'NONE', #71, #6087, #5403 ) ;
#2814 = CARTESIAN_POINT ( 'NONE',  ( 1695.888142349615200, 2049.042392279382500, 87.14744652945916000 ) ) ;
#2815 = DIRECTION ( 'NONE',  ( 0.0000000000000000000, -1.000000000000000000, 0.0000000000000000000 ) ) ;
#2816 = ORIENTED_EDGE ( 'NONE', *, *, #1891, .T. ) ;
#2817 = ORIENTED_EDGE ( 'NONE', *, *, #1306, .F. ) ;
#2818 = CARTESIAN_POINT ( 'NONE',  ( 1569.487918101312100, 1924.339118049682200, 28.72244652945910200 ) ) ;
#2819 = VECTOR ( 'NONE', #2896, 1000.000000000000000 ) ;
#2820 = DIRECTION ( 'NONE',  ( -1.000000000000000000, 1.017739762824782800E-015, 0.0000000000000000000 ) ) ;
#2821 = CARTESIAN_POINT ( 'NONE',  ( 1641.175245138048700, 1983.171386919930700, 28.72244652945909800 ) ) ;
#2822 = DIRECTION ( 'NONE',  ( -1.000000000000000000, 1.017739762824782800E-015, 0.0000000000000000000 ) ) ;
#2823 = ORIENTED_EDGE ( 'NONE', *, *, #4061, .T. ) ;
#2824 = VERTEX_POINT ( 'NONE', #5774 ) ;
#2825 = CARTESIAN_POINT ( 'NONE',  ( 1529.388089413472700, 1992.899724561533700, -78.40205347054089200 ) ) ;
#2826 = B_SPLINE_CURVE_WITH_KNOTS ( 'NONE', 3,
 ( #2796, #2116, #1424, #738, #55, #6074, #5387, #4708, #4017, #3325, #2637, #1955, #1265, #578, #6598, #5909, #5232, #4541, #3846, #3166, #2481, #1789, #1105, #420, #6434, #5748, #5073, #4380, #3685, #3005, #2314, #1627, #942, #252, #6276, #5590, #4903, #4215, #3531, #2836, #2155, #1465, #778, #93, #6113, #5429, #4744, #4058, #3364, #2676, #1996, #1303, #618, #6642, #5949, #5270, #4581, #3885, #3207, #2519, #1832, #1146, #460, #6473, #5783, #5112, #4416, #3718, #3047, #2349, #1667, #983, #293, #6313, #5633, #4946, #4253, #3572, #2875, #2191, #1509, #815, #126, #6155, #5465, #4783, #4098, #3403, #2712, #2034, #1341, #653, #6683, #5991, #5305, #4623, #3925, #3243, #2558, #1867, #1183, #498, #6510, #5821, #5148, #4455, #3755, #3084, #2390, #1703, #1022, #332, #6348, #5670, #4984, #4292, #3606, #2913, #2230, #1546, #852, #165, #6195, #5501, #4820, #4135, #3440, #2747, #2070, #1378, #691, #9, #6029, #5342, #4660, #3969, #3278, #2590, #1906, #1218, #535, #6549, #5861, #5188, #4493, #3795, #3123, #2429, #1741, #1060, #374, #6390, #5703, #5025, #4334, #3641, #2955, #2269, #1583, #895, #204, #6232, #5540, #4859, #4172, #3479, #2790, #2110, #1416, #731, #48, #6066, #5382, #4703, #4011, #3318, #2630, #1949, #1258, #571, #6592, #5903, #5226, #4535, #3838, #3160, #2473 ),
 .UNSPECIFIED., .F., .F.,
 ( 4, 1, 1, 1, 1, 1, 1, 1, 2, 2, 1, 1, 1, 1, 1, 1, 1, 2, 2, 1, 1, 1, 1, 1, 1, 1, 2, 2, 1, 1, 1, 1, 1, 1, 1, 2, 2, 1, 1, 1, 1, 1, 1, 2, 2, 1, 1, 1, 1, 2, 2, 1, 1, 1, 1, 2, 2, 1, 1, 1, 1, 2, 2, 1, 1, 1, 2, 2, 1, 1, 2, 2, 2, 1, 1, 2, 2, 1, 1, 1, 2, 2, 1, 1, 1, 1, 2, 2, 1, 1, 1, 1, 2, 2, 1, 1, 1, 1, 2, 2, 1, 1, 1, 1, 1, 2, 2, 1, 1, 1, 1, 1, 1, 1, 2, 2, 1, 1, 1, 1, 1, 1, 1, 2, 2, 1, 1, 1, 1, 1, 1, 1, 2, 2, 1, 1, 1, 1, 1, 1, 1, 2, 2, 4 ),
 ( 0.0000000000000000000, 0.03125000000002595100, 0.04687500000003817100, 0.05468750000004087000, 0.05859375000003966300, 0.06054687500004070400, 0.06152343750004030800, 0.06201171875003758100, 0.06225585937503529100, 0.06250000000003300100, 0.09374999999959245100, 0.1093749999993721800, 0.1171874999992642100, 0.1210937499992102300, 0.1230468749991821100, 0.1240234374991713300, 0.1245117187491680700, 0.1247558593741642900, 0.1249999999991605300, 0.1562499999987483600, 0.1718749999985422500, 0.1796874999984374200, 0.1835937499983854600, 0.1855468749983577600, 0.1865234374983456300, 0.1870117187483378300, 0.1872558593733370000, 0.1874999999983361400, 0.2187499999982442400, 0.2343749999981981600, 0.2421874999981737400, 0.2460937499981600800, 0.2480468749981531700, 0.2490234374981497000, 0.2495117187481451500, 0.2497558593731427600, 0.2499999999981403500, 0.2812499999979136100, 0.2968749999977999300, 0.3046874999977415300, 0.3085937499977133300, 0.3105468749976997800, 0.3115234374976924000, 0.3120117187476912400, 0.3124999999976900100, 0.3281249999976848000, 0.3359374999976830200, 0.3398437499976798000, 0.3417968749976773600, 0.3427734374976769700, 0.3437499999976765300, 0.3593749999976800800, 0.3671874999976824600, 0.3710937499976843000, 0.3730468749976835800, 0.3740234374976826300, 0.3749999999976817400, 0.3906249999976498200, 0.3984374999976338900, 0.4023437499976262900, 0.4042968749976221200, 0.4052734374976216800, 0.4062499999976211800, 0.4218749999976231200, 0.4296874999976241200, 0.4335937499976262300, 0.4355468749976254500, 0.4374999999976246800, 0.4531249999976157400, 0.4609374999976095800, 0.4648437499976049200, 0.4687499999976002500, 0.4999999999975570100, 0.5156249999975351900, 0.5234374999975224300, 0.5273437499975174300, 0.5312499999975123200, 0.5468749999974997800, 0.5546874999974954500, 0.5585937499974917800, 0.5605468749974884500, 0.5624999999974850100, 0.5781249999974479300, 0.5859374999974279500, 0.5898437499974179500, 0.5917968749974151800, 0.5927734374974129600, 0.5937499999974107400, 0.6093749999973771000, 0.6171874999973581100, 0.6210937499973485700, 0.6230468749973429000, 0.6240234374973410200, 0.6249999999973390200, 0.6406249999973249200, 0.6484374999973164800, 0.6523437499973127100, 0.6542968749973117100, 0.6552734374973088200, 0.6562499999973060400, 0.6718749999972707400, 0.6796874999972528600, 0.6835937499972450900, 0.6855468749972425400, 0.6865234374972412100, 0.6870117187472394300, 0.6874999999972375400, 0.7187499999970743400, 0.7343749999969927400, 0.7421874999969545500, 0.7460937499969343400, 0.7480468749969256800, 0.7490234374969210200, 0.7495117187469181300, 0.7497558593719193500, 0.7499999999969205700, 0.7812499999969383400, 0.7968749999969462200, 0.8046874999969501100, 0.8085937499969512200, 0.8105468749969517700, 0.8115234374969537700, 0.8120117187469538800, 0.8122558593719539900, 0.8124999999969539900, 0.8437499999971777000, 0.8593749999972908300, 0.8671874999973461200, 0.8710937499973736600, 0.8730468749973858700, 0.8740234374973920900, 0.8745117187473957500, 0.8747558593724003000, 0.8749999999974048500, 0.9062499999981305000, 0.9218749999984909800, 0.9296874999986711700, 0.9335937499987588800, 0.9355468749988024000, 0.9365234374988241600, 0.9370117187488347100, 0.9372558593738397100, 0.9374999999988445900, 1.000000000000000000 ),
 .UNSPECIFIED. ) ;
#2827 = EDGE_CURVE ( 'NONE', #3452, #68, #4477, .T. ) ;
#2828 = CARTESIAN_POINT ( 'NONE',  ( 1577.731250345333800, 1894.240716060485100, 120.7339465294591300 ) ) ;
#2829 = CARTESIAN_POINT ( 'NONE',  ( 1767.629999349615200, 1899.388867029499100, 37.75188522803078700 ) ) ;
#2830 = CARTESIAN_POINT ( 'NONE',  ( 1796.839999349615000, 1906.391222514618700, -48.65173672840342800 ) ) ;
#2831 = DIRECTION ( 'NONE',  ( 0.0000000000000000000, 0.0000000000000000000, -1.000000000000000000 ) ) ;
#2832 = CARTESIAN_POINT ( 'NONE',  ( 1743.499999369547800, 2005.296408823408500, -90.78455347054089900 ) ) ;
#2833 = CARTESIAN_POINT ( 'NONE',  ( 1707.046752176323000, 1928.896789356631200, -78.40205347054089200 ) ) ;
#2834 = CARTESIAN_POINT ( 'NONE',  ( 1550.727826845839200, 2035.969490534413600, 120.7339465294591000 ) ) ;
#2835 = DIRECTION ( 'NONE',  ( 0.1950903220776552500, 0.9807852803909921100, -0.0000000000000000000 ) ) ;
#2836 = CARTESIAN_POINT ( 'NONE',  ( 1631.571980105869400, 1926.678728302998900, -78.40205347054089200 ) ) ;
#2837 = CARTESIAN_POINT ( 'NONE',  ( 1597.018512036936500, 1972.698894054340400, 120.7339465294590900 ) ) ;
#2838 = PLANE ( 'NONE',  #951 ) ;
#2839 = CARTESIAN_POINT ( 'NONE',  ( 1767.629999349615400, 2042.396231856482000, 34.25330082002361800 ) ) ;
#2840 = CARTESIAN_POINT ( 'NONE',  ( 1767.629999349615400, 1947.630026419276600, -76.66135476569139900 ) ) ;
#2841 = CARTESIAN_POINT ( 'NONE',  ( 1545.315553715389100, 2005.592390574961200, -78.40205347054090600 ) ) ;
#2842 = CARTESIAN_POINT ( 'NONE',  ( 1707.833265022829400, 1907.156519977716700, -90.78455347054092800 ) ) ;
#2843 = ADVANCED_FACE ( 'NONE', ( #4376 ), #2336, .T. ) ;
#2844 = CARTESIAN_POINT ( 'NONE',  ( 1612.656135901323800, 2049.497546352816200, 111.2089465294590800 ) ) ;
#2845 = ORIENTED_EDGE ( 'NONE', *, *, #5892, .T. ) ;
#2846 = CARTESIAN_POINT ( 'NONE',  ( 1731.541872040727000, 2021.170149784970400, -114.5970534705410000 ) ) ;
#2847 = CARTESIAN_POINT ( 'NONE',  ( 1723.207813952041500, 1880.740124432520100, -62.56404569468425300 ) ) ;
#2848 = VERTEX_POINT ( 'NONE', #6303 ) ;
#2849 = VERTEX_POINT ( 'NONE', #5619 ) ;
#2850 = AXIS2_PLACEMENT_3D ( 'NONE', #2876, #2193, #1510 ) ;
#2851 = ADVANCED_FACE ( 'NONE', ( #4030 ), #4930, .F. ) ;
#2852 = CARTESIAN_POINT ( 'NONE',  ( 1658.287191735875900, 2011.212830951958300, 120.7339465294590900 ) ) ;
#2853 = VECTOR ( 'NONE', #6273, 1000.000000000000000 ) ;
#2854 = DIRECTION ( 'NONE',  ( 0.0000000000000000000, 0.0000000000000000000, -1.000000000000000000 ) ) ;
#2855 = ORIENTED_EDGE ( 'NONE', *, *, #4086, .F. ) ;
#2856 = CARTESIAN_POINT ( 'NONE',  ( 1531.934425576267100, 1938.282723027029500, -78.40205347054089200 ) ) ;
#2857 = VECTOR ( 'NONE', #5243, 1000.000000000000100 ) ;
#2858 = CARTESIAN_POINT ( 'NONE',  ( 1670.362781672715300, 1949.777011767394700, 111.2089465294591300 ) ) ;
#2859 = CARTESIAN_POINT ( 'NONE',  ( 1705.644048150870500, 1901.279769122128100, 66.82244652945908600 ) ) ;
#2860 = CARTESIAN_POINT ( 'NONE',  ( 1525.285409772538700, 1919.801317030917700, 111.2089465294590800 ) ) ;
#2861 = VERTEX_POINT ( 'NONE', #2180 ) ;
#2862 = ORIENTED_EDGE ( 'NONE', *, *, #4834, .T. ) ;
#2863 = DIRECTION ( 'NONE',  ( -1.000000000000000000, 0.0000000000000000000, 0.0000000000000000000 ) ) ;
#2864 = AXIS2_PLACEMENT_3D ( 'NONE', #2209, #6173, #5479 ) ;
#2865 = CARTESIAN_POINT ( 'NONE',  ( 1510.110421685935100, 1991.242081402376200, 120.7339465294590900 ) ) ;
#2866 = CARTESIAN_POINT ( 'NONE',  ( 1767.629999349614800, 1926.526663194703400, 67.31014473146255700 ) ) ;
#2867 = ORIENTED_EDGE ( 'NONE', *, *, #899, .F. ) ;
#2868 = DIRECTION ( 'NONE',  ( 1.000000000000000000, -0.0000000000000000000, 0.0000000000000000000 ) ) ;
#2869 = CARTESIAN_POINT ( 'NONE',  ( 1743.499999349615100, 2026.382455441592800, 85.14744614636021000 ) ) ;
#2870 = CARTESIAN_POINT ( 'NONE',  ( 1667.584390303634300, 1954.136767760585800, 120.7339465294591000 ) ) ;
#2871 = CARTESIAN_POINT ( 'NONE',  ( 1550.735645232983900, 2040.443871508872900, 120.7339465294590900 ) ) ;
#2872 = ORIENTED_EDGE ( 'NONE', *, *, #3971, .F. ) ;
#2873 = CARTESIAN_POINT ( 'NONE',  ( 1543.151814779984500, 2034.833906245385400, 120.7339465294591000 ) ) ;
#2874 = CARTESIAN_POINT ( 'NONE',  ( 1644.587962685831100, 1876.814543417397300, 87.14744652945916000 ) ) ;
#2875 = CARTESIAN_POINT ( 'NONE',  ( 1605.097117322909500, 1912.806229569274100, -78.40205347054089200 ) ) ;
#2876 = CARTESIAN_POINT ( 'NONE',  ( 1698.232988555908200, 1901.414126244674000, -90.78455347054089900 ) ) ;
#2877 = CARTESIAN_POINT ( 'NONE',  ( 1796.839999349615000, 2005.451928881402900, -71.75919016783984700 ) ) ;
#2878 = CARTESIAN_POINT ( 'NONE',  ( 1767.629999349615200, 2047.563343596296600, -19.44622435049675600 ) ) ;
#2879 = CARTESIAN_POINT ( 'NONE',  ( 1767.629999349614500, 1915.737606082317400, -58.63701321546119500 ) ) ;
#2880 = CARTESIAN_POINT ( 'NONE',  ( 1572.607002946864700, 2025.376432923992300, -78.40205347054090600 ) ) ;
#2881 = CARTESIAN_POINT ( 'NONE',  ( 1704.943730349614300, 2048.999832433316400, 66.82244652945908600 ) ) ;
#2882 = CARTESIAN_POINT ( 'NONE',  ( 1667.584403487401200, 1954.227589310170300, 120.7339465294591000 ) ) ;
#2883 = EDGE_CURVE ( 'NONE', #5245, #5563, #5002, .T. ) ;
#2884 = CARTESIAN_POINT ( 'NONE',  ( 1707.830811716301500, 1902.924399373957800, -90.78455347054081400 ) ) ;
#2885 = CARTESIAN_POINT ( 'NONE',  ( 1720.264613344747700, 1883.855591635584700, 66.82244652945910000 ) ) ;
#2886 = ORIENTED_EDGE ( 'NONE', *, *, #6255, .F. ) ;
#2887 = EDGE_CURVE ( 'NONE', #6526, #3649, #1898, .T. ) ;
#2888 = B_SPLINE_CURVE_WITH_KNOTS ( 'NONE', 3,
 ( #121, #6147, #5459, #4777 ),
 .UNSPECIFIED., .F., .F.,
 ( 4, 4 ),
 ( 0.0000000000000000000, 0.9999999464382064400 ),
 .UNSPECIFIED. ) ;
#2889 = LINE ( 'NONE', #2207, #5249 ) ;
#2890 = DIRECTION ( 'NONE',  ( 1.000000000000000000, 0.0000000000000000000, 0.0000000000000000000 ) ) ;
#2891 = VERTEX_POINT ( 'NONE', #6016 ) ;
#2892 = CARTESIAN_POINT ( 'NONE',  ( 1569.350111350977800, 1907.342828463123200, -78.40205347054092000 ) ) ;
#2893 = VECTOR ( 'NONE', #3270, 1000.000000000000000 ) ;
#2894 = CARTESIAN_POINT ( 'NONE',  ( 1634.663466447172600, 1897.739248741809400, 111.2089465294590800 ) ) ;
#2895 = CARTESIAN_POINT ( 'NONE',  ( 1512.646738301503100, 1981.413707982327200, 120.7339465294590900 ) ) ;
#2896 = DIRECTION ( 'NONE',  ( -0.0000000000000000000, -0.0000000000000000000, -1.000000000000000000 ) ) ;
#2897 = ORIENTED_EDGE ( 'NONE', *, *, #1167, .T. ) ;
#2898 = EDGE_CURVE ( 'NONE', #6695, #4036, #1377, .T. ) ;
#2899 = VERTEX_POINT ( 'NONE', #2580 ) ;
#2900 = CARTESIAN_POINT ( 'NONE',  ( 1637.559877280693400, 1906.783947427394700, 120.7339465294591000 ) ) ;
#2901 = VECTOR ( 'NONE', #1229, 1000.000000000000000 ) ;
#2902 = DIRECTION ( 'NONE',  ( 1.000000000000000000, 0.0000000000000000000, 0.0000000000000000000 ) ) ;
#2903 = EDGE_CURVE ( 'NONE', #145, #6293, #857, .T. ) ;
#2904 = CARTESIAN_POINT ( 'NONE',  ( 1767.629999349615000, 1962.903461539653100, 79.91136591948830400 ) ) ;
#2905 = ORIENTED_EDGE ( 'NONE', *, *, #6696, .T. ) ;
#2906 = PLANE ( 'NONE',  #5922 ) ;
#2907 = VECTOR ( 'NONE', #5147, 1000.000000000000000 ) ;
#2908 = AXIS2_PLACEMENT_3D ( 'NONE', #2603, #546, #6561 ) ;
#2909 = CARTESIAN_POINT ( 'NONE',  ( 1578.498092979528100, 1906.498855844674800, -96.49955347054090300 ) ) ;
#2910 = LINE ( 'NONE', #2227, #4941 ) ;
#2911 = CARTESIAN_POINT ( 'NONE',  ( 1595.316843913612300, 1965.380380252834600, 120.7339465294591000 ) ) ;
#2912 = CARTESIAN_POINT ( 'NONE',  ( 1628.881433699738200, 1960.121166579469400, 28.72244652945909800 ) ) ;
#2913 = CARTESIAN_POINT ( 'NONE',  ( 1562.917896775631800, 1919.035522821024000, -78.40205347054090600 ) ) ;
#2914 = CARTESIAN_POINT ( 'NONE',  ( 1748.235930612930600, 1988.643292109322100, -90.78455347054088500 ) ) ;
#2915 = EDGE_CURVE ( 'NONE', #3518, #1210, #4482, .T. ) ;
#2916 = CARTESIAN_POINT ( 'NONE',  ( 1767.629999349614800, 2026.111204331352800, -56.88252211003888400 ) ) ;
#2917 = CARTESIAN_POINT ( 'NONE',  ( 1612.090378507868300, 2025.136743075218900, -78.40205347054092000 ) ) ;
#2918 = DIRECTION ( 'NONE',  ( 0.0000000000000000000, 1.000000000000000000, 0.0000000000000000000 ) ) ;
#2919 = DIRECTION ( 'NONE',  ( -0.5555702329674570000, 0.8314696123373875900, 0.0000000000000000000 ) ) ;
#2920 = CARTESIAN_POINT ( 'NONE',  ( 1553.899999384806100, 1972.493471608454200, -51.92255347054099000 ) ) ;
#2921 = EDGE_CURVE ( 'NONE', #678, #2989, #1488, .T. ) ;
#2922 = CARTESIAN_POINT ( 'NONE',  ( 1767.629999349614800, 1971.777803795866700, 80.14740025433033600 ) ) ;
#2923 = CARTESIAN_POINT ( 'NONE',  ( 1748.070910897377600, 1949.954032125859800, -90.78455347054089900 ) ) ;
#2924 = CARTESIAN_POINT ( 'NONE',  ( 1586.502200701960000, 1971.473079625345900, 111.2089465294590800 ) ) ;
#2925 = CARTESIAN_POINT ( 'NONE',  ( 1709.322714546593300, 1890.564604286076700, 74.91467047698469600 ) ) ;
#2926 = ORIENTED_EDGE ( 'NONE', *, *, #840, .F. ) ;
#2927 = CARTESIAN_POINT ( 'NONE',  ( 1696.366815309219200, 1789.108569894233800, 66.82244652945912800 ) ) ;
#2928 = CARTESIAN_POINT ( 'NONE',  ( 1605.267486082729600, 2046.525425899051900, 120.7339465294590900 ) ) ;
#2929 = VERTEX_POINT ( 'NONE', #361 ) ;
#2930 = ORIENTED_EDGE ( 'NONE', *, *, #130, .T. ) ;
#2931 = CYLINDRICAL_SURFACE ( 'NONE', #1512, 4.756378424427776300 ) ;
#2932 = CARTESIAN_POINT ( 'NONE',  ( 1722.996386631537900, 2059.119346522768000, 63.05785233922512800 ) ) ;
#2933 = B_SPLINE_CURVE_WITH_KNOTS ( 'NONE', 3,
 ( #4681, #3990, #3298, #2613, #1929, #1237, #552, #6570, #5881, #5208, #4514, #3822, #3142, #2452, #1759, #1079, #393, #6408, #5723, #5047, #4356, #3660, #2977, #2290, #1602, #919, #228, #6253, #5564, #4878, #4190, #3503, #2812, #2132, #1441, #754, #69, #6086, #5400, #4721, #4033, #3341, #2653, #1972, #1278, #592 ),
 .UNSPECIFIED., .F., .F.,
 ( 4, 1, 1, 1, 2, 2, 1, 1, 1, 2, 2, 1, 1, 2, 2, 2, 1, 1, 2, 2, 1, 1, 1, 2, 2, 1, 1, 1, 2, 2, 4 ),
 ( 0.0000000000000000000, 0.06249999999968544600, 0.09374999999952816900, 0.1093749999994263500, 0.1171874999993756000, 0.1249999999993248600, 0.1874999999991360800, 0.2187499999990414300, 0.2343749999990146500, 0.2421874999990218100, 0.2499999999990289400, 0.3124999999991234800, 0.3437499999991704400, 0.3593749999991762100, 0.3749999999991819300, 0.4999999999991249200, 0.5624999999991112700, 0.5937499999991049400, 0.6093749999991138200, 0.6249999999991225900, 0.6874999999992295100, 0.7187499999992835700, 0.7343749999993018900, 0.7421874999993185500, 0.7499999999993352000, 0.8124999999995227200, 0.8437499999996216400, 0.8593749999996662700, 0.8671874999996848100, 0.8749999999997032400, 1.000000000000000000 ),
 .UNSPECIFIED. ) ;
#2934 = DIRECTION ( 'NONE',  ( 0.0000000000000000000, -4.353815759524126200E-015, -1.000000000000000000 ) ) ;
#2935 = SHAPE_DEFINITION_REPRESENTATION ( #4759, #6237 ) ;
#2936 = FACE_OUTER_BOUND ( 'NONE', #5541, .T. ) ;
#2937 = CARTESIAN_POINT ( 'NONE',  ( 1722.791136672741700, 2058.972981391026200, -62.97001755577580400 ) ) ;
#2938 = ORIENTED_EDGE ( 'NONE', *, *, #1455, .F. ) ;
#2939 = ADVANCED_FACE ( 'NONE', ( #5246 ), #1048, .F. ) ;
#2940 = ORIENTED_EDGE ( 'NONE', *, *, #2808, .T. ) ;
#2941 = DIRECTION ( 'NONE',  ( 1.000000000000000000, 0.0000000000000000000, 0.0000000000000000000 ) ) ;
#2942 = ADVANCED_FACE ( 'NONE', ( #5925 ), #6278, .T. ) ;
#2943 = CYLINDRICAL_SURFACE ( 'NONE', #2424, 4.756378424427554200 ) ;
#2944 = CARTESIAN_POINT ( 'NONE',  ( 1533.556444811089500, 2005.658369420191800, -90.78455347054091400 ) ) ;
#2945 = CARTESIAN_POINT ( 'NONE',  ( 1526.386710075453000, 1928.687137221686000, 120.7339465294590900 ) ) ;
#2946 = DIRECTION ( 'NONE',  ( -0.0000000000000000000, 8.079526793559758100E-017, -1.000000000000000000 ) ) ;
#2947 = VERTEX_POINT ( 'NONE', #2256 ) ;
#2948 = CARTESIAN_POINT ( 'NONE',  ( 1570.218573278301600, 2032.901553028637000, -78.40205347054087800 ) ) ;
#2949 = AXIS2_PLACEMENT_3D ( 'NONE', #5574, #2822, #2141 ) ;
#2950 = DIRECTION ( 'NONE',  ( 0.0000000000000000000, 3.460315193604260900E-014, 1.000000000000000000 ) ) ;
#2951 = CARTESIAN_POINT ( 'NONE',  ( 1767.629999349615200, 1894.843912086255200, -27.31600115042388700 ) ) ;
#2952 = CARTESIAN_POINT ( 'NONE',  ( 1587.486386893912400, 1966.552308474067300, 120.7339465294590900 ) ) ;
#2953 = DIRECTION ( 'NONE',  ( 5.170897147878251500E-015, -1.000000000000000000, 0.0000000000000000000 ) ) ;
#2954 = VECTOR ( 'NONE', #4492, 1000.000000000000000 ) ;
#2955 = CARTESIAN_POINT ( 'NONE',  ( 1539.086284874141300, 1944.646361497679700, -78.40205347054089200 ) ) ;
#2956 = CARTESIAN_POINT ( 'NONE',  ( 1578.498092979528100, 1906.498855844674800, -114.5970534705409000 ) ) ;
#2957 = EDGE_CURVE ( 'NONE', #6167, #4521, #1571, .T. ) ;
#2958 = CARTESIAN_POINT ( 'NONE',  ( 1767.629999349615400, 1993.351222700231300, -76.36959305542633600 ) ) ;
#2959 = CARTESIAN_POINT ( 'NONE',  ( 1639.380841146936300, 2004.644164993226000, -78.40205347054086400 ) ) ;
#2960 = B_SPLINE_CURVE_WITH_KNOTS ( 'NONE', 3,
 ( #5424, #4741, #4055, #3361, #2672, #1992, #1300, #614, #6639, #5946, #5267, #4578, #3881, #3202, #2516, #1826, #1143, #456 ),
 .UNSPECIFIED., .F., .F.,
 ( 4, 2, 2, 2, 2, 2, 2, 2, 4 ),
 ( 0.0000000000000000000, 0.1250000000000000000, 0.2500000000000000000, 0.3750000000000000000, 0.5000000000000000000, 0.6250000000000000000, 0.7500000000000000000, 0.8750000000000000000, 1.000000000000000000 ),
 .UNSPECIFIED. ) ;
#2961 = DIRECTION ( 'NONE',  ( 0.0000000000000000000, 1.000000000000000000, 0.0000000000000000000 ) ) ;
#2962 = CARTESIAN_POINT ( 'NONE',  ( 1509.285495739669400, 1981.720053376075400, 111.2089465294590800 ) ) ;
#2963 = EDGE_CURVE ( 'NONE', #5017, #828, #5525, .T. ) ;
#2964 = CARTESIAN_POINT ( 'NONE',  ( 1588.009196786763800, 1974.043258951671100, 120.7339465294590900 ) ) ;
#2965 = EDGE_CURVE ( 'NONE', #306, #5575, #6548, .T. ) ;
#2966 = ORIENTED_EDGE ( 'NONE', *, *, #4668, .T. ) ;
#2967 = CARTESIAN_POINT ( 'NONE',  ( 1767.629999349614800, 2011.411037262714400, 68.59533488361533700 ) ) ;
#2968 = DIRECTION ( 'NONE',  ( 1.000000000000000000, 5.945305777997636900E-012, -6.025647747970577200E-015 ) ) ;
#2969 = CARTESIAN_POINT ( 'NONE',  ( 1543.747998932450900, 2034.292391855568200, 111.2089465294591100 ) ) ;
#2970 = CARTESIAN_POINT ( 'NONE',  ( 1709.209148379516600, 1901.414126244674200, -90.78455347054087100 ) ) ;
#2971 = CARTESIAN_POINT ( 'NONE',  ( 1767.629999349615200, 1969.999832439667200, 0.0000000000000000000 ) ) ;
#2972 = ORIENTED_EDGE ( 'NONE', *, *, #2278, .F. ) ;
#2973 = LINE ( 'NONE', #2284, #2169 ) ;
#2974 = CARTESIAN_POINT ( 'NONE',  ( 1640.658905057640100, 1983.033085597888400, -53.00205347054087900 ) ) ;
#2975 = ORIENTED_EDGE ( 'NONE', *, *, #6543, .T. ) ;
#2976 = ADVANCED_FACE ( 'NONE', ( #260 ), #5215, .F. ) ;
#2977 = CARTESIAN_POINT ( 'NONE',  ( 1653.386519819232000, 1982.699832439667300, -54.14579169812731900 ) ) ;
#2978 = CARTESIAN_POINT ( 'NONE',  ( 1667.584359444007300, 1954.003643257924300, 120.7339465294590800 ) ) ;
#2979 = CARTESIAN_POINT ( 'NONE',  ( 1526.904923190036700, 1928.344198350174100, 111.2089465294591100 ) ) ;
#2980 = VERTEX_POINT ( 'NONE', #2459 ) ;
#2981 = CYLINDRICAL_SURFACE ( 'NONE', #1680, 101.6000000000001400 ) ;
#2982 = ORIENTED_EDGE ( 'NONE', *, *, #4932, .F. ) ;
#2983 = CARTESIAN_POINT ( 'NONE',  ( 1541.527460649080700, 1963.350210203092300, 28.72244652945910200 ) ) ;
#2984 = B_SPLINE_CURVE_WITH_KNOTS ( 'NONE', 3,
 ( #3560, #2865, #2181, #1499 ),
 .UNSPECIFIED., .F., .F.,
 ( 4, 4 ),
 ( 0.0000000000000000000, 1.000000000000000000 ),
 .UNSPECIFIED. ) ;
#2985 = VECTOR ( 'NONE', #4734, 1000.000000000000200 ) ;
#2986 = CARTESIAN_POINT ( 'NONE',  ( 1649.283053388586000, 1957.299832439667600, -66.99431679045450500 ) ) ;
#2987 = DIRECTION ( 'NONE',  ( -0.1950903220774530300, -0.9807852803910321900, 0.0000000000000000000 ) ) ;
#2988 = CARTESIAN_POINT ( 'NONE',  ( 1591.999999384806000, 2008.099832439667100, 28.72244652945910600 ) ) ;
#2989 = VERTEX_POINT ( 'NONE', #1768 ) ;
#2990 = VERTEX_POINT ( 'NONE', #1086 ) ;
#2991 = CARTESIAN_POINT ( 'NONE',  ( 1532.245361077290700, 2002.507100541778100, -78.40205347054089200 ) ) ;
#2992 = AXIS2_PLACEMENT_3D ( 'NONE', #4722, #4034, #3343 ) ;
#2993 = ADVANCED_FACE ( 'NONE', ( #6622 ), #400, .F. ) ;
#2994 = CARTESIAN_POINT ( 'NONE',  ( 1575.274192675779700, 1894.480305976752800, 120.7339465294591000 ) ) ;
#2995 = CARTESIAN_POINT ( 'NONE',  ( 1767.629999349615400, 1895.396965315139800, 29.03368348558538500 ) ) ;
#2996 = CARTESIAN_POINT ( 'NONE',  ( 1796.839999349615300, 1969.999832439667400, -79.85255331776186000 ) ) ;
#2997 = LINE ( 'NONE', #2308, #4329 ) ;
#2998 = VECTOR ( 'NONE', #838, 1000.000000000000000 ) ;
#2999 = EDGE_CURVE ( 'NONE', #1881, #4591, #2416, .T. ) ;
#3000 = CARTESIAN_POINT ( 'NONE',  ( 1591.999999384806000, 1969.999832439667200, 66.82244652945908600 ) ) ;
#3001 = EDGE_CURVE ( 'NONE', #1175, #3747, #6033, .T. ) ;
#3002 = CARTESIAN_POINT ( 'NONE',  ( 1542.057422305806100, 1963.420031236576300, -53.00205347054087900 ) ) ;
#3003 = CARTESIAN_POINT ( 'NONE',  ( 1551.255026163854800, 2037.666869476171800, 120.7339465294590900 ) ) ;
#3004 = DIRECTION ( 'NONE',  ( -0.1950903220777170400, -0.9807852803909796700, 0.0000000000000000000 ) ) ;
#3005 = CARTESIAN_POINT ( 'NONE',  ( 1638.513224041689200, 1934.234451384487800, -78.40205347054087800 ) ) ;
#3006 = CARTESIAN_POINT ( 'NONE',  ( 1595.715789520451800, 1974.295352418561800, 120.7339465294590900 ) ) ;
#3007 = CARTESIAN_POINT ( 'NONE',  ( 1767.629999349615400, 2036.645068973232100, 44.42840830872180600 ) ) ;
#3008 = B_SPLINE_CURVE_WITH_KNOTS ( 'NONE', 3,
 ( #3422, #674, #6702, #6010 ),
 .UNSPECIFIED., .F., .F.,
 ( 4, 4 ),
 ( 0.0000000000000000000, 1.000000000000000000 ),
 .UNSPECIFIED. ) ;
#3009 = CARTESIAN_POINT ( 'NONE',  ( 1767.629999349615000, 1959.395945405101200, -79.14667540993646400 ) ) ;
#3010 = CARTESIAN_POINT ( 'NONE',  ( 1540.889420463536500, 1998.909167405552600, -78.40205347054089200 ) ) ;
#3011 = CARTESIAN_POINT ( 'NONE',  ( 1528.498092979527700, 1905.391922674885100, -78.40205347054089200 ) ) ;
#3012 = CARTESIAN_POINT ( 'NONE',  ( 1725.406747420785200, 1879.999953623312600, 61.79176637223437000 ) ) ;
#3013 = EDGE_CURVE ( 'NONE', #6329, #5242, #2015, .T. ) ;
#3014 = EDGE_LOOP ( 'NONE', ( #5107, #3663 ) ) ;
#3015 = CARTESIAN_POINT ( 'NONE',  ( 1748.500534579525700, 1983.500809044675000, -114.5970534705409100 ) ) ;
#3016 = CARTESIAN_POINT ( 'NONE',  ( 1724.387060731010700, 1880.209222267939600, -61.80135419017311400 ) ) ;
#3017 = EDGE_LOOP ( 'NONE', ( #2052, #6706, #4959, #1896, #4674, #1008, #3742, #3547, #3610, #4555 ) ) ;
#3018 = EDGE_LOOP ( 'NONE', ( #1173, #370, #1494, #5100, #1277 ) ) ;
#3019 = CARTESIAN_POINT ( 'NONE',  ( 1594.861919870117200, 1965.037631495253900, 111.2089465294590700 ) ) ;
#3020 = CARTESIAN_POINT ( 'NONE',  ( 1660.828308549199600, 2010.901553803142900, 120.7339465294590900 ) ) ;
#3021 = DIRECTION ( 'NONE',  ( -1.000000000000000000, 0.0000000000000000000, 0.0000000000000000000 ) ) ;
#3022 = VERTEX_POINT ( 'NONE', #3421 ) ;
#3023 = CARTESIAN_POINT ( 'NONE',  ( 1529.302636309910900, 1947.565159871828700, -78.40205347054087800 ) ) ;
#3024 = DIRECTION ( 'NONE',  ( -0.0000000000000000000, -0.0000000000000000000, -1.000000000000000000 ) ) ;
#3025 = CARTESIAN_POINT ( 'NONE',  ( 1541.199999384806000, 1973.324684664716400, 28.72244652945909800 ) ) ;
#3026 = CIRCLE ( 'NONE', #3566, 85.88242951849922200 ) ;
#3027 = LINE ( 'NONE', #1649, #5891 ) ;
#3028 = ORIENTED_EDGE ( 'NONE', *, *, #3346, .F. ) ;
#3029 = VECTOR ( 'NONE', #3927, 1000.000000000000000 ) ;
#3030 = VERTEX_POINT ( 'NONE', #2728 ) ;
#3031 = B_SPLINE_CURVE_WITH_KNOTS ( 'NONE', 3,
 ( #3015, #1636, #954, #262, #6287, #5601, #4915, #4223, #3541, #2846, #2163, #1477, #789, #103, #6124, #5439, #4755, #4069 ),
 .UNSPECIFIED., .F., .F.,
 ( 4, 2, 2, 2, 2, 2, 2, 2, 4 ),
 ( 0.0000000000000000000, 0.1250000000000000000, 0.2500000000000000000, 0.3750000000000000000, 0.5000000000000000000, 0.6250000000000000000, 0.7500000000000000000, 0.8750000000000000000, 1.000000000000000000 ),
 .UNSPECIFIED. ) ;
#3032 = CARTESIAN_POINT ( 'NONE',  ( 1677.045253938580100, 1958.037543010981400, 120.7339465294591000 ) ) ;
#3033 = FACE_OUTER_BOUND ( 'NONE', #388, .T. ) ;
#3034 = CARTESIAN_POINT ( 'NONE',  ( 1580.623148782582800, 1891.101839878263700, 120.7339465294590900 ) ) ;
#3035 = CARTESIAN_POINT ( 'NONE',  ( 1767.629999349614800, 1918.248935513744500, 61.18124230688862000 ) ) ;
#3036 = CARTESIAN_POINT ( 'NONE',  ( 1521.292714283887300, 1928.559036044779100, 120.7339465294590900 ) ) ;
#3037 = LINE ( 'NONE', #2343, #3791 ) ;
#3038 = ORIENTED_EDGE ( 'NONE', *, *, #4314, .T. ) ;
#3039 = DIRECTION ( 'NONE',  ( 0.0000000000000000000, 0.0000000000000000000, -1.000000000000000000 ) ) ;
#3040 = AXIS2_PLACEMENT_3D ( 'NONE', #1317, #6653, #5960 ) ;
#3041 = EDGE_CURVE ( 'NONE', #5328, #6152, #4115, .T. ) ;
#3042 = CARTESIAN_POINT ( 'NONE',  ( 1550.474339699357000, 2040.835203429533100, 111.2089465294590800 ) ) ;
#3043 = ORIENTED_EDGE ( 'NONE', *, *, #4437, .T. ) ;
#3044 = CARTESIAN_POINT ( 'NONE',  ( 1544.397034465770500, 2033.936128192530500, 120.7339465294591200 ) ) ;
#3045 = CARTESIAN_POINT ( 'NONE',  ( 1591.999999384806000, 2020.266432439667100, -53.00205347054087900 ) ) ;
#3046 = VECTOR ( 'NONE', #144, 1000.000000000000100 ) ;
#3047 = CARTESIAN_POINT ( 'NONE',  ( 1611.359313237580200, 1914.611573097504800, -78.40205347054089200 ) ) ;
#3048 = CARTESIAN_POINT ( 'NONE',  ( 1711.261326796659200, 2050.000428619982400, 74.30893669842845400 ) ) ;
#3049 = CARTESIAN_POINT ( 'NONE',  ( 1796.839999349615000, 2049.484145257518300, -10.32439949239302000 ) ) ;
#3050 = CIRCLE ( 'NONE', #4238, 102.0000005463257700 ) ;
#3051 = CARTESIAN_POINT ( 'NONE',  ( 1767.629999349616100, 2049.476978107238700, -8.986449534931773900 ) ) ;
#3052 = CARTESIAN_POINT ( 'NONE',  ( 1767.629999349615000, 1922.064902169826800, -63.90131609999162500 ) ) ;
#3053 = CARTESIAN_POINT ( 'NONE',  ( 1566.062198813970300, 2022.630541858899500, -78.40205347054090600 ) ) ;
#3054 = CARTESIAN_POINT ( 'NONE',  ( 1672.156454112962400, 1958.945227988121400, 111.2089465294591100 ) ) ;
#3055 = EDGE_CURVE ( 'NONE', #2783, #4676, #3981, .T. ) ;
#3056 = CARTESIAN_POINT ( 'NONE',  ( 1748.500534579525700, 1956.498855844675500, -90.78455347054089900 ) ) ;
#3057 = CARTESIAN_POINT ( 'NONE',  ( 1553.899999384806100, 1969.999832439667000, -51.92255347054094700 ) ) ;
#3058 = DIRECTION ( 'NONE',  ( 1.000000000000000000, 0.0000000000000000000, 0.0000000000000000000 ) ) ;
#3059 = VERTEX_POINT ( 'NONE', #3947 ) ;
#3060 = ORIENTED_EDGE ( 'NONE', *, *, #4303, .F. ) ;
#3061 = EDGE_CURVE ( 'NONE', #2178, #2824, #883, .T. ) ;
#3062 = MANIFOLD_SOLID_BREP ( 'Cut-Revolve1', #446 ) ;
#3063 = DIRECTION ( 'NONE',  ( -0.0000000000000000000, -0.0000000000000000000, -1.000000000000000000 ) ) ;
#3064 = CARTESIAN_POINT ( 'NONE',  ( 1704.477260691438200, 2034.766651188237800, -78.71955347054093000 ) ) ;
#3065 = EDGE_LOOP ( 'NONE', ( #2624, #2446, #1046, #5845, #2722 ) ) ;
#3066 = CIRCLE ( 'NONE', #2813, 85.88242951849922200 ) ;
#3067 = CARTESIAN_POINT ( 'NONE',  ( 1559.995195077384300, 1910.048392948802500, -78.40205347054089200 ) ) ;
#3068 = CARTESIAN_POINT ( 'NONE',  ( 1720.264613424428900, 2056.144073338799400, 67.07404898107101600 ) ) ;
#3069 = CARTESIAN_POINT ( 'NONE',  ( 1514.895436458131600, 1982.528809166329400, 120.7339465294591200 ) ) ;
#3070 = DIRECTION ( 'NONE',  ( -0.0000000000000000000, -0.0000000000000000000, -1.000000000000000000 ) ) ;
#3071 = ORIENTED_EDGE ( 'NONE', *, *, #5968, .T. ) ;
#3072 = FACE_OUTER_BOUND ( 'NONE', #4475, .T. ) ;
#3073 = ORIENTED_EDGE ( 'NONE', *, *, #5196, .T. ) ;
#3074 = CARTESIAN_POINT ( 'NONE',  ( 1634.091759909710600, 1905.356892808812700, 120.7339465294591200 ) ) ;
#3075 = CARTESIAN_POINT ( 'NONE',  ( 1591.999999384806200, 1919.733232439667300, -53.00205347054087900 ) ) ;
#3076 = CARTESIAN_POINT ( 'NONE',  ( 1767.629999349614800, 1952.453047584234400, 78.24500931428241300 ) ) ;
#3077 = ORIENTED_EDGE ( 'NONE', *, *, #3416, .F. ) ;
#3078 = DIRECTION ( 'NONE',  ( 6.307397298776075300E-017, -0.5150380749100501600, -0.8571673007021147800 ) ) ;
#3079 = CARTESIAN_POINT ( 'NONE',  ( 1526.968265508125300, 1920.917197871501500, 120.7339465294590900 ) ) ;
#3080 = AXIS2_PLACEMENT_3D ( 'NONE', #2581, #1208, #524 ) ;
#3081 = DIRECTION ( 'NONE',  ( -0.0000000000000000000, 8.079526793559758100E-017, -1.000000000000000000 ) ) ;
#3082 = CARTESIAN_POINT ( 'NONE',  ( 1596.556577834837500, 1966.609302786077700, 120.7339465294590800 ) ) ;
#3083 = CARTESIAN_POINT ( 'NONE',  ( 1580.165800234715300, 1886.153253662707100, 111.2089465294590800 ) ) ;
#3084 = CARTESIAN_POINT ( 'NONE',  ( 1571.844537690122500, 1914.885828935083500, -78.40205347054084900 ) ) ;
#3085 = PLANE ( 'NONE',  #3453 ) ;
#3086 = AXIS2_PLACEMENT_3D ( 'NONE', #4347, #3652, #2968 ) ;
#3087 = DIRECTION ( 'NONE',  ( 0.0000000000000000000, 0.0000000000000000000, -1.000000000000000000 ) ) ;
#3088 = CARTESIAN_POINT ( 'NONE',  ( 1767.629999349615400, 2033.592260287712900, -48.43143255588725500 ) ) ;
#3089 = VECTOR ( 'NONE', #4097, 1000.000000000000000 ) ;
#3090 = AXIS2_PLACEMENT_3D ( 'NONE', #5907, #5230, #4539 ) ;
#3091 = CARTESIAN_POINT ( 'NONE',  ( 1604.900456470486700, 2027.238114011512800, -78.40205347054089200 ) ) ;
#3092 = CARTESIAN_POINT ( 'NONE',  ( 1767.629999349615000, 2054.999832580420400, 56.53006874164918800 ) ) ;
#3093 = CARTESIAN_POINT ( 'NONE',  ( 1672.680388227048300, 1958.881218914587900, 120.7339465294591200 ) ) ;
#3094 = CARTESIAN_POINT ( 'NONE',  ( 1572.906158699652700, 2003.064216362463600, -51.92255347054098300 ) ) ;
#3095 = VERTEX_POINT ( 'NONE', #2091 ) ;
#3096 = CARTESIAN_POINT ( 'NONE',  ( 1744.485441216376600, 1936.828380742983900, -90.78455347054091400 ) ) ;
#3097 = CARTESIAN_POINT ( 'NONE',  ( 1594.861864160159700, 1974.961898905467000, 111.2089465294590800 ) ) ;
#3098 = CARTESIAN_POINT ( 'NONE',  ( 1642.799999384806100, 1969.999832439667200, 66.82244652945908600 ) ) ;
#3099 = B_SPLINE_CURVE_WITH_KNOTS ( 'NONE', 3,
 ( #1439, #752, #67, #6084 ),
 .UNSPECIFIED., .F., .F.,
 ( 4, 4 ),
 ( 2.090792819142599100E-006, 1.000000000000000000 ),
 .UNSPECIFIED. ) ;
#3100 = ORIENTED_EDGE ( 'NONE', *, *, #2500, .F. ) ;
#3101 = CARTESIAN_POINT ( 'NONE',  ( 1701.550705419968400, 1906.158024286959700, -78.71955347054094400 ) ) ;
#3102 = CARTESIAN_POINT ( 'NONE',  ( 1608.531461503406900, 2045.698865970687800, 120.7339465294591000 ) ) ;
#3103 = ORIENTED_EDGE ( 'NONE', *, *, #4355, .T. ) ;
#3104 = ORIENTED_EDGE ( 'NONE', *, *, #5228, .T. ) ;
#3105 = CARTESIAN_POINT ( 'NONE',  ( 1724.205301007946000, 2059.732051280226600, 62.18085623995078500 ) ) ;
#3106 = DIRECTION ( 'NONE',  ( -0.5555702329675306100, 0.8314696123373384000, 0.0000000000000000000 ) ) ;
#3107 =( NAMED_UNIT ( * ) SI_UNIT ( $, .STERADIAN. ) SOLID_ANGLE_UNIT ( ) );
#3108 = CARTESIAN_POINT ( 'NONE',  ( 1659.428915990569500, 1982.699832439667000, -2.923722064607858300 ) ) ;
#3109 = ORIENTED_EDGE ( 'NONE', *, *, #1811, .T. ) ;
#3110 = ORIENTED_EDGE ( 'NONE', *, *, #5076, .F. ) ;
#3111 = DIRECTION ( 'NONE',  ( 0.0000000000000000000, 0.0000000000000000000, -1.000000000000000000 ) ) ;
#3112 = LINE ( 'NONE', #2418, #4117 ) ;
#3113 = CARTESIAN_POINT ( 'NONE',  ( 1523.472491789617400, 1929.338150029575400, 120.7339465294591300 ) ) ;
#3114 = CARTESIAN_POINT ( 'NONE',  ( 1743.499999349615100, 1884.999832439667200, -56.23517589492261900 ) ) ;
#3115 = ORIENTED_EDGE ( 'NONE', *, *, #5334, .T. ) ;
#3116 = VECTOR ( 'NONE', #5625, 1000.000000000000000 ) ;
#3117 = CARTESIAN_POINT ( 'NONE',  ( 1579.716811574910300, 2033.586373150902800, -78.40205347054089200 ) ) ;
#3118 = CARTESIAN_POINT ( 'NONE',  ( 1640.295222435548100, 1905.920222203273900, 111.2089465294591100 ) ) ;
#3119 = ORIENTED_EDGE ( 'NONE', *, *, #5680, .F. ) ;
#3120 = CARTESIAN_POINT ( 'NONE',  ( 1767.629999349615200, 1899.435006904394400, -37.54350442955766500 ) ) ;
#3121 = CARTESIAN_POINT ( 'NONE',  ( 1588.557071096446200, 1965.480389926851600, 120.7339465294590800 ) ) ;
#3122 = CARTESIAN_POINT ( 'NONE',  ( 1580.636630064851500, 1888.520275061040600, 120.7339465294590900 ) ) ;
#3123 = CARTESIAN_POINT ( 'NONE',  ( 1544.331796377908200, 1935.788913751738400, -78.40205347054089200 ) ) ;
#3124 = EDGE_LOOP ( 'NONE', ( #6445, #3028, #5766, #5253, #3417 ) ) ;
#3125 = DIRECTION ( 'NONE',  ( -0.5555702329675632500, 0.8314696123373164200, 0.0000000000000000000 ) ) ;
#3126 = AXIS2_PLACEMENT_3D ( 'NONE', #5655, #4967, #4273 ) ;
#3127 = CARTESIAN_POINT ( 'NONE',  ( 1767.629999349615000, 2005.540292186705800, -71.52484322963798000 ) ) ;
#3128 = CARTESIAN_POINT ( 'NONE',  ( 1634.454494419871700, 2010.566525740083300, -78.40205347054086400 ) ) ;
#3129 = CARTESIAN_POINT ( 'NONE',  ( 1707.939999349615200, 1861.715870392918300, 87.14744652945910300 ) ) ;
#3130 = CARTESIAN_POINT ( 'NONE',  ( 1655.351626390016200, 2015.180318812340800, 111.2089465294591300 ) ) ;
#3131 = CARTESIAN_POINT ( 'NONE',  ( 1586.829633188344800, 1972.395213922921800, 120.7339465294591000 ) ) ;
#3132 = VERTEX_POINT ( 'NONE', #2770 ) ;
#3133 = CARTESIAN_POINT ( 'NONE',  ( 1767.629999349614500, 2004.944407281528100, 72.11187378164562700 ) ) ;
#3134 = VECTOR ( 'NONE', #5450, 1000.000000000000000 ) ;
#3135 = CARTESIAN_POINT ( 'NONE',  ( 1720.346867950783000, 2056.242100536673700, 66.82244652945908600 ) ) ;
#3136 = CARTESIAN_POINT ( 'NONE',  ( 1550.604983108839000, 2035.702074581240400, 111.2089465294591100 ) ) ;
#3137 = CARTESIAN_POINT ( 'NONE',  ( 1513.164685938983200, 1990.634550468998700, 111.2089465294591100 ) ) ;
#3138 = EDGE_LOOP ( 'NONE', ( #1282, #6458, #2287, #869, #1289 ) ) ;
#3139 = CARTESIAN_POINT ( 'NONE',  ( 1656.540115948062100, 2018.760422815985700, 120.7339465294591300 ) ) ;
#3140 = CARTESIAN_POINT ( 'NONE',  ( 1608.196684997434400, 2017.699121368641300, -53.00205347054087900 ) ) ;
#3141 = ORIENTED_EDGE ( 'NONE', *, *, #1676, .F. ) ;
#3142 = CARTESIAN_POINT ( 'NONE',  ( 1650.576125151004800, 1982.699832439667000, -56.00370044076982600 ) ) ;
#3143 = PERSON ( 'UNSPECIFIED', 'UNSPECIFIED', 'UNSPECIFIED', ('UNSPECIFIED'), ('UNSPECIFIED'), ('UNSPECIFIED') ) ;
#3144 = CARTESIAN_POINT ( 'NONE',  ( 1668.359704937176500, 1951.518643877497000, 120.7339465294590900 ) ) ;
#3145 = DATE_AND_TIME ( #60, #3204 ) ;
#3146 = CARTESIAN_POINT ( 'NONE',  ( 1743.499999369547800, 1934.703256111825800, -90.78455347054092800 ) ) ;
#3147 = ORIENTED_EDGE ( 'NONE', *, *, #874, .T. ) ;
#3148 = ORIENTED_EDGE ( 'NONE', *, *, #1721, .T. ) ;
#3149 = DIRECTION ( 'NONE',  ( 1.000000000000000000, 0.0000000000000000000, 0.0000000000000000000 ) ) ;
#3150 = CARTESIAN_POINT ( 'NONE',  ( 1632.867520583005200, 1901.046682531939000, 120.7339465294591300 ) ) ;
#3151 = DIRECTION ( 'NONE',  ( 0.0000000000000000000, 0.0000000000000000000, 1.000000000000000000 ) ) ;
#3152 = CARTESIAN_POINT ( 'NONE',  ( 1561.706398850148600, 1993.240443510607700, 28.72244652945910900 ) ) ;
#3153 = ORIENTED_EDGE ( 'NONE', *, *, #1909, .F. ) ;
#3154 = ORIENTED_EDGE ( 'NONE', *, *, #4366, .F. ) ;
#3155 = CARTESIAN_POINT ( 'NONE',  ( 1537.226441166055100, 2011.748700003028700, -78.40205347054089200 ) ) ;
#3156 = CARTESIAN_POINT ( 'NONE',  ( 1573.519625282874600, 1893.813340896465200, 120.7339465294590900 ) ) ;
#3157 = VECTOR ( 'NONE', #4222, 1000.000000000000000 ) ;
#3158 = CARTESIAN_POINT ( 'NONE',  ( 1767.629999349615000, 1892.360575129873300, 19.43880412659594700 ) ) ;
#3159 = CARTESIAN_POINT ( 'NONE',  ( 1698.500534379524700, 2033.500809244672200, -102.6908034705409100 ) ) ;
#3160 = CARTESIAN_POINT ( 'NONE',  ( 1533.326102534083700, 1967.425180476145700, -78.40205347054090600 ) ) ;
#3161 = DIRECTION ( 'NONE',  ( -0.0000000000000000000, -0.0000000000000000000, -1.000000000000000000 ) ) ;
#3162 = VECTOR ( 'NONE', #2226, 1000.000000000000000 ) ;
#3163 = CARTESIAN_POINT ( 'NONE',  ( 1569.724294954788300, 1924.818555550777300, -53.00205347054088600 ) ) ;
#3164 = CARTESIAN_POINT ( 'NONE',  ( 1674.753513099239200, 1958.493398606904300, 111.2089465294590800 ) ) ;
#3165 = DIRECTION ( 'NONE',  ( -0.8314696123373290800, -0.5555702329675446000, 0.0000000000000000000 ) ) ;
#3166 = CARTESIAN_POINT ( 'NONE',  ( 1643.639538059766400, 1942.143107606772000, -78.40205347054089200 ) ) ;
#3167 = VERTEX_POINT ( 'NONE', #1397 ) ;
#3168 = CARTESIAN_POINT ( 'NONE',  ( 1594.494345601492100, 1975.102987565554700, 120.7339465294590900 ) ) ;
#3169 = FACE_OUTER_BOUND ( 'NONE', #2058, .T. ) ;
#3170 = CIRCLE ( 'NONE', #2949, 109.0871227772101100 ) ;
#3171 = CARTESIAN_POINT ( 'NONE',  ( 1767.629999349615200, 2030.243154783129100, 52.78530555308637400 ) ) ;
#3172 = ORIENTED_EDGE ( 'NONE', *, *, #6121, .F. ) ;
#3173 = CARTESIAN_POINT ( 'NONE',  ( 1767.629999349615200, 1968.221861083930700, -79.85250719541174600 ) ) ;
#3174 = CYLINDRICAL_SURFACE ( 'NONE', #3342, 50.00000000000093100 ) ;
#3175 = CARTESIAN_POINT ( 'NONE',  ( 1537.787437133440800, 1992.466816692312700, -78.40205347054090600 ) ) ;
#3176 = DIRECTION ( 'NONE',  ( -0.0000000000000000000, -0.0000000000000000000, -1.000000000000000000 ) ) ;
#3177 = CARTESIAN_POINT ( 'NONE',  ( 1723.678312853654200, 1880.483128134547800, 62.49152856602486800 ) ) ;
#3178 = ORIENTED_EDGE ( 'NONE', *, *, #3841, .F. ) ;
#3179 = CARTESIAN_POINT ( 'NONE',  ( 1570.870966380530000, 1888.120361842466500, 120.7339465294590900 ) ) ;
#3180 = CARTESIAN_POINT ( 'NONE',  ( 1571.387085466674100, 1890.715067706025800, 120.7339465294590900 ) ) ;
#3181 = EDGE_LOOP ( 'NONE', ( #931, #3756, #5213 ) ) ;
#3182 = VERTEX_POINT ( 'NONE', #713 ) ;
#3183 = CARTESIAN_POINT ( 'NONE',  ( 1586.320532497193900, 1969.253615454457100, 111.2089465294591000 ) ) ;
#3184 = EDGE_CURVE ( 'NONE', #3827, #3961, #30, .T. ) ;
#3185 = CARTESIAN_POINT ( 'NONE',  ( 1662.367794991179400, 2011.416834296522700, 120.7339465294591200 ) ) ;
#3186 = CARTESIAN_POINT ( 'NONE',  ( 1578.498092779528200, 2033.500809244671500, -90.78455347054089900 ) ) ;
#3187 = ORIENTED_EDGE ( 'NONE', *, *, #5035, .F. ) ;
#3188 = CARTESIAN_POINT ( 'NONE',  ( 1642.472538120531700, 1963.350210203092500, 28.72244652945910200 ) ) ;
#3189 = CARTESIAN_POINT ( 'NONE',  ( 1591.999999384805700, 2008.099832439667100, -51.92255347054093300 ) ) ;
#3190 = CARTESIAN_POINT ( 'NONE',  ( 1566.541545137935100, 2014.085677670062800, 28.72244652945910200 ) ) ;
#3191 = CARTESIAN_POINT ( 'NONE',  ( 1720.264613344747700, 1883.855591635584700, 67.07404910345940200 ) ) ;
#3192 = ORIENTED_EDGE ( 'NONE', *, *, #4508, .T. ) ;
#3193 = ORIENTED_EDGE ( 'NONE', *, *, #4668, .F. ) ;
#3194 = CARTESIAN_POINT ( 'NONE',  ( 1557.754463592317500, 1953.115771477046800, 28.72244652945910200 ) ) ;
#3195 = CARTESIAN_POINT ( 'NONE',  ( 1579.907272504811500, 1892.572935579056500, 120.7339465294591000 ) ) ;
#3196 = CARTESIAN_POINT ( 'NONE',  ( 1767.629999349615000, 1910.667144086812200, 53.82875864260128700 ) ) ;
#3197 = CARTESIAN_POINT ( 'NONE',  ( 1796.839999349615000, 1944.222579819919700, 76.06153475166719600 ) ) ;
#3198 = CARTESIAN_POINT ( 'NONE',  ( 1767.629999349615000, 2037.323307497592400, -76.77886253864086500 ) ) ;
#3199 = ORIENTED_EDGE ( 'NONE', *, *, #6648, .T. ) ;
#3200 = CARTESIAN_POINT ( 'NONE',  ( 1571.953189203371000, 1906.821160238646100, -114.5970534705408400 ) ) ;
#3201 = FACE_OUTER_BOUND ( 'NONE', #1570, .T. ) ;
#3202 = CARTESIAN_POINT ( 'NONE',  ( 1745.946839809015500, 1940.388072926565900, -114.5970534705410000 ) ) ;
#3203 = EDGE_LOOP ( 'NONE', ( #896, #5398, #4235, #445 ) ) ;
#3204 = LOCAL_TIME ( 18, 46, 3.000000000000000000, #6591 ) ;
#3205 = CARTESIAN_POINT ( 'NONE',  ( 1546.202527490255500, 2033.445679451838700, 120.7339465294591000 ) ) ;
#3206 = CARTESIAN_POINT ( 'NONE',  ( 1552.032642412748100, 2000.661945312594100, -53.00205347054087200 ) ) ;
#3207 = CARTESIAN_POINT ( 'NONE',  ( 1617.633885124766000, 1917.220552036498200, -78.40205347054089200 ) ) ;
#3208 = CARTESIAN_POINT ( 'NONE',  ( 1720.264613424428900, 2056.144073338799400, 67.07404898107101600 ) ) ;
#3209 = CARTESIAN_POINT ( 'NONE',  ( 1796.839999349615000, 2022.865972385165600, 60.41839135774651500 ) ) ;
#3210 = CARTESIAN_POINT ( 'NONE',  ( 1767.629999349615200, 2049.186057988552900, 11.54238505310688900 ) ) ;
#3211 = CARTESIAN_POINT ( 'NONE',  ( 1767.629999349615200, 1928.588627611450400, -68.30044182207503000 ) ) ;
#3212 = CARTESIAN_POINT ( 'NONE',  ( 1558.307361464565200, 2018.055103610218100, -78.40205347054089200 ) ) ;
#3213 = DIRECTION ( 'NONE',  ( 0.0000000000000000000, 0.0000000000000000000, 1.000000000000000000 ) ) ;
#3214 = VECTOR ( 'NONE', #3694, 1000.000000000000000 ) ;
#3215 = CARTESIAN_POINT ( 'NONE',  ( 1535.106512867371500, 2008.558342821178000, -114.5970534705409400 ) ) ;
#3216 = EDGE_CURVE ( 'NONE', #1902, #3961, #2933, .T. ) ;
#3217 = FACE_OUTER_BOUND ( 'NONE', #4725, .T. ) ;
#3218 = FACE_OUTER_BOUND ( 'NONE', #3018, .T. ) ;
#3219 = DIRECTION ( 'NONE',  ( -0.0000000000000000000, -0.0000000000000000000, -1.000000000000000000 ) ) ;
#3220 = CARTESIAN_POINT ( 'NONE',  ( 1701.550812990331900, 2033.841665076932900, -78.40205347054089200 ) ) ;
#3221 = ORIENTED_EDGE ( 'NONE', *, *, #162, .F. ) ;
#3222 = ORIENTED_EDGE ( 'NONE', *, *, #2500, .T. ) ;
#3223 = CARTESIAN_POINT ( 'NONE',  ( 1655.663620864892400, 2013.913344922526200, 120.7339465294590800 ) ) ;
#3224 = DIRECTION ( 'NONE',  ( -0.0000000000000000000, -0.0000000000000000000, -1.000000000000000000 ) ) ;
#3225 = VERTEX_POINT ( 'NONE', #5923 ) ;
#3226 = CARTESIAN_POINT ( 'NONE',  ( 1550.957288447741100, 1914.767486574452700, -78.40205347054089200 ) ) ;
#3227 = CARTESIAN_POINT ( 'NONE',  ( 1527.624056519345700, 1921.487354657794600, 111.2089465294591000 ) ) ;
#3228 = CARTESIAN_POINT ( 'NONE',  ( 1516.054182173125100, 1984.155941386222100, 120.7339465294591000 ) ) ;
#3229 = LINE ( 'NONE', #2544, #1264 ) ;
#3230 = EDGE_LOOP ( 'NONE', ( #4971, #5292, #109, #803 ) ) ;
#3231 = ORIENTED_EDGE ( 'NONE', *, *, #1435, .F. ) ;
#3232 = EDGE_CURVE ( 'NONE', #828, #1849, #6657, .T. ) ;
#3233 = CARTESIAN_POINT ( 'NONE',  ( 1633.069249948006900, 1903.689168016264100, 120.7339465294591000 ) ) ;
#3234 = CARTESIAN_POINT ( 'NONE',  ( 1631.967356356864200, 1939.337719566739900, -53.00205347054088600 ) ) ;
#3235 = CARTESIAN_POINT ( 'NONE',  ( 1767.629999349615000, 1943.817106396965100, 75.75673009239776000 ) ) ;
#3236 = ORIENTED_EDGE ( 'NONE', *, *, #4047, .F. ) ;
#3237 = EDGE_CURVE ( 'NONE', #3597, #492, #1398, .T. ) ;
#3238 = PLANE ( 'NONE',  #1124 ) ;
#3239 = CARTESIAN_POINT ( 'NONE',  ( 1528.558440750543200, 1923.485531850545200, 120.7339465294590800 ) ) ;
#3240 = CARTESIAN_POINT ( 'NONE',  ( 1515.796131466247100, 1988.527173728590900, 120.7339465294590600 ) ) ;
#3241 = CARTESIAN_POINT ( 'NONE',  ( 1597.457131339308000, 1968.425758935618700, 120.7339465294590800 ) ) ;
#3242 = LINE ( 'NONE', #2557, #1483 ) ;
#3243 = CARTESIAN_POINT ( 'NONE',  ( 1580.207598121382900, 1912.522408275659000, -78.40205347054089200 ) ) ;
#3244 = ORIENTED_EDGE ( 'NONE', *, *, #3467, .T. ) ;
#3245 = CARTESIAN_POINT ( 'NONE',  ( 1806.999999349615100, 1969.999832439667200, 0.0000000000000000000 ) ) ;
#3246 = CARTESIAN_POINT ( 'NONE',  ( 1704.943730695545800, 1870.999833181521100, 66.82244652945908600 ) ) ;
#3247 = CARTESIAN_POINT ( 'NONE',  ( 1767.629999349614800, 2039.860699577443000, -38.86345391077232800 ) ) ;
#3248 = CARTESIAN_POINT ( 'NONE',  ( 1597.732668806091600, 2028.394228100209400, -78.40205347054089200 ) ) ;
#3249 = CARTESIAN_POINT ( 'NONE',  ( 1628.154083969677500, 1957.723415856068200, -51.92255347054099700 ) ) ;
#3250 = CARTESIAN_POINT ( 'NONE',  ( 1670.576145501399900, 1958.557978200535700, 120.7339465294591200 ) ) ;
#3251 = CARTESIAN_POINT ( 'NONE',  ( 1702.242901758672100, 2022.647005382558100, -78.40205347054087800 ) ) ;
#3252 = AXIS2_PLACEMENT_3D ( 'NONE', #4692, #4000, #3307 ) ;
#3253 = EDGE_CURVE ( 'NONE', #6226, #3411, #1924, .T. ) ;
#3254 = ORIENTED_EDGE ( 'NONE', *, *, #4942, .F. ) ;
#3255 = DIRECTION ( 'NONE',  ( 0.0000000000000000000, 0.0000000000000000000, -1.000000000000000000 ) ) ;
#3256 = VECTOR ( 'NONE', #4504, 1000.000000000000000 ) ;
#3257 = DIRECTION ( 'NONE',  ( 0.0000000000000000000, 0.0000000000000000000, -1.000000000000000000 ) ) ;
#3258 = ORIENTED_EDGE ( 'NONE', *, *, #261, .F. ) ;
#3259 = DIRECTION ( 'NONE',  ( -0.8314696123373919200, -0.5555702329674504500, 0.0000000000000000000 ) ) ;
#3260 = CARTESIAN_POINT ( 'NONE',  ( 1609.999389272321400, 2046.113102208770000, 120.7339465294590800 ) ) ;
#3261 = ORIENTED_EDGE ( 'NONE', *, *, #389, .F. ) ;
#3262 = CARTESIAN_POINT ( 'NONE',  ( 1725.618547619050300, 2059.999897554717800, 61.79149437760506900 ) ) ;
#3263 = DIRECTION ( 'NONE',  ( 1.000000000000000000, 0.0000000000000000000, 0.0000000000000000000 ) ) ;
#3264 = CARTESIAN_POINT ( 'NONE',  ( 1643.023477399990000, 1982.699832439667500, -56.85265513870663100 ) ) ;
#3265 = CARTESIAN_POINT ( 'NONE',  ( 1656.816416058836200, 1982.699832439667300, -7.412473430163555800 ) ) ;
#3266 = ORIENTED_EDGE ( 'NONE', *, *, #1243, .T. ) ;
#3267 = EDGE_CURVE ( 'NONE', #2861, #1878, #4080, .T. ) ;
#3268 = ORIENTED_EDGE ( 'NONE', *, *, #2806, .F. ) ;
#3269 = CARTESIAN_POINT ( 'NONE',  ( 1633.568881668640600, 1899.377410629308300, 111.2089465294590800 ) ) ;
#3270 = DIRECTION ( 'NONE',  ( 0.0000000000000000000, 0.0000000000000000000, 1.000000000000000000 ) ) ;
#3271 = CARTESIAN_POINT ( 'NONE',  ( 1528.498092979528300, 1986.891484664216500, -90.78455347054080000 ) ) ;
#3272 = ORIENTED_EDGE ( 'NONE', *, *, #4980, .F. ) ;
#3273 = CARTESIAN_POINT ( 'NONE',  ( 1577.099162821652700, 1894.463407310697400, 111.2089465294591000 ) ) ;
#3274 = CARTESIAN_POINT ( 'NONE',  ( 1633.438238259159800, 1904.510539477604700, 111.2089465294591100 ) ) ;
#3275 = CARTESIAN_POINT ( 'NONE',  ( 1767.629999349615200, 1904.287838759047200, -45.48078964470418800 ) ) ;
#3276 = CARTESIAN_POINT ( 'NONE',  ( 1590.657496216902700, 1964.480873991133200, 120.7339465294591200 ) ) ;
#3277 = DIRECTION ( 'NONE',  ( 0.0000000000000000000, 0.0000000000000000000, -1.000000000000000000 ) ) ;
#3278 = CARTESIAN_POINT ( 'NONE',  ( 1551.835831358019700, 1927.227357761646300, -78.40205347054089200 ) ) ;
#3279 = B_SPLINE_CURVE_WITH_KNOTS ( 'NONE', 3,
 ( #948, #258, #6283, #5598, #4911, #4221, #3537, #2842, #2161, #1474 ),
 .UNSPECIFIED., .F., .F.,
 ( 4, 2, 2, 2, 4 ),
 ( 0.0000000000000000000, 0.2500000000000000000, 0.5000000000000000000, 0.7500000000000000000, 1.000000000000000000 ),
 .UNSPECIFIED. ) ;
#3280 = CARTESIAN_POINT ( 'NONE',  ( 1672.676482352940600, 1949.220429710663400, 120.7339465294590900 ) ) ;
#3281 = EDGE_CURVE ( 'NONE', #2224, #642, #4498, .T. ) ;
#3282 = CARTESIAN_POINT ( 'NONE',  ( 1767.629999349614800, 2012.511835292783000, -67.62360641590983300 ) ) ;
#3283 = CARTESIAN_POINT ( 'NONE',  ( 1628.764334716509000, 2015.745338673266100, -78.40205347054087800 ) ) ;
#3284 = DIRECTION ( 'NONE',  ( -0.0000000000000000000, -9.106159978880845300E-017, -1.000000000000000000 ) ) ;
#3285 = CARTESIAN_POINT ( 'NONE',  ( 1659.483519190639100, 2010.873768754522000, 111.2089465294591100 ) ) ;
#3286 = CARTESIAN_POINT ( 'NONE',  ( 1586.348957325763600, 1970.672279743443100, 120.7339465294591000 ) ) ;
#3287 = FACE_OUTER_BOUND ( 'NONE', #2255, .T. ) ;
#3288 = CARTESIAN_POINT ( 'NONE',  ( 1767.629999349615200, 1992.339441678407600, 76.96503569444256200 ) ) ;
#3289 = DIRECTION ( 'NONE',  ( 0.0000000000000000000, -1.000000000000000000, 0.0000000000000000000 ) ) ;
#3290 = DIRECTION ( 'NONE',  ( 0.0000000000000000000, 0.0000000000000000000, -1.000000000000000000 ) ) ;
#3291 = CARTESIAN_POINT ( 'NONE',  ( 1647.084290503329600, 1957.299828273458400, -63.42171228392690100 ) ) ;
#3292 = FACE_OUTER_BOUND ( 'NONE', #962, .T. ) ;
#3293 = ORIENTED_EDGE ( 'NONE', *, *, #6643, .F. ) ;
#3294 = AXIS2_PLACEMENT_3D ( 'NONE', #5411, #2663, #1982 ) ;
#3295 = CARTESIAN_POINT ( 'NONE',  ( 1655.470123950720300, 2016.685561374706600, 120.7339465294591000 ) ) ;
#3296 = CARTESIAN_POINT ( 'NONE',  ( 1603.234330532095300, 2050.286771471292000, 120.7339465294591000 ) ) ;
#3297 = ORIENTED_EDGE ( 'NONE', *, *, #5870, .T. ) ;
#3298 = CARTESIAN_POINT ( 'NONE',  ( 1647.973819198690300, 1982.699832439666800, -56.77681940143149600 ) ) ;
#3299 = AXIS2_PLACEMENT_3D ( 'NONE', #5427, #4743, #4057 ) ;
#3300 = B_SPLINE_CURVE_WITH_KNOTS ( 'NONE', 3,
 ( #2274, #902, #211, #6239, #5546, #4865, #4176, #3484, #2795, #2115, #1423, #737, #53, #6073, #5386, #4707, #4016, #3323 ),
 .UNSPECIFIED., .F., .F.,
 ( 4, 2, 2, 2, 2, 2, 2, 2, 4 ),
 ( 0.5000000000000000000, 0.5625000000000000000, 0.6250000000000000000, 0.6875000000000000000, 0.7500000000000000000, 0.8125000000000000000, 0.8750000000000000000, 0.9375000000000000000, 1.000000000000000000 ),
 .UNSPECIFIED. ) ;
#3301 = CARTESIAN_POINT ( 'NONE',  ( 1670.269421652015800, 1949.851422014547600, 120.7339465294591200 ) ) ;
#3302 = APPROVAL_ROLE ( '' ) ;
#3303 = CARTESIAN_POINT ( 'NONE',  ( 1725.406795306002300, 2059.999855978650000, -61.49666201968447900 ) ) ;
#3304 = ORIENTED_EDGE ( 'NONE', *, *, #411, .F. ) ;
#3305 = ORIENTED_EDGE ( 'NONE', *, *, #2232, .T. ) ;
#3306 = CARTESIAN_POINT ( 'NONE',  ( 1605.331257366015100, 2046.439393044905000, 111.2089465294591000 ) ) ;
#3307 = DIRECTION ( 'NONE',  ( 1.000000000000000000, 0.0000000000000000000, 0.0000000000000000000 ) ) ;
#3308 = CARTESIAN_POINT ( 'NONE',  ( 1528.538804920782900, 1925.800616383745800, 120.7339465294591000 ) ) ;
#3309 = DIRECTION ( 'NONE',  ( 0.7660468355397395100, -0.6427847584997261600, 0.0000000000000000000 ) ) ;
#3310 = ORIENTED_EDGE ( 'NONE', *, *, #6625, .T. ) ;
#3311 = EDGE_CURVE ( 'NONE', #6302, #2990, #939, .T. ) ;
#3312 = CARTESIAN_POINT ( 'NONE',  ( 1549.585853436470400, 2024.489724348574100, -78.40205347054092000 ) ) ;
#3313 = CARTESIAN_POINT ( 'NONE',  ( 1572.756572944186200, 1893.216919232671400, 120.7339465294590900 ) ) ;
#3314 = CARTESIAN_POINT ( 'NONE',  ( 1767.629999349615000, 1890.304615207914800, 7.211468377379827800 ) ) ;
#3315 = EDGE_CURVE ( 'NONE', #2664, #5889, #2442, .T. ) ;
#3316 = DIRECTION ( 'NONE',  ( 0.0000000000000000000, 0.0000000000000000000, -1.000000000000000000 ) ) ;
#3317 = CARTESIAN_POINT ( 'NONE',  ( 1707.939999349615200, 1904.519970231427600, 87.14744652945910300 ) ) ;
#3318 = CARTESIAN_POINT ( 'NONE',  ( 1534.205821379060800, 1959.832013779509900, -78.40205347054089200 ) ) ;
#3319 = CARTESIAN_POINT ( 'NONE',  ( 1591.999999384806000, 1969.999832439667200, 66.82244652945908600 ) ) ;
#3320 = EDGE_CURVE ( 'NONE', #4031, #5149, #2960, .T. ) ;
#3321 = CARTESIAN_POINT ( 'NONE',  ( 1767.629999349614800, 1973.556380338769300, -79.85246106071012700 ) ) ;
#3322 = CARTESIAN_POINT ( 'NONE',  ( 1647.109957633660800, 1990.137628878090000, -78.40205347054092000 ) ) ;
#3323 = CARTESIAN_POINT ( 'NONE',  ( 1630.099999384806100, 1969.999832439667400, 28.72244652945911300 ) ) ;
#3324 = B_SPLINE_CURVE_WITH_KNOTS ( 'NONE', 3,
 ( #1998, #1307, #620, #6645, #5952, #5272, #4583, #3888, #3209, #2522, #1835, #1148, #464, #6476, #5786, #5114, #4419, #3722, #3049, #2352, #1669, #986, #295, #6315, #5636, #4949, #4256, #3574, #2877, #2194, #1511, #817, #128, #6158 ),
 .UNSPECIFIED., .F., .F.,
 ( 4, 2, 2, 2, 2, 2, 2, 2, 2, 2, 2, 2, 2, 2, 2, 2, 4 ),
 ( 0.0000000000000000000, 0.06249999999999816800, 0.1249999999999963400, 0.1874999999999969500, 0.2499999999999975600, 0.3124999999999981700, 0.3749999999999987800, 0.4374999999999993900, 0.5000000000000000000, 0.5625000000000005600, 0.6250000000000012200, 0.6875000000000017800, 0.7500000000000024400, 0.8125000000000030000, 0.8750000000000036600, 0.9375000000000017800, 1.000000000000000000 ),
 .UNSPECIFIED. ) ;
#3325 = CARTESIAN_POINT ( 'NONE',  ( 1647.139090766138000, 1949.941943151170300, -78.40205347054089200 ) ) ;
#3326 = ORIENTED_EDGE ( 'NONE', *, *, #1891, .F. ) ;
#3327 = CARTESIAN_POINT ( 'NONE',  ( 1591.527095359706000, 1975.679395451469200, 120.7339465294591200 ) ) ;
#3328 = EDGE_CURVE ( 'NONE', #2824, #1233, #6571, .T. ) ;
#3329 = CARTESIAN_POINT ( 'NONE',  ( 1767.629999349615000, 2024.232110298695900, 58.95953493415824200 ) ) ;
#3330 = LINE ( 'NONE', #2642, #6022 ) ;
#3331 = CARTESIAN_POINT ( 'NONE',  ( 1535.243338413303700, 1984.884351839969400, -78.40205347054087800 ) ) ;
#3332 = CARTESIAN_POINT ( 'NONE',  ( 1649.715281185200000, 1957.299832439667600, -56.42484132074084600 ) ) ;
#3333 = CARTESIAN_POINT ( 'NONE',  ( 1722.650382751154200, 1881.142365428426300, 63.42738844997254700 ) ) ;
#3334 = AXIS2_PLACEMENT_3D ( 'NONE', #1542, #848, #159 ) ;
#3335 = CARTESIAN_POINT ( 'NONE',  ( 1591.999999384806200, 1931.899832439667300, -51.92255347054093300 ) ) ;
#3336 = AXIS2_PLACEMENT_3D ( 'NONE', #3734, #3063, #2363 ) ;
#3337 = ADVANCED_FACE ( 'NONE', ( #3033 ), #3715, .F. ) ;
#3338 = DIRECTION ( 'NONE',  ( -0.6427876766175253400, 0.7660443869572074500, 0.0000000000000000000 ) ) ;
#3339 = VERTEX_POINT ( 'NONE', #980 ) ;
#3340 = ORIENTED_EDGE ( 'NONE', *, *, #3871, .T. ) ;
#3341 = CARTESIAN_POINT ( 'NONE',  ( 1656.332718174768800, 1982.699832439666800, -48.67718631630955200 ) ) ;
#3342 = AXIS2_PLACEMENT_3D ( 'NONE', #4803, #2732, #2057 ) ;
#3343 = DIRECTION ( 'NONE',  ( 0.0000000000000000000, 0.0000000000000000000, -1.000000000000000000 ) ) ;
#3344 = DIRECTION ( 'NONE',  ( -1.000000000000000000, 0.0000000000000000000, -0.0000000000000000000 ) ) ;
#3345 = ORIENTED_EDGE ( 'NONE', *, *, #4520, .T. ) ;
#3346 = EDGE_CURVE ( 'NONE', #4184, #5391, #289, .T. ) ;
#3347 = ORIENTED_EDGE ( 'NONE', *, *, #3416, .T. ) ;
#3348 = CARTESIAN_POINT ( 'NONE',  ( 1614.512080668300500, 1924.339118049682200, 28.72244652945909800 ) ) ;
#3349 = CARTESIAN_POINT ( 'NONE',  ( 1622.293599919463300, 1993.240443510608000, -51.92255347054099700 ) ) ;
#3350 = CARTESIAN_POINT ( 'NONE',  ( 1614.512080668300500, 2015.660546829652700, 28.72244652945910900 ) ) ;
#3351 = DIRECTION ( 'NONE',  ( -0.0000000000000000000, -0.0000000000000000000, -1.000000000000000000 ) ) ;
#3352 = VERTEX_POINT ( 'NONE', #4248 ) ;
#3353 = CC_DESIGN_PERSON_AND_ORGANIZATION_ASSIGNMENT ( #6217, #5521, ( #292 ) ) ;
#3354 = ORIENTED_EDGE ( 'NONE', *, *, #4013, .F. ) ;
#3355 = CARTESIAN_POINT ( 'NONE',  ( 1587.012782707374800, 1932.145428387873600, 28.72244652945910900 ) ) ;
#3356 = CARTESIAN_POINT ( 'NONE',  ( 1579.198429487483700, 1893.354585806423300, 120.7339465294590900 ) ) ;
#3357 = CARTESIAN_POINT ( 'NONE',  ( 1767.629999349615000, 1904.208166892189000, 45.66072848235135200 ) ) ;
#3358 = CARTESIAN_POINT ( 'NONE',  ( 1796.839999349615000, 1892.558500692688300, 20.89005197057613100 ) ) ;
#3359 = DIRECTION ( 'NONE',  ( 0.0000000000000000000, 0.0000000000000000000, 1.000000000000000000 ) ) ;
#3360 = CARTESIAN_POINT ( 'NONE',  ( 1533.556444957889000, 1934.341295526275200, -114.5970534705408400 ) ) ;
#3361 = CARTESIAN_POINT ( 'NONE',  ( 1711.464663004981000, 1908.098023410380400, -114.5970534705409400 ) ) ;
#3362 = CARTESIAN_POINT ( 'NONE',  ( 1549.550000533529100, 2034.525360614743200, 120.7339465294590900 ) ) ;
#3363 = CARTESIAN_POINT ( 'NONE',  ( 1696.366815309239400, 2150.891094985175600, 66.82244652945908600 ) ) ;
#3364 = CARTESIAN_POINT ( 'NONE',  ( 1623.560028484372000, 1920.532524806475500, -78.40205347054087800 ) ) ;
#3365 = CARTESIAN_POINT ( 'NONE',  ( 1597.603686528589400, 1971.071789912078900, 120.7339465294591200 ) ) ;
#3366 = CARTESIAN_POINT ( 'NONE',  ( 1713.435310899424600, 1957.299832439667600, -5.789803470540907600 ) ) ;
#3367 = CARTESIAN_POINT ( 'NONE',  ( 1767.629999349614800, 2045.969717818826000, 25.31152794481091200 ) ) ;
#3368 = CARTESIAN_POINT ( 'NONE',  ( 1767.629999349614800, 1935.055257597003900, -71.81698072241839300 ) ) ;
#3369 = CARTESIAN_POINT ( 'NONE',  ( 1551.653698284305800, 2012.600480345636500, -78.40205347054092000 ) ) ;
#3370 = B_SPLINE_CURVE_WITH_KNOTS ( 'NONE', 3,
 ( #1104, #419, #6433, #5747 ),
 .UNSPECIFIED., .F., .F.,
 ( 4, 4 ),
 ( 0.0000000000000000000, 1.000000000000000000 ),
 .UNSPECIFIED. ) ;
#3371 = DIRECTION ( 'NONE',  ( 0.0000000000000000000, 0.0000000000000000000, 1.000000000000000000 ) ) ;
#3372 = CARTESIAN_POINT ( 'NONE',  ( 1575.225600428462700, 2033.500809244672200, -114.5970534705409800 ) ) ;
#3373 = VECTOR ( 'NONE', #3485, 1000.000000000000000 ) ;
#3374 = LINE ( 'NONE', #2687, #3559 ) ;
#3375 = CARTESIAN_POINT ( 'NONE',  ( 1722.200735094426800, 1881.548302186142300, -63.69995204734785000 ) ) ;
#3376 = VERTEX_POINT ( 'NONE', #3569 ) ;
#3377 = EDGE_CURVE ( 'NONE', #5470, #4443, #6055, .T. ) ;
#3378 = FACE_OUTER_BOUND ( 'NONE', #352, .T. ) ;
#3379 = CARTESIAN_POINT ( 'NONE',  ( 1656.677272083951700, 2012.313511906217600, 120.7339465294591200 ) ) ;
#3380 = CARTESIAN_POINT ( 'NONE',  ( 1725.831601379512900, 2059.999946942326000, -62.23635621435796100 ) ) ;
#3381 = ORIENTED_EDGE ( 'NONE', *, *, #175, .F. ) ;
#3382 = CARTESIAN_POINT ( 'NONE',  ( 1536.533024309255300, 1929.315327677967800, -78.40205347054089200 ) ) ;
#3383 = FACE_OUTER_BOUND ( 'NONE', #4561, .T. ) ;
#3384 = VECTOR ( 'NONE', #5878, 1000.000000000000000 ) ;
#3385 = CARTESIAN_POINT ( 'NONE',  ( 1541.745068543042900, 2036.799932713333900, 111.2089465294590800 ) ) ;
#3386 = CARTESIAN_POINT ( 'NONE',  ( 1516.445827482087900, 1985.662174021772400, 120.7339465294590900 ) ) ;
#3387 = CARTESIAN_POINT ( 'NONE',  ( 1706.224271029778900, 2035.815490410538800, -90.78455347054080000 ) ) ;
#3388 = EDGE_LOOP ( 'NONE', ( #2324, #2699, #1854, #2382 ) ) ;
#3389 = ORIENTED_EDGE ( 'NONE', *, *, #3943, .F. ) ;
#3390 = CARTESIAN_POINT ( 'NONE',  ( 1511.886767255585000, 1981.267386070702300, 111.2089465294591100 ) ) ;
#3391 = B_SPLINE_CURVE_WITH_KNOTS ( 'NONE', 3,
 ( #2124, #1434, #748, #64, #6082, #5395, #4715, #4023, #3333, #2646, #1964, #1273, #585, #6606, #5916, #5239, #4551, #3854, #3177, #2488, #1798, #1113, #427, #6440, #5755, #5082, #4388, #3693, #3012, #2321 ),
 .UNSPECIFIED., .F., .F.,
 ( 4, 1, 1, 1, 1, 2, 2, 2, 1, 1, 1, 2, 2, 2, 1, 1, 1, 2, 2, 4 ),
 ( 0.0000000000000000000, 0.1250000000000004400, 0.1874999999999975000, 0.2187499999999988300, 0.2343750000000287000, 0.2421875000000755500, 0.2500000000001224000, 0.3750000000011133300, 0.4375000000016764900, 0.4687500000019829100, 0.4843750000021629900, 0.4921875000022554200, 0.5000000000023477900, 0.6250000000028792500, 0.6875000000031983300, 0.7187500000033578700, 0.7343750000033785200, 0.7421875000033103500, 0.7500000000032421800, 1.000000000000000000 ),
 .UNSPECIFIED. ) ;
#3392 = DIRECTION ( 'NONE',  ( 1.000000000000000000, 0.0000000000000000000, 0.0000000000000000000 ) ) ;
#3393 = EDGE_CURVE ( 'NONE', #3769, #1902, #6151, .T. ) ;
#3394 = CARTESIAN_POINT ( 'NONE',  ( 1767.629999349614800, 1933.015557245104700, 71.08990090206714300 ) ) ;
#3395 = ORIENTED_EDGE ( 'NONE', *, *, #4523, .F. ) ;
#3396 = CARTESIAN_POINT ( 'NONE',  ( 1522.264244331933500, 1929.057464335367700, 120.7339465294591000 ) ) ;
#3397 = CARTESIAN_POINT ( 'NONE',  ( 1591.999999384806000, 2055.882261958166500, 107.3989465294591500 ) ) ;
#3398 = DIRECTION ( 'NONE',  ( -0.0000000000000000000, 0.0000000000000000000, -1.000000000000000000 ) ) ;
#3399 = EDGE_CURVE ( 'NONE', #670, #4568, #5024, .T. ) ;
#3400 = CARTESIAN_POINT ( 'NONE',  ( 1512.891906545976300, 1990.688737646452200, 120.7339465294590800 ) ) ;
#3401 = DIRECTION ( 'NONE',  ( 0.0000000000000000000, -6.902091949631783900E-017, -1.000000000000000000 ) ) ;
#3402 = CARTESIAN_POINT ( 'NONE',  ( 1743.499999349615100, 1969.999832439667200, 0.1474465294591179000 ) ) ;
#3403 = CARTESIAN_POINT ( 'NONE',  ( 1595.972873297313800, 1911.442723560215200, -78.40205347054089200 ) ) ;
#3404 = CARTESIAN_POINT ( 'NONE',  ( 1671.412850007394400, 1949.471781812096200, 111.2089465294590800 ) ) ;
#3405 = EDGE_CURVE ( 'NONE', #4519, #5184, #6141, .T. ) ;
#3406 = DIRECTION ( 'NONE',  ( 1.000000000000000000, 0.0000000000000000000, 0.0000000000000000000 ) ) ;
#3407 = CARTESIAN_POINT ( 'NONE',  ( 1767.629999349615400, 2044.583890341269400, -28.78731965439829900 ) ) ;
#3408 = CARTESIAN_POINT ( 'NONE',  ( 1583.433848607084000, 2028.086475115734400, -78.40205347054086400 ) ) ;
#3409 = CARTESIAN_POINT ( 'NONE',  ( 1601.878665245003500, 1933.118398124734300, -51.92255347054095400 ) ) ;
#3410 = CARTESIAN_POINT ( 'NONE',  ( 1667.954750259635100, 1955.978826005010000, 120.7339465294590900 ) ) ;
#3411 = VERTEX_POINT ( 'NONE', #1018 ) ;
#3412 = B_SPLINE_CURVE_WITH_KNOTS ( 'NONE', 3,
 ( #4873, #4183, #3495, #2804 ),
 .UNSPECIFIED., .F., .F.,
 ( 4, 4 ),
 ( 0.0000000000000000000, 0.9999997603815091700 ),
 .UNSPECIFIED. ) ;
#3413 = DIRECTION ( 'NONE',  ( -0.0000000000000000000, -0.0000000000000000000, -1.000000000000000000 ) ) ;
#3414 = CARTESIAN_POINT ( 'NONE',  ( 1660.614045597815400, 2021.651592935113700, 120.7339465294591000 ) ) ;
#3415 = ORIENTED_EDGE ( 'NONE', *, *, #5496, .T. ) ;
#3416 = EDGE_CURVE ( 'NONE', #2634, #4031, #329, .T. ) ;
#3417 = ORIENTED_EDGE ( 'NONE', *, *, #5558, .F. ) ;
#3418 = CARTESIAN_POINT ( 'NONE',  ( 1550.474339699356500, 2040.835203429532800, 120.7339465294590900 ) ) ;
#3419 = CARTESIAN_POINT ( 'NONE',  ( 1612.344797809475000, 2048.428597676838800, 120.7339465294590900 ) ) ;
#3420 = EDGE_LOOP ( 'NONE', ( #3900, #2218 ) ) ;
#3421 = CARTESIAN_POINT ( 'NONE',  ( 1707.939999349615200, 1890.774118117581100, 87.14744652945913100 ) ) ;
#3422 = CARTESIAN_POINT ( 'NONE',  ( 1641.661250139466600, 1904.365873575000000, 111.2089465294590800 ) ) ;
#3423 = CARTESIAN_POINT ( 'NONE',  ( 1511.456847394208600, 1981.325763147325900, 120.7339465294591200 ) ) ;
#3424 = CARTESIAN_POINT ( 'NONE',  ( 1698.502970668910600, 2033.500809351728800, -90.78455347054088500 ) ) ;
#3425 = ORIENTED_EDGE ( 'NONE', *, *, #1671, .F. ) ;
#3426 = EDGE_CURVE ( 'NONE', #2361, #5316, #474, .T. ) ;
#3427 = ORIENTED_EDGE ( 'NONE', *, *, #4143, .F. ) ;
#3428 = CARTESIAN_POINT ( 'NONE',  ( 1640.551186165550700, 1905.688901011027200, 120.7339465294591000 ) ) ;
#3429 = AXIS2_PLACEMENT_3D ( 'NONE', #6153, #3401, #2710 ) ;
#3430 = LINE ( 'NONE', #2062, #2376 ) ;
#3431 = EDGE_CURVE ( 'NONE', #1369, #5242, #2910, .T. ) ;
#3432 = CARTESIAN_POINT ( 'NONE',  ( 1555.063427291986500, 2027.843094568243700, -90.78455347054082800 ) ) ;
#3433 = VERTEX_POINT ( 'NONE', #849 ) ;
#3434 = B_SPLINE_CURVE_WITH_KNOTS ( 'NONE', 3,
 ( #81, #4046, #3355, #2666, #1985, #1290, #606, #6629, #5936, #5261, #4570, #3873, #3194, #2507, #1818, #1133, #447, #6460 ),
 .UNSPECIFIED., .F., .F.,
 ( 4, 2, 2, 2, 2, 2, 2, 2, 4 ),
 ( 0.5000000000000000000, 0.5625000000000000000, 0.6250000000000000000, 0.6875000000000000000, 0.7500000000000000000, 0.8125000000000000000, 0.8750000000000000000, 0.9375000000000000000, 1.000000000000000000 ),
 .UNSPECIFIED. ) ;
#3435 = DIRECTION ( 'NONE',  ( 0.0000000000000000000, 0.0000000000000000000, -1.000000000000000000 ) ) ;
#3436 = DIRECTION ( 'NONE',  ( -1.000000000000000000, -0.0000000000000000000, -0.0000000000000000000 ) ) ;
#3437 = CARTESIAN_POINT ( 'NONE',  ( 1767.629999349614800, 1909.843692389606300, -52.59002271720004300 ) ) ;
#3438 = CARTESIAN_POINT ( 'NONE',  ( 1593.619085763547000, 1964.555552707150800, 120.7339465294591300 ) ) ;
#3439 = CARTESIAN_POINT ( 'NONE',  ( 1608.884060347426800, 1935.754296647178800, 28.72244652945910600 ) ) ;
#3440 = CARTESIAN_POINT ( 'NONE',  ( 1556.959732530041000, 1922.936737221085900, -78.40205347054090600 ) ) ;
#3441 = CARTESIAN_POINT ( 'NONE',  ( 1745.738617221581800, 1999.890385345625200, -90.78455347054089900 ) ) ;
#3442 = CARTESIAN_POINT ( 'NONE',  ( 1767.629999349615000, 2019.894972370800600, -62.39292755766611300 ) ) ;
#3443 = CARTESIAN_POINT ( 'NONE',  ( 1619.092366773247200, 2022.061343893246200, -78.40205347054090600 ) ) ;
#3444 = DIRECTION ( 'NONE',  ( 0.0000000000000000000, -6.829619984160648200E-017, 1.000000000000000000 ) ) ;
#3445 = DIRECTION ( 'NONE',  ( 0.0000000000000000000, 0.0000000000000000000, -1.000000000000000000 ) ) ;
#3446 = CARTESIAN_POINT ( 'NONE',  ( 1526.281177229577500, 1920.466667573955000, 120.7339465294590900 ) ) ;
#3447 = EDGE_CURVE ( 'NONE', #1106, #6302, #4005, .T. ) ;
#3448 = CARTESIAN_POINT ( 'NONE',  ( 1767.629999349615000, 1980.591772268001900, 79.44316477174106700 ) ) ;
#3449 = DIRECTION ( 'NONE',  ( -2.035479525649563200E-015, -1.000000000000000000, 4.760636762450857400E-013 ) ) ;
#3450 = CARTESIAN_POINT ( 'NONE',  ( 1725.831601379512700, 2059.999946942325600, 61.79142227176929200 ) ) ;
#3451 = CARTESIAN_POINT ( 'NONE',  ( 1716.266083021286200, 1887.496460835619000, 71.51598700742597700 ) ) ;
#3452 = VERTEX_POINT ( 'NONE', #4131 ) ;
#3453 = AXIS2_PLACEMENT_3D ( 'NONE', #2391, #1705, #1023 ) ;
#3454 = CARTESIAN_POINT ( 'NONE',  ( 1542.381971228532800, 2035.846740483843400, 111.2089465294590800 ) ) ;
#3455 = CARTESIAN_POINT ( 'NONE',  ( 1603.529915995210100, 2048.774284499042100, 120.7339465294590500 ) ) ;
#3456 = ORIENTED_EDGE ( 'NONE', *, *, #5366, .T. ) ;
#3457 = VECTOR ( 'NONE', #2791, 1000.000000000000000 ) ;
#3458 = CARTESIAN_POINT ( 'NONE',  ( 1722.001379402814300, 2058.213885292362200, 64.32128259301360600 ) ) ;
#3459 = CARTESIAN_POINT ( 'NONE',  ( 1591.999999384806000, 2008.099832439667100, 28.72244652945910600 ) ) ;
#3460 = APPROVAL_STATUS ( 'not_yet_approved' ) ;
#3461 = CARTESIAN_POINT ( 'NONE',  ( 1723.678357326500000, 2059.516682412041500, -62.19642635295780800 ) ) ;
#3462 = ORIENTED_EDGE ( 'NONE', *, *, #280, .F. ) ;
#3463 = EDGE_CURVE ( 'NONE', #1404, #5099, #3050, .T. ) ;
#3464 = ORIENTED_EDGE ( 'NONE', *, *, #1243, .F. ) ;
#3465 = CARTESIAN_POINT ( 'NONE',  ( 1612.542262568015100, 2048.925066447355700, 111.2089465294591100 ) ) ;
#3466 = VECTOR ( 'NONE', #3516, 1000.000000000000000 ) ;
#3467 = EDGE_CURVE ( 'NONE', #4798, #1106, #1422, .T. ) ;
#3468 = CARTESIAN_POINT ( 'NONE',  ( 1565.533964341182100, 2031.901641669147000, -90.78455347054094200 ) ) ;
#3469 = CARTESIAN_POINT ( 'NONE',  ( 1527.913421756812800, 1927.215913710830400, 120.7339465294590900 ) ) ;
#3470 = DIRECTION ( 'NONE',  ( 0.0000000000000000000, 0.0000000000000000000, -1.000000000000000000 ) ) ;
#3471 = ORIENTED_EDGE ( 'NONE', *, *, #4932, .T. ) ;
#3472 = VECTOR ( 'NONE', #1740, 1000.000000000000000 ) ;
#3473 = AXIS2_PLACEMENT_3D ( 'NONE', #5008, #4316, #3625 ) ;
#3474 = CARTESIAN_POINT ( 'NONE',  ( 1562.159922266360800, 2030.808721657278300, -78.40205347054090600 ) ) ;
#3475 = CARTESIAN_POINT ( 'NONE',  ( 1571.778509353810500, 1891.875479615608400, 120.7339465294591000 ) ) ;
#3476 = CARTESIAN_POINT ( 'NONE',  ( 1767.629999349614800, 1891.519185996024400, -15.52381656148299700 ) ) ;
#3477 = CARTESIAN_POINT ( 'NONE',  ( 1586.558219337794300, 1968.373421276185400, 120.7339465294590900 ) ) ;
#3478 = DIRECTION ( 'NONE',  ( 0.0000000000000000000, 0.0000000000000000000, -1.000000000000000000 ) ) ;
#3479 = CARTESIAN_POINT ( 'NONE',  ( 1535.971915721316900, 1952.570666311028600, -78.40205347054087800 ) ) ;
#3480 = CARTESIAN_POINT ( 'NONE',  ( 1720.264613344747900, 1883.855591635584700, 76.98494652945909400 ) ) ;
#3481 = EDGE_CURVE ( 'NONE', #6293, #6220, #907, .T. ) ;
#3482 = CARTESIAN_POINT ( 'NONE',  ( 1767.629999349615000, 1984.096794252772300, -78.61215619668209300 ) ) ;
#3483 = CARTESIAN_POINT ( 'NONE',  ( 1643.590381815653500, 1997.947477053046000, -78.40205347054092000 ) ) ;
#3484 = CARTESIAN_POINT ( 'NONE',  ( 1615.240610455746500, 2000.293432974324600, 28.72244652945910900 ) ) ;
#3485 = DIRECTION ( 'NONE',  ( 0.0000000000000000000, 0.0000000000000000000, 1.000000000000000000 ) ) ;
#3486 = ADVANCED_FACE ( 'NONE', ( #4765 ), #369, .F. ) ;
#3487 = ORIENTED_EDGE ( 'NONE', *, *, #868, .F. ) ;
#3488 = CARTESIAN_POINT ( 'NONE',  ( 1589.232249402183500, 1974.959500303028100, 120.7339465294590900 ) ) ;
#3489 = EDGE_CURVE ( 'NONE', #5010, #6004, #1505, .T. ) ;
#3490 = CARTESIAN_POINT ( 'NONE',  ( 1767.629999349615000, 2017.869641323944700, 64.24489482838498600 ) ) ;
#3491 = ORIENTED_EDGE ( 'NONE', *, *, #5366, .F. ) ;
#3492 = CARTESIAN_POINT ( 'NONE',  ( 1743.499999349615100, 1894.634079827422300, -78.71955347054094400 ) ) ;
#3493 = CARTESIAN_POINT ( 'NONE',  ( 1533.760341486221300, 1977.129046058086900, -78.40205347054090600 ) ) ;
#3494 = CARTESIAN_POINT ( 'NONE',  ( 1657.762044138419200, 2019.745946484888900, 111.2089465294590800 ) ) ;
#3495 = CARTESIAN_POINT ( 'NONE',  ( 1721.488851623945900, 1882.396670325014600, 65.16101569616861900 ) ) ;
#3496 = ORIENTED_EDGE ( 'NONE', *, *, #3767, .T. ) ;
#3497 = CARTESIAN_POINT ( 'NONE',  ( 1561.706398850149100, 1946.759221368726500, -51.92255347054099700 ) ) ;
#3498 = CARTESIAN_POINT ( 'NONE',  ( 1541.745068580450200, 2036.799932657350200, 120.7339465294590900 ) ) ;
#3499 = ORIENTED_EDGE ( 'NONE', *, *, #1951, .T. ) ;
#3500 = ORIENTED_EDGE ( 'NONE', *, *, #3467, .F. ) ;
#3501 = EDGE_CURVE ( 'NONE', #2341, #3225, #2264, .T. ) ;
#3502 = FACE_OUTER_BOUND ( 'NONE', #3124, .T. ) ;
#3503 = CARTESIAN_POINT ( 'NONE',  ( 1655.647229264213600, 1982.699832439666800, -50.90546155884156600 ) ) ;
#3504 = B_SPLINE_CURVE_WITH_KNOTS ( 'NONE', 3,
 ( #2621, #1937, #1246, #561 ),
 .UNSPECIFIED., .F., .F.,
 ( 4, 4 ),
 ( 0.0000000000000000000, 1.000000000000000000 ),
 .UNSPECIFIED. ) ;
#3505 = EDGE_CURVE ( 'NONE', #6020, #4798, #5048, .T. ) ;
#3506 = CARTESIAN_POINT ( 'NONE',  ( 1666.499987396513500, 1982.699832439667000, -9.994783470538683500 ) ) ;
#3507 = FACE_OUTER_BOUND ( 'NONE', #3583, .T. ) ;
#3508 = CARTESIAN_POINT ( 'NONE',  ( 1743.499999349615100, 2054.999832580420800, 56.53006874164951500 ) ) ;
#3509 = ORIENTED_EDGE ( 'NONE', *, *, #3001, .T. ) ;
#3510 = ADVANCED_FACE ( 'NONE', ( #5797 ), #3714, .F. ) ;
#3511 = ORIENTED_EDGE ( 'NONE', *, *, #2248, .T. ) ;
#3512 = CARTESIAN_POINT ( 'NONE',  ( 1566.541545137934900, 1925.913987209271900, 28.72244652945909800 ) ) ;
#3513 = CYLINDRICAL_SURFACE ( 'NONE', #3336, 4.756378424427776300 ) ;
#3514 = DIRECTION ( 'NONE',  ( 1.000000000000000000, 0.0000000000000000000, 0.0000000000000000000 ) ) ;
#3515 = CARTESIAN_POINT ( 'NONE',  ( 1642.472538120531500, 1976.649454676242800, 28.72244652945909800 ) ) ;
#3516 = DIRECTION ( 'NONE',  ( 0.9999889559186728700, 0.004699791557346506700, 0.0000000000000000000 ) ) ;
#3517 = VERTEX_POINT ( 'NONE', #4933 ) ;
#3518 = VERTEX_POINT ( 'NONE', #4239 ) ;
#3519 = CARTESIAN_POINT ( 'NONE',  ( 1529.393322629756100, 1992.927071205942900, -78.40205347054090600 ) ) ;
#3520 = AXIS2_PLACEMENT_3D ( 'NONE', #1975, #1280, #596 ) ;
#3521 = EDGE_CURVE ( 'NONE', #4519, #670, #2984, .T. ) ;
#3522 = CARTESIAN_POINT ( 'NONE',  ( 1577.523953290792000, 1894.310258191314500, 120.7339465294591000 ) ) ;
#3523 = CARTESIAN_POINT ( 'NONE',  ( 1767.629999349615400, 1899.364809160469600, 37.70667758367544300 ) ) ;
#3524 = CARTESIAN_POINT ( 'NONE',  ( 1796.839999349615000, 1909.728887611379600, -52.71869341603889600 ) ) ;
#3525 = CARTESIAN_POINT ( 'NONE',  ( 1613.448833102502700, 2045.595999975697900, 111.2089465294590800 ) ) ;
#3526 = CARTESIAN_POINT ( 'NONE',  ( 1612.656135901324200, 2049.497546352815800, 120.7339465294590900 ) ) ;
#3527 = ADVANCED_FACE ( 'NONE', ( #5637 ), #805, .F. ) ;
#3528 = CARTESIAN_POINT ( 'NONE',  ( 1705.578376956779000, 1924.997874179347300, -78.40205347054089200 ) ) ;
#3529 = CARTESIAN_POINT ( 'NONE',  ( 1550.919947286549800, 2036.356669800781700, 120.7339465294590900 ) ) ;
#3530 = CARTESIAN_POINT ( 'NONE',  ( 1512.630371360603500, 1990.740832246745900, 111.2089465294590800 ) ) ;
#3531 = CARTESIAN_POINT ( 'NONE',  ( 1631.854259741148300, 1926.937520248857500, -78.40205347054090600 ) ) ;
#3532 = CARTESIAN_POINT ( 'NONE',  ( 1596.750106811425000, 1973.132444907935700, 120.7339465294590900 ) ) ;
#3533 = CARTESIAN_POINT ( 'NONE',  ( 1725.831601379512700, 2059.999946942325600, 61.79142227176929200 ) ) ;
#3534 = CARTESIAN_POINT ( 'NONE',  ( 1767.629999349615400, 2041.337175572256700, 36.38995464130372400 ) ) ;
#3535 = CARTESIAN_POINT ( 'NONE',  ( 1767.629999349616100, 1947.660223200701500, -76.67014263549607700 ) ) ;
#3536 = CARTESIAN_POINT ( 'NONE',  ( 1544.202048965387800, 2004.029149392633400, -78.40205347054090600 ) ) ;
#3537 = CARTESIAN_POINT ( 'NONE',  ( 1716.800753178295700, 1909.734895730370700, -90.78455347054092800 ) ) ;
#3538 = PLANE ( 'NONE',  #5069 ) ;
#3539 = CIRCLE ( 'NONE', #5335, 85.88242951849922200 ) ;
#3540 = EDGE_CURVE ( 'NONE', #5721, #4031, #4773, .T. ) ;
#3541 = CARTESIAN_POINT ( 'NONE',  ( 1736.169875119821200, 2016.542146705876600, -114.5970534705409600 ) ) ;
#3542 = CARTESIAN_POINT ( 'NONE',  ( 1723.353251604417700, 1880.653970985034000, -62.44118153185023300 ) ) ;
#3543 = EDGE_LOOP ( 'NONE', ( #1578, #241, #2767, #1799, #873, #2930 ) ) ;
#3544 = EDGE_LOOP ( 'NONE', ( #1266, #5159, #5286, #105 ) ) ;
#3545 = CARTESIAN_POINT ( 'NONE',  ( 1658.604370675749400, 2011.090125853815600, 120.7339465294590900 ) ) ;
#3546 = DIRECTION ( 'NONE',  ( 1.000000000000000000, -0.0000000000000000000, 0.0000000000000000000 ) ) ;
#3547 = ORIENTED_EDGE ( 'NONE', *, *, #3426, .T. ) ;
#3548 = FACE_OUTER_BOUND ( 'NONE', #2805, .T. ) ;
#3549 = CARTESIAN_POINT ( 'NONE',  ( 1531.879123378906600, 1938.424285554368500, -78.40205347054087800 ) ) ;
#3550 = VECTOR ( 'NONE', #5628, 1000.000000000000000 ) ;
#3551 = CARTESIAN_POINT ( 'NONE',  ( 1670.878535428750900, 1949.578063589894600, 111.2089465294591100 ) ) ;
#3552 = DIRECTION ( 'NONE',  ( 0.0000000000000000000, -6.829619984160648200E-017, 1.000000000000000000 ) ) ;
#3553 = CIRCLE ( 'NONE', #560, 102.0000005463257700 ) ;
#3554 = CARTESIAN_POINT ( 'NONE',  ( 1526.281177229577500, 1920.466667573955000, 111.2089465294590800 ) ) ;
#3555 = VERTEX_POINT ( 'NONE', #2024 ) ;
#3556 = VERTEX_POINT ( 'NONE', #1331 ) ;
#3557 = DIRECTION ( 'NONE',  ( 0.0000000000000000000, 0.0000000000000000000, -1.000000000000000000 ) ) ;
#3558 = EDGE_CURVE ( 'NONE', #5813, #2224, #2466, .T. ) ;
#3559 = VECTOR ( 'NONE', #2009, 1000.000000000000000 ) ;
#3560 = CARTESIAN_POINT ( 'NONE',  ( 1508.850446862236800, 1991.492705977478900, 120.7339465294591000 ) ) ;
#3561 = CARTESIAN_POINT ( 'NONE',  ( 1767.629999349614800, 1924.627759739511900, 66.05906923497242600 ) ) ;
#3562 = VERTEX_POINT ( 'NONE', #1694 ) ;
#3563 = CARTESIAN_POINT ( 'NONE',  ( 1707.939999349615200, 2035.479694647907300, 87.39794052945914900 ) ) ;
#3564 = CARTESIAN_POINT ( 'NONE',  ( 1709.209148379516400, 1901.414126244674200, -78.71955347054094400 ) ) ;
#3565 = EDGE_CURVE ( 'NONE', #4720, #6138, #1013, .T. ) ;
#3566 = AXIS2_PLACEMENT_3D ( 'NONE', #6065, #5379, #4702 ) ;
#3567 = FACE_OUTER_BOUND ( 'NONE', #4241, .T. ) ;
#3568 = CARTESIAN_POINT ( 'NONE',  ( 1672.340773406139300, 1954.136767758745500, 111.2089465294590800 ) ) ;
#3569 = CARTESIAN_POINT ( 'NONE',  ( 1767.629999349615000, 2054.999832580420400, -56.23517568273066300 ) ) ;
#3570 = CARTESIAN_POINT ( 'NONE',  ( 1543.162857751044200, 2034.822870366276900, 120.7339465294590900 ) ) ;
#3571 = CARTESIAN_POINT ( 'NONE',  ( 1707.939999349615200, 2035.810168678058300, 87.14744652945911700 ) ) ;
#3572 = CARTESIAN_POINT ( 'NONE',  ( 1605.160288182758700, 1912.820733906540900, -78.40205347054090600 ) ) ;
#3573 = PLANE ( 'NONE',  #2850 ) ;
#3574 = CARTESIAN_POINT ( 'NONE',  ( 1796.839999349615000, 2010.091886295182100, -69.27908125983729800 ) ) ;
#3575 = CIRCLE ( 'NONE', #2765, 106.9999624967876700 ) ;
#3576 = CARTESIAN_POINT ( 'NONE',  ( 1767.629999349615400, 2047.588986573062100, -19.34444117451399600 ) ) ;
#3577 = CARTESIAN_POINT ( 'NONE',  ( 1767.629999349615200, 1915.767554579739000, -58.66464187463099500 ) ) ;
#3578 = CARTESIAN_POINT ( 'NONE',  ( 1572.353476635038100, 2025.286997732643200, -78.40205347054089200 ) ) ;
#3579 = PLANE ( 'NONE',  #829 ) ;
#3580 = CARTESIAN_POINT ( 'NONE',  ( 1528.498092979527700, 1983.500809044675000, -114.5970534705409000 ) ) ;
#3581 = CARTESIAN_POINT ( 'NONE',  ( 1706.224271101933700, 1904.184174567535100, -90.78455347054081400 ) ) ;
#3582 = CARTESIAN_POINT ( 'NONE',  ( 1711.220456900378800, 2045.365585051912100, -78.71955347054091600 ) ) ;
#3583 = EDGE_LOOP ( 'NONE', ( #5492, #1166, #4914, #1329 ) ) ;
#3584 = CARTESIAN_POINT ( 'NONE',  ( 1743.499999349614900, 2038.585538644671900, -78.71955347054091600 ) ) ;
#3585 = DIRECTION ( 'NONE',  ( -0.0000000000000000000, 0.0000000000000000000, 1.000000000000000000 ) ) ;
#3586 = ORIENTED_EDGE ( 'NONE', *, *, #6345, .F. ) ;
#3587 = CARTESIAN_POINT ( 'NONE',  ( 1569.300298310354700, 1907.352124745893200, -78.40205347054089200 ) ) ;
#3588 = LINE ( 'NONE', #2894, #3805 ) ;
#3589 = CARTESIAN_POINT ( 'NONE',  ( 1512.809252963861100, 1981.448262470650700, 120.7339465294590900 ) ) ;
#3590 = CARTESIAN_POINT ( 'NONE',  ( 1528.498092979527000, 1956.498855844675500, -96.49955347054090300 ) ) ;
#3591 = VERTEX_POINT ( 'NONE', #5661 ) ;
#3592 = ORIENTED_EDGE ( 'NONE', *, *, #3393, .T. ) ;
#3593 = B_SPLINE_CURVE_WITH_KNOTS ( 'NONE', 3,
 ( #2171, #1486, #793, #108 ),
 .UNSPECIFIED., .F., .F.,
 ( 4, 4 ),
 ( 0.0000000000000000000, 1.000000000000000000 ),
 .UNSPECIFIED. ) ;
#3594 = CARTESIAN_POINT ( 'NONE',  ( 1637.294864329953700, 1906.778359435920900, 120.7339465294591000 ) ) ;
#3595 = DIRECTION ( 'NONE',  ( 0.0000000000000000000, 0.0000000000000000000, 1.000000000000000000 ) ) ;
#3596 = CARTESIAN_POINT ( 'NONE',  ( 1767.629999349615000, 1959.366601331421600, 79.43763847882772200 ) ) ;
#3597 = VERTEX_POINT ( 'NONE', #4973 ) ;
#3598 = DIRECTION ( 'NONE',  ( 0.0000000000000000000, 0.0000000000000000000, 1.000000000000000000 ) ) ;
#3599 = LINE ( 'NONE', #2909, #3162 ) ;
#3600 = VECTOR ( 'NONE', #2443, 1000.000000000000000 ) ;
#3601 = CARTESIAN_POINT ( 'NONE',  ( 1580.636630064851500, 1888.520275061040600, 120.7339465294590900 ) ) ;
#3602 = CARTESIAN_POINT ( 'NONE',  ( 1595.571697682093600, 1965.578524144317500, 120.7339465294591000 ) ) ;
#3603 = CARTESIAN_POINT ( 'NONE',  ( 1629.854403436600300, 1965.012615762236500, 28.72244652945910900 ) ) ;
#3604 = VECTOR ( 'NONE', #6164, 1000.000000000000000 ) ;
#3605 = AXIS2_PLACEMENT_3D ( 'NONE', #4701, #4009, #3316 ) ;
#3606 = CARTESIAN_POINT ( 'NONE',  ( 1564.529024721092100, 1918.135200709058200, -78.40205347054087800 ) ) ;
#3607 = CARTESIAN_POINT ( 'NONE',  ( 1748.281930107358700, 1988.177138360565300, -90.78455347054089900 ) ) ;
#3608 = ADVANCED_FACE ( 'NONE', ( #480 ), #2377, .T. ) ;
#3609 = CARTESIAN_POINT ( 'NONE',  ( 1767.629999349614800, 2027.879196406537600, -55.11171473038334100 ) ) ;
#3610 = ORIENTED_EDGE ( 'NONE', *, *, #4398, .F. ) ;
#3611 = CARTESIAN_POINT ( 'NONE',  ( 1611.054847728807500, 2025.493571726548200, -78.40205347054086400 ) ) ;
#3612 = CARTESIAN_POINT ( 'NONE',  ( 1743.499999349615100, 1879.999861042323800, 85.14744614636023800 ) ) ;
#3613 = CARTESIAN_POINT ( 'NONE',  ( 1549.424642493206000, 2042.406186317526400, 111.2089465294590800 ) ) ;
#3614 = CARTESIAN_POINT ( 'NONE',  ( 1554.145595333012400, 1974.987049117098400, -51.92255347054099700 ) ) ;
#3615 = ORIENTED_EDGE ( 'NONE', *, *, #229, .F. ) ;
#3616 = CARTESIAN_POINT ( 'NONE',  ( 1767.629999349615200, 1969.999832439667400, 80.14744637668010800 ) ) ;
#3617 = CARTESIAN_POINT ( 'NONE',  ( 1747.976717765535100, 1949.253166949575200, -90.78455347054092800 ) ) ;
#3618 = CARTESIAN_POINT ( 'NONE',  ( 1586.610115780007200, 1971.829140554475500, 111.2089465294590800 ) ) ;
#3619 = CARTESIAN_POINT ( 'NONE',  ( 1633.568881668640600, 1899.377410629308300, 111.2089465294590800 ) ) ;
#3620 = DIRECTION ( 'NONE',  ( -1.000000000000000000, 0.0000000000000000000, 0.0000000000000000000 ) ) ;
#3621 = CARTESIAN_POINT ( 'NONE',  ( 1605.323591261785900, 2046.486900134410000, 120.7339465294590900 ) ) ;
#3622 = ORIENTED_EDGE ( 'NONE', *, *, #5593, .F. ) ;
#3623 = CARTESIAN_POINT ( 'NONE',  ( 1723.207858411925800, 2059.259685386864900, 62.85873245666172000 ) ) ;
#3624 = DIRECTION ( 'NONE',  ( -1.000000000000000000, -0.0000000000000000000, -0.0000000000000000000 ) ) ;
#3625 = DIRECTION ( 'NONE',  ( 1.000000000000000000, 0.0000000000000000000, 0.0000000000000000000 ) ) ;
#3626 = CARTESIAN_POINT ( 'NONE',  ( 1722.650428711234300, 2058.857443658896000, -63.13229289424025800 ) ) ;
#3627 = ORIENTED_EDGE ( 'NONE', *, *, #5515, .T. ) ;
#3628 = FACE_OUTER_BOUND ( 'NONE', #319, .T. ) ;
#3629 = ORIENTED_EDGE ( 'NONE', *, *, #688, .T. ) ;
#3630 = DIRECTION ( 'NONE',  ( -0.0000000000000000000, 0.0000000000000000000, 1.000000000000000000 ) ) ;
#3631 = FACE_OUTER_BOUND ( 'NONE', #514, .T. ) ;
#3632 = CARTESIAN_POINT ( 'NONE',  ( 1531.051787636781500, 1999.611591998264700, -90.78455347054092800 ) ) ;
#3633 = CARTESIAN_POINT ( 'NONE',  ( 1525.758653314325800, 1929.022735138057000, 120.7339465294591000 ) ) ;
#3634 = CARTESIAN_POINT ( 'NONE',  ( 1722.001330310714100, 1881.785922802047900, 64.32147945755221500 ) ) ;
#3635 = ORIENTED_EDGE ( 'NONE', *, *, #2005, .F. ) ;
#3636 = CARTESIAN_POINT ( 'NONE',  ( 1571.908002407033800, 2033.129282615038200, -78.40205347054090600 ) ) ;
#3637 = DIRECTION ( 'NONE',  ( 1.000000000000000000, -0.0000000000000000000, -0.0000000000000000000 ) ) ;
#3638 = CARTESIAN_POINT ( 'NONE',  ( 1767.629999349615200, 1895.452228682468600, -28.88111312629882100 ) ) ;
#3639 = CARTESIAN_POINT ( 'NONE',  ( 1587.509100359393200, 1966.522638383467900, 120.7339465294590900 ) ) ;
#3640 = DIRECTION ( 'NONE',  ( -0.0000000000000000000, 8.079526793559758100E-017, -1.000000000000000000 ) ) ;
#3641 = CARTESIAN_POINT ( 'NONE',  ( 1539.252390730167500, 1944.301301549571900, -78.40205347054089200 ) ) ;
#3642 = AXIS2_PLACEMENT_3D ( 'NONE', #1451, #78, #6096 ) ;
#3643 = PLANE ( 'NONE',  #2592 ) ;
#3644 = ADVANCED_FACE ( 'NONE', ( #129 ), #1170, .F. ) ;
#3645 = CARTESIAN_POINT ( 'NONE',  ( 1767.629999349615200, 1994.298807155151300, -76.07682024858110000 ) ) ;
#3646 = CARTESIAN_POINT ( 'NONE',  ( 1638.399241874979500, 2005.912904015281100, -78.40205347054090600 ) ) ;
#3647 = CARTESIAN_POINT ( 'NONE',  ( 1707.939999349615200, 1861.715870392918300, 87.14744652945910300 ) ) ;
#3648 = CARTESIAN_POINT ( 'NONE',  ( 1510.435578715618700, 1981.491287648570500, 111.2089465294590800 ) ) ;
#3649 = VERTEX_POINT ( 'NONE', #154 ) ;
#3650 = CARTESIAN_POINT ( 'NONE',  ( 1587.766441085113500, 1973.795243591804100, 120.7339465294591200 ) ) ;
#3651 = CARTESIAN_POINT ( 'NONE',  ( 1767.629999349614500, 2011.312101450022300, 68.65515840896482300 ) ) ;
#3652 = DIRECTION ( 'NONE',  ( -0.0000000000000000000, -0.0000000000000000000, 1.000000000000000000 ) ) ;
#3653 = CARTESIAN_POINT ( 'NONE',  ( 1544.194070087187800, 2034.011067969647200, 111.2089465294591000 ) ) ;
#3654 = LINE ( 'NONE', #2282, #2484 ) ;
#3655 = CARTESIAN_POINT ( 'NONE',  ( 1580.808449837752100, 1889.787144307280600, 111.2089465294591100 ) ) ;
#3656 = CARTESIAN_POINT ( 'NONE',  ( 1553.899999384806100, 1969.999832439667000, -51.92255347054094700 ) ) ;
#3657 = CARTESIAN_POINT ( 'NONE',  ( 1639.699288313779600, 1986.196518052295900, -53.00205347054088600 ) ) ;
#3658 = VERTEX_POINT ( 'NONE', #6182 ) ;
#3659 = ORIENTED_EDGE ( 'NONE', *, *, #5824, .T. ) ;
#3660 = CARTESIAN_POINT ( 'NONE',  ( 1652.898754591140500, 1982.699832439666600, -54.57928431211060200 ) ) ;
#3661 = CARTESIAN_POINT ( 'NONE',  ( 1667.589907090321700, 1953.870930770236800, 120.7339465294590900 ) ) ;
#3662 = CARTESIAN_POINT ( 'NONE',  ( 1526.554858336412500, 1928.597224964877100, 111.2089465294591000 ) ) ;
#3663 = ORIENTED_EDGE ( 'NONE', *, *, #6359, .T. ) ;
#3664 = ORIENTED_EDGE ( 'NONE', *, *, #4593, .T. ) ;
#3665 = CARTESIAN_POINT ( 'NONE',  ( 1541.199999384805300, 1966.674980214618200, 28.72244652945909800 ) ) ;
#3666 = CARTESIAN_POINT ( 'NONE',  ( 1656.499989384793700, 1957.299832439667400, -46.85265347054798500 ) ) ;
#3667 = DIRECTION ( 'NONE',  ( -0.9807852803910321900, 0.1950903220774530300, 0.0000000000000000000 ) ) ;
#3668 = CARTESIAN_POINT ( 'NONE',  ( 1589.506360216018900, 2008.099832439667600, 28.72244652945910900 ) ) ;
#3669 = ORIENTED_EDGE ( 'NONE', *, *, #4562, .F. ) ;
#3670 = FACE_OUTER_BOUND ( 'NONE', #2143, .T. ) ;
#3671 = CIRCLE ( 'NONE', #3086, 13.81871797516387400 ) ;
#3672 = ORIENTED_EDGE ( 'NONE', *, *, #6018, .T. ) ;
#3673 = CARTESIAN_POINT ( 'NONE',  ( 1532.256228264966200, 2002.533568268401300, -78.40205347054089200 ) ) ;
#3674 = AXIS2_PLACEMENT_3D ( 'NONE', #4813, #4130, #3435 ) ;
#3675 = CARTESIAN_POINT ( 'NONE',  ( 1575.102646640832700, 1894.448677846953600, 120.7339465294590900 ) ) ;
#3676 = CARTESIAN_POINT ( 'NONE',  ( 1767.629999349615200, 1895.360274369489200, 28.93874440135461900 ) ) ;
#3677 = CARTESIAN_POINT ( 'NONE',  ( 1603.406591214269600, 2051.692338676144100, 111.2089465294590800 ) ) ;
#3678 = CARTESIAN_POINT ( 'NONE',  ( 1581.290984568811600, 2033.500810359938000, -78.40205347054089200 ) ) ;
#3679 = CARTESIAN_POINT ( 'NONE',  ( 1743.499999369547800, 2005.296408823408500, -90.78455347054089900 ) ) ;
#3680 = VECTOR ( 'NONE', #1279, 1000.000000000000000 ) ;
#3681 = CARTESIAN_POINT ( 'NONE',  ( 1543.341093711971800, 1956.966579281446500, -53.00205347054087900 ) ) ;
#3682 = CARTESIAN_POINT ( 'NONE',  ( 1551.275845452901000, 2037.981204616264200, 120.7339465294591200 ) ) ;
#3683 = DIRECTION ( 'NONE',  ( -0.9807852803909796700, 0.1950903220777170400, 0.0000000000000000000 ) ) ;
#3684 = AXIS2_PLACEMENT_3D ( 'NONE', #3508, #2815, #2134 ) ;
#3685 = CARTESIAN_POINT ( 'NONE',  ( 1638.619226577727000, 1934.372546949492100, -78.40205347054092000 ) ) ;
#3686 = CARTESIAN_POINT ( 'NONE',  ( 1595.693633531893300, 1974.314431442386900, 120.7339465294590900 ) ) ;
#3687 = CONICAL_SURFACE ( 'NONE', #3429, 50.26660000000027400, 0.5410520681182373600 ) ;
#3688 = EDGE_CURVE ( 'NONE', #2168, #407, #5490, .T. ) ;
#3689 = CARTESIAN_POINT ( 'NONE',  ( 1767.629999349615400, 2035.737453365984500, 45.73875535211860900 ) ) ;
#3690 = CARTESIAN_POINT ( 'NONE',  ( 1767.629999349615000, 1959.407892611340700, -79.14827171282284700 ) ) ;
#3691 = CARTESIAN_POINT ( 'NONE',  ( 1539.668487890451400, 1996.591585752561100, -78.40205347054092000 ) ) ;
#3692 = CARTESIAN_POINT ( 'NONE',  ( 1597.679612047655600, 1969.999832439667400, 120.7339465294591000 ) ) ;
#3693 = CARTESIAN_POINT ( 'NONE',  ( 1724.988387694617600, 1880.053114356238000, 61.86959598849546900 ) ) ;
#3694 = DIRECTION ( 'NONE',  ( 0.0000000000000000000, 1.000000000000000000, 0.0000000000000000000 ) ) ;
#3695 = CARTESIAN_POINT ( 'NONE',  ( 1724.584038971834400, 1880.157976222294600, -61.72695250171098300 ) ) ;
#3696 = VERTEX_POINT ( 'NONE', #2738 ) ;
#3697 = CARTESIAN_POINT ( 'NONE',  ( 1593.485066236142100, 1964.467477600483300, 111.2089465294591100 ) ) ;
#3698 = CARTESIAN_POINT ( 'NONE',  ( 1661.100585672894300, 2010.956378072413100, 120.7339465294591200 ) ) ;
#3699 = DIRECTION ( 'NONE',  ( -0.0000000000000000000, -0.0000000000000000000, -1.000000000000000000 ) ) ;
#3700 = ORIENTED_EDGE ( 'NONE', *, *, #2474, .T. ) ;
#3701 = CC_DESIGN_DATE_AND_TIME_ASSIGNMENT ( #6050, #5362, ( #2152 ) ) ;
#3702 = CARTESIAN_POINT ( 'NONE',  ( 1529.272923355971900, 1947.729660808247400, -78.40205347054087800 ) ) ;
#3703 = CARTESIAN_POINT ( 'NONE',  ( 1550.474339699357000, 2040.835203429533100, 111.2089465294590800 ) ) ;
#3704 = CARTESIAN_POINT ( 'NONE',  ( 1541.527460649080700, 1976.649454676242800, 28.72244652945910200 ) ) ;
#3705 = DIRECTION ( 'NONE',  ( -0.0000000000000000000, -0.0000000000000000000, 1.000000000000000000 ) ) ;
#3706 = ORIENTED_EDGE ( 'NONE', *, *, #4319, .T. ) ;
#3707 = ORIENTED_EDGE ( 'NONE', *, *, #1038, .F. ) ;
#3708 = CARTESIAN_POINT ( 'NONE',  ( 1675.899383546099200, 1958.265470803534300, 120.7339465294590900 ) ) ;
#3709 = CARTESIAN_POINT ( 'NONE',  ( 1580.620307792687300, 1891.111684061086200, 120.7339465294590900 ) ) ;
#3710 = CARTESIAN_POINT ( 'NONE',  ( 1767.629999349614800, 1916.708921829401300, 59.82952182094589200 ) ) ;
#3711 = DIRECTION ( 'NONE',  ( 1.000000000000000000, -0.0000000000000000000, -0.0000000000000000000 ) ) ;
#3712 = DIRECTION ( 'NONE',  ( 1.000000000000000000, 0.0000000000000000000, 0.0000000000000000000 ) ) ;
#3713 = CARTESIAN_POINT ( 'NONE',  ( 1643.717549276933800, 1896.036999317623900, 111.2089465294590800 ) ) ;
#3714 = CYLINDRICAL_SURFACE ( 'NONE', #6150, 4.756378424428886500 ) ;
#3715 = PLANE ( 'NONE',  #1999 ) ;
#3716 = CARTESIAN_POINT ( 'NONE',  ( 1544.444669573925700, 2033.912464623055900, 120.7339465294590900 ) ) ;
#3717 = CARTESIAN_POINT ( 'NONE',  ( 1588.710058108119500, 2020.266432439666200, -53.00205347054087200 ) ) ;
#3718 = CARTESIAN_POINT ( 'NONE',  ( 1611.541766403389600, 1914.675455760860400, -78.40205347054089200 ) ) ;
#3719 = ORIENTED_EDGE ( 'NONE', *, *, #1380, .T. ) ;
#3720 = CARTESIAN_POINT ( 'NONE',  ( 1711.578724845610600, 2050.108616801648600, 74.19210469985290500 ) ) ;
#3721 = CYLINDRICAL_SURFACE ( 'NONE', #3898, 101.8498275434986900 ) ;
#3722 = CARTESIAN_POINT ( 'NONE',  ( 1796.839999349615000, 2049.999832286887300, -5.088541216524499000 ) ) ;
#3723 = CARTESIAN_POINT ( 'NONE',  ( 1767.629999349615000, 2049.547507194181000, -8.365796659260491100 ) ) ;
#3724 = CARTESIAN_POINT ( 'NONE',  ( 1767.629999349615000, 1922.130023552409500, -63.95000176710684100 ) ) ;
#3725 = VECTOR ( 'NONE', #4875, 1000.000000000000000 ) ;
#3726 = CARTESIAN_POINT ( 'NONE',  ( 1565.235823978694700, 2022.218684730249800, -78.40205347054087800 ) ) ;
#3727 = CARTESIAN_POINT ( 'NONE',  ( 1670.723903720641800, 1958.668985295387800, 111.2089465294591100 ) ) ;
#3728 = DIRECTION ( 'NONE',  ( -2.035479525649563200E-015, -1.000000000000000000, 0.0000000000000000000 ) ) ;
#3729 = EDGE_CURVE ( 'NONE', #4922, #5099, #3430, .T. ) ;
#3730 = CARTESIAN_POINT ( 'NONE',  ( 1580.808449837752100, 1889.787144307280600, 120.7339465294591000 ) ) ;
#3731 = CARTESIAN_POINT ( 'NONE',  ( 1621.521513593235600, 1982.699832439667300, -78.40205347054089200 ) ) ;
#3732 = EDGE_LOOP ( 'NONE', ( #1575, #13, #2117, #2360 ) ) ;
#3733 = EDGE_CURVE ( 'NONE', #1444, #5032, #5122, .T. ) ;
#3734 = CARTESIAN_POINT ( 'NONE',  ( 1511.702447961858300, 1986.075846300096600, 111.2089465294590800 ) ) ;
#3735 = CARTESIAN_POINT ( 'NONE',  ( 1703.042463295049400, 2034.179251907063600, -78.71955347054094400 ) ) ;
#3736 = ORIENTED_EDGE ( 'NONE', *, *, #3784, .F. ) ;
#3737 = CARTESIAN_POINT ( 'NONE',  ( 1559.897147771573600, 1910.087566619929500, -78.40205347054089200 ) ) ;
#3738 = CARTESIAN_POINT ( 'NONE',  ( 1720.319122856574000, 2056.209157488915000, 66.99027624313984600 ) ) ;
#3739 = CARTESIAN_POINT ( 'NONE',  ( 1515.174970776072100, 1982.801817878373900, 120.7339465294591200 ) ) ;
#3740 = CARTESIAN_POINT ( 'NONE',  ( 1667.584394981710400, 1954.136767758745500, 111.2089465294590800 ) ) ;
#3741 = VERTEX_POINT ( 'NONE', #4651 ) ;
#3742 = ORIENTED_EDGE ( 'NONE', *, *, #6696, .F. ) ;
#3743 = EDGE_CURVE ( 'NONE', #3961, #5000, #5331, .T. ) ;
#3744 = CARTESIAN_POINT ( 'NONE',  ( 1633.747223757334300, 1904.912293537340700, 120.7339465294591200 ) ) ;
#3745 = CARTESIAN_POINT ( 'NONE',  ( 1595.289940661492700, 1919.733232439667700, -53.00205347054089300 ) ) ;
#3746 = CARTESIAN_POINT ( 'NONE',  ( 1767.629999349614300, 1949.531631758399500, 77.51090838696684700 ) ) ;
#3747 = VERTEX_POINT ( 'NONE', #1894 ) ;
#3748 = ADVANCED_FACE ( 'NONE', ( #2208 ), #1522, .T. ) ;
#3749 = CARTESIAN_POINT ( 'NONE',  ( 1591.999999384806000, 1919.733232439667300, -53.00205347054088600 ) ) ;
#3750 = ORIENTED_EDGE ( 'NONE', *, *, #5626, .F. ) ;
#3751 = CARTESIAN_POINT ( 'NONE',  ( 1527.299738245832000, 1921.241853701524200, 120.7339465294590900 ) ) ;
#3752 = CARTESIAN_POINT ( 'NONE',  ( 1591.999999384806000, 1969.999832439667200, 120.7339465294591200 ) ) ;
#3753 = CARTESIAN_POINT ( 'NONE',  ( 1596.569385312890500, 1966.626580748263200, 120.7339465294590900 ) ) ;
#3754 = CARTESIAN_POINT ( 'NONE',  ( 1580.401215149783200, 1887.336764361874000, 111.2089465294590800 ) ) ;
#3755 = CARTESIAN_POINT ( 'NONE',  ( 1572.988121433436200, 1914.491232520641500, -78.40205347054093500 ) ) ;
#3756 = ORIENTED_EDGE ( 'NONE', *, *, #2433, .T. ) ;
#3757 = DIRECTION ( 'NONE',  ( -0.0000000000000000000, -0.0000000000000000000, 1.000000000000000000 ) ) ;
#3758 = CARTESIAN_POINT ( 'NONE',  ( 1647.244759384796200, 1957.299832439667400, -56.85265513870667300 ) ) ;
#3759 = VECTOR ( 'NONE', #5178, 1000.000000000000000 ) ;
#3760 = CARTESIAN_POINT ( 'NONE',  ( 1767.629999349615400, 2034.915641104217000, -46.63037507144607500 ) ) ;
#3761 = ORIENTED_EDGE ( 'NONE', *, *, #2915, .F. ) ;
#3762 = CARTESIAN_POINT ( 'NONE',  ( 1604.769268255873200, 2027.267523587861700, -78.40205347054092000 ) ) ;
#3763 = CARTESIAN_POINT ( 'NONE',  ( 1767.629999349615000, 2051.246392372201200, 62.18859269298627600 ) ) ;
#3764 = AXIS2_PLACEMENT_3D ( 'NONE', #2280, #4870, #4180 ) ;
#3765 = CARTESIAN_POINT ( 'NONE',  ( 1672.453376054328400, 1958.896389574845000, 120.7339465294590900 ) ) ;
#3766 = CARTESIAN_POINT ( 'NONE',  ( 1575.115938422185300, 2004.245368232155900, -51.92255347054099700 ) ) ;
#3767 = EDGE_CURVE ( 'NONE', #2535, #526, #6536, .T. ) ;
#3768 = FACE_OUTER_BOUND ( 'NONE', #3017, .T. ) ;
#3769 = VERTEX_POINT ( 'NONE', #3785 ) ;
#3770 = CARTESIAN_POINT ( 'NONE',  ( 1743.908768498777600, 1935.547256999127300, -90.78455347054092800 ) ) ;
#3771 = CARTESIAN_POINT ( 'NONE',  ( 1595.489265722969800, 1974.542854286008400, 111.2089465294591000 ) ) ;
#3772 = LINE ( 'NONE', #3098, #4128 ) ;
#3773 = EDGE_CURVE ( 'NONE', #3030, #997, #3112, .T. ) ;
#3774 = CARTESIAN_POINT ( 'NONE',  ( 1703.042376205440200, 1905.820445418217100, -78.71955347054094400 ) ) ;
#3775 = CARTESIAN_POINT ( 'NONE',  ( 1608.635811765559500, 2045.712824401256500, 120.7339465294590900 ) ) ;
#3776 = ORIENTED_EDGE ( 'NONE', *, *, #4037, .F. ) ;
#3777 = CARTESIAN_POINT ( 'NONE',  ( 1724.387105764105200, 2059.790588488054700, 62.09603581024450100 ) ) ;
#3778 = CARTESIAN_POINT ( 'NONE',  ( 1660.614045597815400, 2021.651592935113700, 111.2089465294590800 ) ) ;
#3779 = CARTESIAN_POINT ( 'NONE',  ( 1658.968794037438600, 1982.699832439666400, -3.383960459146253500 ) ) ;
#3780 = ORIENTED_EDGE ( 'NONE', *, *, #3784, .T. ) ;
#3781 = EDGE_CURVE ( 'NONE', #1758, #2848, #4608, .T. ) ;
#3782 = ORIENTED_EDGE ( 'NONE', *, *, #2320, .T. ) ;
#3783 = CARTESIAN_POINT ( 'NONE',  ( 1707.939999349615200, 1904.519970231427800, 87.27194652945908600 ) ) ;
#3784 = EDGE_CURVE ( 'NONE', #4184, #5730, #6596, .T. ) ;
#3785 = CARTESIAN_POINT ( 'NONE',  ( 1643.023477399990000, 1982.699832439667500, -56.85265513870663100 ) ) ;
#3786 = CARTESIAN_POINT ( 'NONE',  ( 1523.448640933282800, 1929.335746121807900, 120.7339465294591000 ) ) ;
#3787 = PLANE ( 'NONE',  #10 ) ;
#3788 = ORIENTED_EDGE ( 'NONE', *, *, #5680, .T. ) ;
#3789 = CARTESIAN_POINT ( 'NONE',  ( 1581.290984568811600, 2033.500810359938000, -78.40205347054089200 ) ) ;
#3790 = CARTESIAN_POINT ( 'NONE',  ( 1639.849151280810900, 1906.201546089195500, 111.2089465294591000 ) ) ;
#3791 = VECTOR ( 'NONE', #1660, 1000.000000000000000 ) ;
#3792 = CARTESIAN_POINT ( 'NONE',  ( 1767.629999349615200, 1899.457108982422100, -37.58485237403356600 ) ) ;
#3793 = CARTESIAN_POINT ( 'NONE',  ( 1588.860732348322900, 1965.257911414763400, 120.7339465294590800 ) ) ;
#3794 = LINE ( 'NONE', #2428, #3472 ) ;
#3795 = CARTESIAN_POINT ( 'NONE',  ( 1544.453387486616500, 1935.619844904111200, -78.40205347054087800 ) ) ;
#3796 = DIRECTION ( 'NONE',  ( 0.8314696123373165300, 0.5555702329675633600, -0.0000000000000000000 ) ) ;
#3797 = AXIS2_PLACEMENT_3D ( 'NONE', #1418, #732, #49 ) ;
#3798 = EDGE_CURVE ( 'NONE', #6152, #4617, #37, .T. ) ;
#3799 = CARTESIAN_POINT ( 'NONE',  ( 1767.629999349615000, 2006.023068120847900, -71.28429276324480700 ) ) ;
#3800 = CARTESIAN_POINT ( 'NONE',  ( 1632.589002007351800, 2012.405505907024000, -78.40205347054087800 ) ) ;
#3801 = LINE ( 'NONE', #3129, #1872 ) ;
#3802 = CARTESIAN_POINT ( 'NONE',  ( 1655.409756511996000, 2014.752313253330800, 111.2089465294591100 ) ) ;
#3803 = ORIENTED_EDGE ( 'NONE', *, *, #1132, .T. ) ;
#3804 = CARTESIAN_POINT ( 'NONE',  ( 1586.643839632251500, 1971.920355660204200, 120.7339465294591000 ) ) ;
#3805 = VECTOR ( 'NONE', #2213, 1000.000000000000000 ) ;
#3806 = ADVANCED_FACE ( 'NONE', ( #4464, #4807 ), #720, .T. ) ;
#3807 = CARTESIAN_POINT ( 'NONE',  ( 1767.629999349615000, 2004.832743345158600, 72.16603533536464000 ) ) ;
#3808 = ORIENTED_EDGE ( 'NONE', *, *, #1456, .T. ) ;
#3809 = CARTESIAN_POINT ( 'NONE',  ( 1743.499999349614900, 1901.414126244674400, -78.71955347054091600 ) ) ;
#3810 = CARTESIAN_POINT ( 'NONE',  ( 1550.854265682176900, 2036.166811929113900, 111.2089465294591100 ) ) ;
#3811 = CARTESIAN_POINT ( 'NONE',  ( 1512.630371360603200, 1990.740832246745200, 111.2089465294590800 ) ) ;
#3812 = EDGE_CURVE ( 'NONE', #2293, #6004, #3504, .T. ) ;
#3813 = EDGE_CURVE ( 'NONE', #4036, #6526, #4026, .T. ) ;
#3814 = ORIENTED_EDGE ( 'NONE', *, *, #2278, .T. ) ;
#3815 = AXIS2_PLACEMENT_3D ( 'NONE', #1194, #511, #6521 ) ;
#3816 = CARTESIAN_POINT ( 'NONE',  ( 1656.347347876908500, 2018.522280524394800, 120.7339465294591200 ) ) ;
#3817 = CARTESIAN_POINT ( 'NONE',  ( 1605.033252543026300, 2018.658738112500700, -53.00205347054085800 ) ) ;
#3818 = ORIENTED_EDGE ( 'NONE', *, *, #3315, .F. ) ;
#3819 = ORIENTED_EDGE ( 'NONE', *, *, #4856, .F. ) ;
#3820 = EDGE_CURVE ( 'NONE', #6219, #2824, #6419, .T. ) ;
#3821 = AXIS2_PLACEMENT_3D ( 'NONE', #6199, #5507, #4825 ) ;
#3822 = CARTESIAN_POINT ( 'NONE',  ( 1650.470190995530900, 1982.699832439667300, -56.05099804713990600 ) ) ;
#3823 = CARTESIAN_POINT ( 'NONE',  ( 1668.523927240381500, 1951.284396591055800, 120.7339465294590900 ) ) ;
#3824 = PERSON_AND_ORGANIZATION_ROLE ( 'classification_officer' ) ;
#3825 = DIRECTION ( 'NONE',  ( 1.000000000000000000, 0.0000000000000000000, 0.0000000000000000000 ) ) ;
#3826 = ORIENTED_EDGE ( 'NONE', *, *, #2474, .F. ) ;
#3827 = VERTEX_POINT ( 'NONE', #3666 ) ;
#3828 = DIRECTION ( 'NONE',  ( 0.0000000000000000000, 0.0000000000000000000, 1.000000000000000000 ) ) ;
#3829 = CARTESIAN_POINT ( 'NONE',  ( 1632.879585976178100, 1900.990882109510300, 120.7339465294591200 ) ) ;
#3830 = CARTESIAN_POINT ( 'NONE',  ( 1695.888142349615200, 2049.042392279382500, 76.98494652945909400 ) ) ;
#3831 = CARTESIAN_POINT ( 'NONE',  ( 1558.935615462009100, 1989.093673124820000, 28.72244652945910600 ) ) ;
#3832 = VERTEX_POINT ( 'NONE', #2986 ) ;
#3833 = EDGE_CURVE ( 'NONE', #1884, #5737, #2298, .T. ) ;
#3834 = CARTESIAN_POINT ( 'NONE',  ( 1537.258836645374700, 2011.796060998631900, -78.40205347054090600 ) ) ;
#3835 = CARTESIAN_POINT ( 'NONE',  ( 1573.504299275963800, 1893.803652328795400, 120.7339465294590900 ) ) ;
#3836 = CARTESIAN_POINT ( 'NONE',  ( 1767.629999349614800, 1892.286009928603800, 19.13789876899576500 ) ) ;
#3837 = LINE ( 'NONE', #3159, #5336 ) ;
#3838 = CARTESIAN_POINT ( 'NONE',  ( 1533.494694139387300, 1964.862719529388000, -78.40205347054092000 ) ) ;
#3839 = B_SPLINE_CURVE_WITH_KNOTS ( 'NONE', 3,
 ( #2348, #1666, #982, #291 ),
 .UNSPECIFIED., .F., .F.,
 ( 4, 4 ),
 ( 0.0000000000000000000, 1.000000000000000000 ),
 .UNSPECIFIED. ) ;
#3840 = CARTESIAN_POINT ( 'NONE',  ( 1767.629999349615000, 1884.999832439667200, 0.1474465294591074900 ) ) ;
#3841 = EDGE_CURVE ( 'NONE', #5889, #5530, #238, .T. ) ;
#3842 = VECTOR ( 'NONE', #2919, 1000.000000000000100 ) ;
#3843 = CARTESIAN_POINT ( 'NONE',  ( 1575.803313772178200, 1922.300543510694100, -53.00205347054087900 ) ) ;
#3844 = CARTESIAN_POINT ( 'NONE',  ( 1673.607642652379800, 1958.721326410273800, 111.2089465294590800 ) ) ;
#3845 = CARTESIAN_POINT ( 'NONE',  ( 1540.471263172063100, 2038.706317172315000, 111.2089465294590800 ) ) ;
#3846 = CARTESIAN_POINT ( 'NONE',  ( 1643.676768455930900, 1942.212187216860000, -78.40205347054089200 ) ) ;
#3847 = EDGE_CURVE ( 'NONE', #186, #6180, #4886, .T. ) ;
#3848 = CARTESIAN_POINT ( 'NONE',  ( 1594.313795453830200, 1975.189070240887300, 120.7339465294591000 ) ) ;
#3849 = CYLINDRICAL_SURFACE ( 'NONE', #3674, 102.0000005463257700 ) ;
#3850 = CARTESIAN_POINT ( 'NONE',  ( 1767.629999349615200, 2030.214928916347400, 52.81759026469670500 ) ) ;
#3851 = CARTESIAN_POINT ( 'NONE',  ( 1767.629999349615200, 1969.999832439667400, -79.85255331776188800 ) ) ;
#3852 = CARTESIAN_POINT ( 'NONE',  ( 1536.758731229167100, 1989.886972853791800, -78.40205347054089200 ) ) ;
#3853 = CARTESIAN_POINT ( 'NONE',  ( 1521.292714283886900, 1928.559036044779300, 111.2089465294590800 ) ) ;
#3854 = CARTESIAN_POINT ( 'NONE',  ( 1723.496692644592500, 1880.578484230046100, 62.62802700144834500 ) ) ;
#3855 = ORIENTED_EDGE ( 'NONE', *, *, #2898, .F. ) ;
#3856 = CARTESIAN_POINT ( 'NONE',  ( 1642.799999384806100, 1969.999832439667400, 28.72244652945910600 ) ) ;
#3857 = CARTESIAN_POINT ( 'NONE',  ( 1725.831552379516600, 1879.999861042323800, -61.49673814588083300 ) ) ;
#3858 = ORIENTED_EDGE ( 'NONE', *, *, #302, .T. ) ;
#3859 = CARTESIAN_POINT ( 'NONE',  ( 1586.320386721956100, 1969.999832439667000, 111.2089465294591000 ) ) ;
#3860 = CARTESIAN_POINT ( 'NONE',  ( 1662.583692231575900, 2011.542181120561500, 120.7339465294590900 ) ) ;
#3861 = CARTESIAN_POINT ( 'NONE',  ( 1526.281177229577500, 1920.466667573955000, 120.7339465294590900 ) ) ;
#3862 = ORIENTED_EDGE ( 'NONE', *, *, #1652, .T. ) ;
#3863 = ADVANCED_FACE ( 'NONE', ( #4988 ), #5323, .T. ) ;
#3864 = ORIENTED_EDGE ( 'NONE', *, *, #4966, .F. ) ;
#3865 = AXIS2_PLACEMENT_3D ( 'NONE', #777, #92, #6112 ) ;
#3866 = CARTESIAN_POINT ( 'NONE',  ( 1641.175245138049100, 1956.828277959404200, 28.72244652945910200 ) ) ;
#3867 = CARTESIAN_POINT ( 'NONE',  ( 1594.493638553592700, 2008.099832439667600, -51.92255347054099000 ) ) ;
#3868 = CARTESIAN_POINT ( 'NONE',  ( 1569.487918101311600, 2015.660546829652700, 28.72244652945910900 ) ) ;
#3869 = CARTESIAN_POINT ( 'NONE',  ( 1713.435310899424400, 1957.299832439667600, 51.08274922099416000 ) ) ;
#3870 = ORIENTED_EDGE ( 'NONE', *, *, #4502, .T. ) ;
#3871 = EDGE_CURVE ( 'NONE', #3095, #3741, #1447, .T. ) ;
#3872 = EDGE_LOOP ( 'NONE', ( #4610, #5086, #115, #2763, #977, #4397, #2334, #1523, #5935, #3509, #2430, #6258, #3672, #4679, #556 ) ) ;
#3873 = CARTESIAN_POINT ( 'NONE',  ( 1558.935615462009100, 1950.905991754513700, 28.72244652945911600 ) ) ;
#3874 = ADVANCED_FACE ( 'NONE', ( #2723 ), #2501, .F. ) ;
#3875 = CARTESIAN_POINT ( 'NONE',  ( 1579.895835650964000, 1892.588692719538600, 120.7339465294590800 ) ) ;
#3876 = CARTESIAN_POINT ( 'NONE',  ( 1767.629999349614500, 1909.696444822823000, 52.71648076479243600 ) ) ;
#3877 = CARTESIAN_POINT ( 'NONE',  ( 1796.839999349615000, 1934.547735997932000, 72.05408322675811000 ) ) ;
#3878 = CARTESIAN_POINT ( 'NONE',  ( 1767.629999349615200, 2046.926141386460800, -67.17602866707584000 ) ) ;
#3879 = CARTESIAN_POINT ( 'NONE',  ( 1565.533964554071600, 1908.098023410380200, -114.5970534705408300 ) ) ;
#3880 = ADVANCED_FACE ( 'NONE', ( #693 ), #174, .F. ) ;
#3881 = CARTESIAN_POINT ( 'NONE',  ( 1743.442182601164400, 1934.341295526275400, -114.5970534705409600 ) ) ;
#3882 = CARTESIAN_POINT ( 'NONE',  ( 1546.466554692234000, 2033.431902218749200, 120.7339465294590900 ) ) ;
#3883 = CARTESIAN_POINT ( 'NONE',  ( 1548.377055529329900, 1995.190972916946100, -53.00205347054089300 ) ) ;
#3884 = B_SPLINE_CURVE_WITH_KNOTS ( 'NONE', 3,
 ( #1335, #5299, #4616, #3919 ),
 .UNSPECIFIED., .F., .F.,
 ( 4, 4 ),
 ( 0.0000000000000000000, 1.000000000000000000 ),
 .UNSPECIFIED. ) ;
#3885 = CARTESIAN_POINT ( 'NONE',  ( 1618.419985802739800, 1917.606473323762900, -78.40205347054090600 ) ) ;
#3886 = ORIENTED_EDGE ( 'NONE', *, *, #368, .T. ) ;
#3887 = DIRECTION ( 'NONE',  ( -0.7071062811856051500, 0.0000000000000000000, -0.7071072811871363900 ) ) ;
#3888 = CARTESIAN_POINT ( 'NONE',  ( 1796.839999349615500, 2018.799015697530400, 63.75605645450774300 ) ) ;
#3889 = CARTESIAN_POINT ( 'NONE',  ( 1767.629999349615400, 2048.972858361831200, 12.97203036904614800 ) ) ;
#3890 = CARTESIAN_POINT ( 'NONE',  ( 1767.629999349614800, 1928.687563420372500, -68.36026534551273000 ) ) ;
#3891 = CARTESIAN_POINT ( 'NONE',  ( 1557.058232549472900, 2017.146149195435600, -78.40205347054089200 ) ) ;
#3892 = CARTESIAN_POINT ( 'NONE',  ( 1743.499999379514300, 1934.279697195556300, -90.78455347054089900 ) ) ;
#3893 = EDGE_CURVE ( 'NONE', #5470, #2578, #4400, .T. ) ;
#3894 = CARTESIAN_POINT ( 'NONE',  ( 1538.742711516235400, 2014.000298732165900, -114.5970534705409600 ) ) ;
#3895 = VECTOR ( 'NONE', #4780, 1000.000000000000000 ) ;
#3896 = ORIENTED_EDGE ( 'NONE', *, *, #2999, .T. ) ;
#3897 = CARTESIAN_POINT ( 'NONE',  ( 1581.290984568811600, 2033.500810731693900, -90.78455347054089900 ) ) ;
#3898 = AXIS2_PLACEMENT_3D ( 'NONE', #2532, #1843, #1155 ) ;
#3899 = CARTESIAN_POINT ( 'NONE',  ( 1643.023477399990000, 1982.699832439667500, -56.85265513870663100 ) ) ;
#3900 = ORIENTED_EDGE ( 'NONE', *, *, #5055, .T. ) ;
#3901 = EDGE_CURVE ( 'NONE', #1935, #996, #5644, .T. ) ;
#3902 = DESIGN_CONTEXT ( 'detailed design', #4528, 'design' ) ;
#3903 = AXIS2_PLACEMENT_3D ( 'NONE', #4719, #4028, #3338 ) ;
#3904 = CARTESIAN_POINT ( 'NONE',  ( 1655.700352733137200, 2013.820015023308300, 120.7339465294590900 ) ) ;
#3905 = CARTESIAN_POINT ( 'NONE',  ( 1662.750507084111600, 2011.653578014062800, 111.2089465294590800 ) ) ;
#3906 = ORIENTED_EDGE ( 'NONE', *, *, #2685, .T. ) ;
#3907 = CARTESIAN_POINT ( 'NONE',  ( 1550.822338556452500, 1914.856644662869900, -78.40205347054089200 ) ) ;
#3908 = B_SPLINE_CURVE_WITH_KNOTS ( 'NONE', 3,
 ( #2268, #894, #203, #6231 ),
 .UNSPECIFIED., .F., .F.,
 ( 4, 4 ),
 ( 0.0000000000000000000, 1.000000000000000000 ),
 .UNSPECIFIED. ) ;
#3909 = CARTESIAN_POINT ( 'NONE',  ( 1528.466037463559400, 1922.932650676420100, 111.2089465294591300 ) ) ;
#3910 = CARTESIAN_POINT ( 'NONE',  ( 1516.081243502324000, 1984.217651893247200, 120.7339465294590800 ) ) ;
#3911 = DIRECTION ( 'NONE',  ( -1.000000000000000000, 0.0000000000000000000, 0.0000000000000000000 ) ) ;
#3912 = ORIENTED_EDGE ( 'NONE', *, *, #3833, .T. ) ;
#3913 = VERTEX_POINT ( 'NONE', #6296 ) ;
#3914 = CARTESIAN_POINT ( 'NONE',  ( 1632.954168411006500, 1903.368347794896600, 120.7339465294590900 ) ) ;
#3915 = CARTESIAN_POINT ( 'NONE',  ( 1635.622943240282400, 1944.808691962388800, -53.00205347054087900 ) ) ;
#3916 = ADVANCED_FACE ( 'NONE', ( #350 ), #1212, .F. ) ;
#3917 = CARTESIAN_POINT ( 'NONE',  ( 1767.629999349614800, 1940.095273861311200, 74.40901317843948000 ) ) ;
#3918 = ORIENTED_EDGE ( 'NONE', *, *, #5317, .F. ) ;
#3919 = CARTESIAN_POINT ( 'NONE',  ( 1644.580274286768800, 1969.999832439667400, -56.85265513870665900 ) ) ;
#3920 = CARTESIAN_POINT ( 'NONE',  ( 1528.581557488788300, 1923.585711715348700, 120.7339465294590800 ) ) ;
#3921 = EDGE_CURVE ( 'NONE', #1369, #2980, #1973, .T. ) ;
#3922 = CARTESIAN_POINT ( 'NONE',  ( 1515.559000990926500, 1988.874205115620000, 120.7339465294590900 ) ) ;
#3923 = CARTESIAN_POINT ( 'NONE',  ( 1597.460634985195600, 1968.437926065104900, 120.7339465294590900 ) ) ;
#3924 = LINE ( 'NONE', #5820, #2907 ) ;
#3925 = CARTESIAN_POINT ( 'NONE',  ( 1581.012385621068200, 1912.359221181983500, -78.40205347054087800 ) ) ;
#3926 = ORIENTED_EDGE ( 'NONE', *, *, #3847, .T. ) ;
#3927 = DIRECTION ( 'NONE',  ( -0.0000000000000000000, -0.0000000000000000000, 1.000000000000000000 ) ) ;
#3928 = EDGE_CURVE ( 'NONE', #2386, #3556, #6078, .T. ) ;
#3929 = DIRECTION ( 'NONE',  ( -1.000000000000000000, 0.0000000000000000000, 0.0000000000000000000 ) ) ;
#3930 = FACE_OUTER_BOUND ( 'NONE', #1070, .T. ) ;
#3931 = CARTESIAN_POINT ( 'NONE',  ( 1767.629999349615700, 2040.610797849653400, -37.45699216940563800 ) ) ;
#3932 = ORIENTED_EDGE ( 'NONE', *, *, #5228, .F. ) ;
#3933 = CARTESIAN_POINT ( 'NONE',  ( 1596.784740250049300, 2028.482883278056300, -78.40205347054089200 ) ) ;
#3934 = B_SPLINE_CURVE_WITH_KNOTS ( 'NONE', 3,
 ( #6351, #5672, #4987, #4294, #3607, #2914, #2231, #1547, #853, #166, #6196, #5503, #4821, #4136, #3441, #2748, #2071, #1379 ),
 .UNSPECIFIED., .F., .F.,
 ( 4, 1, 1, 2, 2, 2, 1, 1, 2, 2, 4 ),
 ( 0.0000000000000000000, 0.1249999999999163700, 0.1874999999998737400, 0.2187499999998536400, 0.2499999999998335800, 0.4999999999998548900, 0.6249999999998512300, 0.6874999999998493400, 0.7187499999998624400, 0.7499999999998754300, 1.000000000000000000 ),
 .UNSPECIFIED. ) ;
#3935 = CARTESIAN_POINT ( 'NONE',  ( 1626.245535177294600, 1953.115771477046800, -51.92255347054097600 ) ) ;
#3936 = CARTESIAN_POINT ( 'NONE',  ( 1670.046575908283100, 1958.321313261645200, 120.7339465294591000 ) ) ;
#3937 = CARTESIAN_POINT ( 'NONE',  ( 1705.578306108215900, 2015.001857335099200, -78.40205347054089200 ) ) ;
#3938 = ADVANCED_FACE ( 'NONE', ( #2250 ), #1908, .T. ) ;
#3939 = CARTESIAN_POINT ( 'NONE',  ( 1709.209148379516400, 2038.585538644671900, -84.75205347054090100 ) ) ;
#3940 = DIRECTION ( 'NONE',  ( 1.000000000000000000, -0.0000000000000000000, 0.0000000000000000000 ) ) ;
#3941 = VERTEX_POINT ( 'NONE', #5972 ) ;
#3942 = ORIENTED_EDGE ( 'NONE', *, *, #209, .T. ) ;
#3943 = EDGE_CURVE ( 'NONE', #2458, #2583, #2490, .T. ) ;
#3944 = CARTESIAN_POINT ( 'NONE',  ( 1519.657840944880500, 1927.466648604099600, 111.2089465294590800 ) ) ;
#3945 = CARTESIAN_POINT ( 'NONE',  ( 1610.343209949734300, 2046.279931790130600, 120.7339465294591200 ) ) ;
#3946 = ORIENTED_EDGE ( 'NONE', *, *, #3733, .F. ) ;
#3947 = CARTESIAN_POINT ( 'NONE',  ( 1644.587962685831100, 1876.814543417397300, 66.82244652945912800 ) ) ;
#3948 = FACE_OUTER_BOUND ( 'NONE', #5934, .T. ) ;
#3949 = VECTOR ( 'NONE', #4096, 1000.000000000000000 ) ;
#3950 = CARTESIAN_POINT ( 'NONE',  ( 1722.399558625755600, 2038.585538644671900, -78.71955347054093000 ) ) ;
#3951 = CARTESIAN_POINT ( 'NONE',  ( 1644.995759407022400, 1982.699832439667000, -60.03789970991893900 ) ) ;
#3952 = CARTESIAN_POINT ( 'NONE',  ( 1656.672427525569900, 1982.699832439667300, -8.143896340282314100 ) ) ;
#3953 = VERTEX_POINT ( 'NONE', #481 ) ;
#3954 = EDGE_CURVE ( 'NONE', #3433, #3059, #3575, .T. ) ;
#3955 = ORIENTED_EDGE ( 'NONE', *, *, #3921, .F. ) ;
#3956 = CARTESIAN_POINT ( 'NONE',  ( 1633.568881668640600, 1899.377410629308300, 120.7339465294590900 ) ) ;
#3957 = B_SPLINE_CURVE_WITH_KNOTS ( 'NONE', 3,
 ( #3789, #3117, #2423, #1734, #1055, #367, #6384, #5698, #5018, #4327, #3636, #2948, #2263, #1576, #888, #198, #6227, #5531, #4853, #4166, #3474, #2785, #2105, #1410, #724, #42, #6061, #5374, #4697, #4006, #3312, #2625, #1942, #1251, #565, #6585, #5898, #5221, #4530, #3834, #3155, #2467, #1775, #1094, #410, #6424, #5738, #5061, #4368, #3673, #2991, #2303, #1615, #932, #243, #6265, #5577, #4893, #4204, #3519, #2825, #2144, #1454, #766 ),
 .UNSPECIFIED., .F., .F.,
 ( 4, 1, 1, 1, 1, 1, 1, 2, 2, 1, 1, 1, 1, 1, 1, 2, 2, 1, 1, 1, 1, 1, 2, 2, 2, 1, 1, 1, 1, 1, 2, 2, 1, 1, 1, 1, 1, 1, 2, 2, 1, 1, 1, 1, 1, 1, 2, 2, 4 ),
 ( 0.0000000000000000000, 0.06249999999981084600, 0.09374999999971626900, 0.1093749999996682100, 0.1171874999996441700, 0.1210937499996288500, 0.1230468749996255600, 0.1240234374996294400, 0.1249999999996332900, 0.1875000000000322800, 0.2187500000002257900, 0.2343750000003162500, 0.2421875000003614600, 0.2460937500003801400, 0.2480468750003934100, 0.2490234375003973200, 0.2500000000004012900, 0.3125000000004526900, 0.3437500000004784500, 0.3593750000004877800, 0.3671875000004958800, 0.3710937500004959400, 0.3730468750004993200, 0.3750000000005027600, 0.5000000000009078300, 0.5625000000011022300, 0.5937500000011993700, 0.6093750000012565500, 0.6171875000012914100, 0.6210937500013088400, 0.6230468750013176100, 0.6250000000013262700, 0.6875000000014797100, 0.7187500000015475400, 0.7343750000015814000, 0.7421875000015967200, 0.7460937500016028300, 0.7480468750016074900, 0.7490234375016098200, 0.7500000000016120400, 0.8125000000010532700, 0.8437500000007727200, 0.8593750000006323800, 0.8671875000005582200, 0.8710937500005220300, 0.8730468750005039300, 0.8740234375004948300, 0.8750000000004857200, 1.000000000000000000 ),
 .UNSPECIFIED. ) ;
#3958 = CARTESIAN_POINT ( 'NONE',  ( 1656.499989384793700, 1982.699832439667000, -13.27119772746675600 ) ) ;
#3959 = EDGE_CURVE ( 'NONE', #1233, #548, #5582, .T. ) ;
#3960 = CARTESIAN_POINT ( 'NONE',  ( 1528.843663983128600, 1990.282064240567300, -90.78455347054082800 ) ) ;
#3961 = VERTEX_POINT ( 'NONE', #1686 ) ;
#3962 = ORIENTED_EDGE ( 'NONE', *, *, #2362, .T. ) ;
#3963 = CARTESIAN_POINT ( 'NONE',  ( 1575.937393228265400, 1894.577831628364500, 111.2089465294591100 ) ) ;
#3964 = CARTESIAN_POINT ( 'NONE',  ( 1633.188955685820700, 1904.045802129731300, 111.2089465294591100 ) ) ;
#3965 = ORIENTED_EDGE ( 'NONE', *, *, #3773, .T. ) ;
#3966 = CARTESIAN_POINT ( 'NONE',  ( 1767.629999349615200, 1904.341065620207700, -45.55734923480085300 ) ) ;
#3967 = CARTESIAN_POINT ( 'NONE',  ( 1590.716832193622600, 1964.466749428595400, 120.7339465294591000 ) ) ;
#3968 = CARTESIAN_POINT ( 'NONE',  ( 1743.499999349615100, 1879.999861042323800, -1.159510470540900500 ) ) ;
#3969 = CARTESIAN_POINT ( 'NONE',  ( 1551.995687335522000, 1927.077569624266100, -78.40205347054089200 ) ) ;
#3970 = CARTESIAN_POINT ( 'NONE',  ( 1673.940114698487400, 1948.969077609230900, 120.7339465294590900 ) ) ;
#3971 = EDGE_CURVE ( 'NONE', #88, #5967, #6100, .T. ) ;
#3972 = CARTESIAN_POINT ( 'NONE',  ( 1767.629999349615000, 2013.473001722047200, -67.01525164712448700 ) ) ;
#3973 = CARTESIAN_POINT ( 'NONE',  ( 1626.144668516345500, 2017.782396662035600, -78.40205347054089200 ) ) ;
#3974 = CARTESIAN_POINT ( 'NONE',  ( 1591.999999384806000, 1969.999832439667200, -51.92255347054089000 ) ) ;
#3975 = CARTESIAN_POINT ( 'NONE',  ( 1659.913861508065300, 2010.836709889771800, 111.2089465294591000 ) ) ;
#3976 = ORIENTED_EDGE ( 'NONE', *, *, #4314, .F. ) ;
#3977 = CARTESIAN_POINT ( 'NONE',  ( 1586.320485316524100, 1970.270495788567600, 120.7339465294590900 ) ) ;
#3978 = ADVANCED_FACE ( 'NONE', ( #2599 ), #6670, .T. ) ;
#3979 = CARTESIAN_POINT ( 'NONE',  ( 1767.629999349615000, 1992.294143661507400, 76.97820392715702600 ) ) ;
#3980 = ORIENTED_EDGE ( 'NONE', *, *, #4446, .F. ) ;
#3981 = B_SPLINE_CURVE_WITH_KNOTS ( 'NONE', 3,
 ( #673, #6701, #6009, #5322 ),
 .UNSPECIFIED., .F., .F.,
 ( 4, 4 ),
 ( 0.0000000000000000000, 1.000000000000000000 ),
 .UNSPECIFIED. ) ;
#3982 = DIRECTION ( 'NONE',  ( 0.0000000000000000000, -6.829619984160648200E-017, 1.000000000000000000 ) ) ;
#3983 = CARTESIAN_POINT ( 'NONE',  ( 1743.499999349615100, 2054.999832580420800, -1.159510470540900500 ) ) ;
#3984 = CARTESIAN_POINT ( 'NONE',  ( 1649.283053388586000, 1957.299832439667600, -66.99431679045450500 ) ) ;
#3985 = EDGE_CURVE ( 'NONE', #145, #6053, #3588, .T. ) ;
#3986 = AXIS2_PLACEMENT_3D ( 'NONE', #5383, #4704, #4012 ) ;
#3987 = CARTESIAN_POINT ( 'NONE',  ( 1655.425389628919000, 2016.471026308767300, 120.7339465294590900 ) ) ;
#3988 = CARTESIAN_POINT ( 'NONE',  ( 1603.242191892317800, 2050.112863917961500, 120.7339465294591200 ) ) ;
#3989 = EDGE_LOOP ( 'NONE', ( #1036, #2254, #4067, #197, #6377 ) ) ;
#3990 = CARTESIAN_POINT ( 'NONE',  ( 1647.537704904785400, 1982.699832439667300, -56.82990162330014500 ) ) ;
#3991 = CYLINDRICAL_SURFACE ( 'NONE', #3294, 85.88242951849922200 ) ;
#3992 = CARTESIAN_POINT ( 'NONE',  ( 1670.451929567277800, 1949.770987296474000, 120.7339465294591000 ) ) ;
#3993 = APPROVAL_STATUS ( 'not_yet_approved' ) ;
#3994 = CARTESIAN_POINT ( 'NONE',  ( 1724.988434429342300, 2059.946696144465000, -61.57449071832268600 ) ) ;
#3995 = ORIENTED_EDGE ( 'NONE', *, *, #3813, .T. ) ;
#3996 = ADVANCED_FACE ( 'NONE', ( #3292 ), #2943, .F. ) ;
#3997 = VERTEX_POINT ( 'NONE', #6176 ) ;
#3998 = CARTESIAN_POINT ( 'NONE',  ( 1606.373999286572600, 2045.914520870093200, 111.2089465294591100 ) ) ;
#3999 = EDGE_CURVE ( 'NONE', #526, #4365, #5483, .T. ) ;
#4000 = DIRECTION ( 'NONE',  ( 0.0000000000000000000, 0.0000000000000000000, 1.000000000000000000 ) ) ;
#4001 = CARTESIAN_POINT ( 'NONE',  ( 1528.515343945079600, 1925.888978385049500, 120.7339465294590900 ) ) ;
#4002 = EDGE_CURVE ( 'NONE', #5000, #2656, #2730, .T. ) ;
#4003 = CARTESIAN_POINT ( 'NONE',  ( 1698.333793330088400, 2030.007741359838300, -78.71955347054098700 ) ) ;
#4004 = ORIENTED_EDGE ( 'NONE', *, *, #5987, .T. ) ;
#4005 = B_SPLINE_CURVE_WITH_KNOTS ( 'NONE', 3,
 ( #3601, #160, #6190, #5497 ),
 .UNSPECIFIED., .F., .F.,
 ( 4, 4 ),
 ( 0.0000000000000000000, 0.9999999315005537700 ),
 .UNSPECIFIED. ) ;
#4006 = CARTESIAN_POINT ( 'NONE',  ( 1552.705728294998400, 2026.376603988994200, -78.40205347054090600 ) ) ;
#4007 = CARTESIAN_POINT ( 'NONE',  ( 1572.713469423983300, 1893.175229684783100, 120.7339465294591000 ) ) ;
#4008 = CARTESIAN_POINT ( 'NONE',  ( 1767.629999349615200, 1890.077631808856900, 4.308900659251535500 ) ) ;
#4009 = DIRECTION ( 'NONE',  ( 1.000000000000000000, -0.0000000000000000000, 0.0000000000000000000 ) ) ;
#4010 = CARTESIAN_POINT ( 'NONE',  ( 1591.999999384806000, 1969.999832439667200, 120.7339465294590900 ) ) ;
#4011 = CARTESIAN_POINT ( 'NONE',  ( 1534.669762741681800, 1957.370496880644200, -78.40205347054089200 ) ) ;
#4012 = DIRECTION ( 'NONE',  ( 0.9807852803910122000, -0.1950903220775533400, 0.0000000000000000000 ) ) ;
#4013 = EDGE_CURVE ( 'NONE', #6220, #632, #3008, .T. ) ;
#4014 = CARTESIAN_POINT ( 'NONE',  ( 1767.629999349615000, 1977.096203340858900, -79.61647286057088000 ) ) ;
#4015 = CARTESIAN_POINT ( 'NONE',  ( 1647.098410812225000, 1990.169218243419000, -78.40205347054090600 ) ) ;
#4016 = CARTESIAN_POINT ( 'NONE',  ( 1630.099999384806300, 1972.493471608454500, 28.72244652945910900 ) ) ;
#4017 = CARTESIAN_POINT ( 'NONE',  ( 1647.149396135754600, 1949.970281024684500, -78.40205347054089200 ) ) ;
#4018 = CARTESIAN_POINT ( 'NONE',  ( 1591.060268650783200, 1975.621142929151600, 120.7339465294591300 ) ) ;
#4019 = CARTESIAN_POINT ( 'NONE',  ( 1767.629999349615000, 2024.169240866658800, 59.01744606644727000 ) ) ;
#4020 = CARTESIAN_POINT ( 'NONE',  ( 1591.999999384806000, 2071.599832439667400, 107.3989465294591400 ) ) ;
#4021 = CARTESIAN_POINT ( 'NONE',  ( 1534.932642774248700, 1983.669831124248500, -78.40205347054089200 ) ) ;
#4022 = CARTESIAN_POINT ( 'NONE',  ( 1648.489323774764400, 1957.299832439667600, -56.75623406081056300 ) ) ;
#4023 = CARTESIAN_POINT ( 'NONE',  ( 1722.643773965778600, 1881.147827737951300, 63.43505771041342500 ) ) ;
#4024 = ORIENTED_EDGE ( 'NONE', *, *, #5055, .F. ) ;
#4025 = FACE_BOUND ( 'NONE', #950, .T. ) ;
#4026 = B_SPLINE_CURVE_WITH_KNOTS ( 'NONE', 3,
 ( #6580, #5893, #5217, #4524, #3829, #3150, #2460, #1770, #1089, #402 ),
 .UNSPECIFIED., .F., .F.,
 ( 4, 1, 2, 2, 1, 4 ),
 ( 0.0000000000000000000, 0.09330468514568807100, 0.1166308564321352200, 0.1282939420753536600, 0.1399570277185721300, 0.1866093702914876900 ),
 .UNSPECIFIED. ) ;
#4027 = CARTESIAN_POINT ( 'NONE',  ( 1589.506360216019400, 1931.899832439667300, -51.92255347054099000 ) ) ;
#4028 = DIRECTION ( 'NONE',  ( 0.7660443869572074500, 0.6427876766175253400, -0.0000000000000000000 ) ) ;
#4029 = ORIENTED_EDGE ( 'NONE', *, *, #2965, .T. ) ;
#4030 = FACE_OUTER_BOUND ( 'NONE', #6502, .T. ) ;
#4031 = VERTEX_POINT ( 'NONE', #4643 ) ;
#4032 = EDGE_CURVE ( 'NONE', #1607, #4365, #5324, .T. ) ;
#4033 = CARTESIAN_POINT ( 'NONE',  ( 1656.318353685105400, 1982.699832439667000, -48.75321238187684300 ) ) ;
#4034 = DIRECTION ( 'NONE',  ( 1.000000000000000000, 0.0000000000000000000, 0.0000000000000000000 ) ) ;
#4035 = CARTESIAN_POINT ( 'NONE',  ( 1796.839999349615000, 1969.999832439667200, 0.0000000000000000000 ) ) ;
#4036 = VERTEX_POINT ( 'NONE', #1887 ) ;
#4037 = EDGE_CURVE ( 'NONE', #1429, #3597, #1201, .T. ) ;
#4038 = ORIENTED_EDGE ( 'NONE', *, *, #1619, .F. ) ;
#4039 = CARTESIAN_POINT ( 'NONE',  ( 1608.368554829605000, 1921.794386326505200, 28.72244652945910200 ) ) ;
#4040 = AXIS2_PLACEMENT_3D ( 'NONE', #4035, #3344, #2655 ) ;
#4041 = CARTESIAN_POINT ( 'NONE',  ( 1625.064383307602800, 1989.093673124820500, -51.92255347054098300 ) ) ;
#4042 = CARTESIAN_POINT ( 'NONE',  ( 1617.458453631677000, 2014.085677670063200, 28.72244652945910200 ) ) ;
#4043 = CARTESIAN_POINT ( 'NONE',  ( 1698.500534379524900, 2033.500809244672200, -84.59330347054088900 ) ) ;
#4044 = ORIENTED_EDGE ( 'NONE', *, *, #6496, .T. ) ;
#4045 = ORIENTED_EDGE ( 'NONE', *, *, #130, .F. ) ;
#4046 = CARTESIAN_POINT ( 'NONE',  ( 1589.506360216018900, 1931.899832439667100, 28.72244652945910200 ) ) ;
#4047 = EDGE_CURVE ( 'NONE', #88, #5575, #2576, .T. ) ;
#4048 = CARTESIAN_POINT ( 'NONE',  ( 1579.088444940942300, 1893.449932234626000, 120.7339465294590800 ) ) ;
#4049 = CARTESIAN_POINT ( 'NONE',  ( 1767.629999349615200, 1904.179724383862300, 45.61958733655381300 ) ) ;
#4050 = CARTESIAN_POINT ( 'NONE',  ( 1796.839999349615000, 1890.515519621815700, 10.61929255131127700 ) ) ;
#4051 = B_SPLINE_CURVE_WITH_KNOTS ( 'NONE', 3,
 ( #594, #3860, #3185, #2496, #1805, #1121, #435, #6450, #5764, #5092, #4395, #3698, #3020, #2326, #1642, #960, #271, #6291, #5609, #4920, #4227, #3545, #2852, #2170, #1485, #792, #107, #6130, #5443, #4760, #4074, #3379, #2690, #2012, #1321, #633, #6659, #5965, #5283, #4601, #3904, #3223, #2537, #1847, #1159, #476, #6486, #5800, #5128, #4434 ),
 .UNSPECIFIED., .F., .F.,
 ( 4, 1, 2, 2, 1, 1, 2, 2, 2, 2, 2, 2, 2, 2, 1, 2, 2, 1, 2, 2, 2, 2, 1, 2, 2, 2, 2, 4 ),
 ( 0.0000000000000000000, 0.04222431670699296900, 0.05278039588368872000, 0.06333647506038446500, 0.08444863341377596700, 0.1055607917671674800, 0.1161168709438632300, 0.1266729501205589900, 0.1688972668273500400, 0.1900094251807480400, 0.2111215835341460600, 0.2533459002409420600, 0.2955702169477380500, 0.3166823753011360800, 0.3377945336545340500, 0.3589066920079321300, 0.3800188503613301000, 0.4222431670681261500, 0.4327992462448251900, 0.4433553254215241700, 0.4644674837749223600, 0.5066918004816730600, 0.5489161171884238100, 0.5594721963650991500, 0.5700282755417746000, 0.5911404338951401500, 0.6333647506019685100, 0.6755890673087968600 ),
 .UNSPECIFIED. ) ;
#4052 = CARTESIAN_POINT ( 'NONE',  ( 1656.499989384793900, 1957.299832439667600, -13.27119771669868900 ) ) ;
#4053 = ADVANCED_FACE ( 'NONE', ( #5543 ), #4478, .F. ) ;
#4054 = CARTESIAN_POINT ( 'NONE',  ( 1531.051787750037200, 1940.388072926566300, -114.5970534705408300 ) ) ;
#4055 = CARTESIAN_POINT ( 'NONE',  ( 1705.045438355681700, 1906.821160238646600, -114.5970534705409700 ) ) ;
#4056 = CARTESIAN_POINT ( 'NONE',  ( 1549.737840268238200, 2034.684969139369500, 120.7339465294590900 ) ) ;
#4057 = DIRECTION ( 'NONE',  ( -1.000000000000000000, 0.0000000000000000000, 0.0000000000000000000 ) ) ;
#4058 = CARTESIAN_POINT ( 'NONE',  ( 1624.953939949066400, 1921.437443500844700, -78.40205347054089200 ) ) ;
#4059 = CARTESIAN_POINT ( 'NONE',  ( 1597.451245830301800, 1971.594173470211900, 120.7339465294590900 ) ) ;
#4060 = CARTESIAN_POINT ( 'NONE',  ( 1591.999999384806200, 1919.733232439667300, -53.00205347054087900 ) ) ;
#4061 = EDGE_CURVE ( 'NONE', #2411, #5328, #1723, .T. ) ;
#4062 = CARTESIAN_POINT ( 'NONE',  ( 1767.629999349615400, 2045.155752782312200, 27.61089423010138000 ) ) ;
#4063 = CARTESIAN_POINT ( 'NONE',  ( 1767.629999349615400, 1935.166921532583700, -71.87114227583286700 ) ) ;
#4064 = CARTESIAN_POINT ( 'NONE',  ( 1551.633203828747100, 2012.581059839269100, -78.40205347054090600 ) ) ;
#4065 = DIRECTION ( 'NONE',  ( 1.000000000000000000, -0.0000000000000000000, -0.0000000000000000000 ) ) ;
#4066 = CARTESIAN_POINT ( 'NONE',  ( 1578.498092779528200, 2033.500809244671500, -114.5970534705409000 ) ) ;
#4067 = ORIENTED_EDGE ( 'NONE', *, *, #4143, .T. ) ;
#4068 = CIRCLE ( 'NONE', #207, 50.00000000000071100 ) ;
#4069 = CARTESIAN_POINT ( 'NONE',  ( 1698.500534379524700, 2033.500809244672200, -114.5970534705409100 ) ) ;
#4070 = CARTESIAN_POINT ( 'NONE',  ( 1722.419377270906600, 1881.332174752094900, -63.39907494922732000 ) ) ;
#4071 = ORIENTED_EDGE ( 'NONE', *, *, #1186, .F. ) ;
#4072 = FACE_OUTER_BOUND ( 'NONE', #2183, .T. ) ;
#4073 = ORIENTED_EDGE ( 'NONE', *, *, #4599, .F. ) ;
#4074 = CARTESIAN_POINT ( 'NONE',  ( 1656.862569124206600, 2012.122660141500800, 120.7339465294590900 ) ) ;
#4075 = DIRECTION ( 'NONE',  ( -0.0000000000000000000, -0.0000000000000000000, 1.000000000000000000 ) ) ;
#4076 = ORIENTED_EDGE ( 'NONE', *, *, #6301, .F. ) ;
#4077 = CARTESIAN_POINT ( 'NONE',  ( 1536.418618531024500, 1929.492745212332500, -78.40205347054090600 ) ) ;
#4078 = CARTESIAN_POINT ( 'NONE',  ( 1542.381971228532400, 2035.846740483843000, 111.2089465294590800 ) ) ;
#4079 = CARTESIAN_POINT ( 'NONE',  ( 1516.458755444381700, 1985.909781629838800, 120.7339465294591000 ) ) ;
#4080 = CIRCLE ( 'NONE', #2515, 102.0000005463257700 ) ;
#4081 = CARTESIAN_POINT ( 'NONE',  ( 1707.830811673037000, 2037.075265560661600, -90.78455347054081400 ) ) ;
#4082 = ORIENTED_EDGE ( 'NONE', *, *, #3901, .F. ) ;
#4083 = ORIENTED_EDGE ( 'NONE', *, *, #3943, .T. ) ;
#4084 = AXIS2_PLACEMENT_3D ( 'NONE', #1340, #652, #6679 ) ;
#4085 = CARTESIAN_POINT ( 'NONE',  ( 1513.319317648385800, 1981.543628763779700, 111.2089465294591100 ) ) ;
#4086 = EDGE_CURVE ( 'NONE', #2142, #632, #6373, .T. ) ;
#4087 = CARTESIAN_POINT ( 'NONE',  ( 1638.499313779526800, 1906.498855844674800, -114.5970534705409000 ) ) ;
#4088 = CARTESIAN_POINT ( 'NONE',  ( 1767.629999349615000, 1931.111527404418700, 70.07859498514848400 ) ) ;
#4089 = ORIENTED_EDGE ( 'NONE', *, *, #1364, .T. ) ;
#4090 = CARTESIAN_POINT ( 'NONE',  ( 1522.242393259269400, 1929.049202978927300, 120.7339465294591000 ) ) ;
#4091 = LINE ( 'NONE', #2706, #774 ) ;
#4092 = ORIENTED_EDGE ( 'NONE', *, *, #6189, .T. ) ;
#4093 = CARTESIAN_POINT ( 'NONE',  ( 1578.498092779528200, 1983.500809444671200, -114.5970534705409000 ) ) ;
#4094 = EDGE_CURVE ( 'NONE', #718, #3225, #4102, .T. ) ;
#4095 = CARTESIAN_POINT ( 'NONE',  ( 1512.630371360603200, 1990.740832246745200, 120.7339465294590900 ) ) ;
#4096 = DIRECTION ( 'NONE',  ( -0.0000000000000000000, -9.106159978880845300E-017, -1.000000000000000000 ) ) ;
#4097 = DIRECTION ( 'NONE',  ( -0.0000000000000000000, -0.0000000000000000000, 1.000000000000000000 ) ) ;
#4098 = CARTESIAN_POINT ( 'NONE',  ( 1597.598197379594700, 1911.583351509624700, -78.40205347054086400 ) ) ;
#4099 = ORIENTED_EDGE ( 'NONE', *, *, #3729, .T. ) ;
#4100 = CARTESIAN_POINT ( 'NONE',  ( 1711.220444576453000, 1894.634079827422300, -78.71955347054093000 ) ) ;
#4101 = DIRECTION ( 'NONE',  ( 0.0000000000000000000, 0.0000000000000000000, 1.000000000000000000 ) ) ;
#4102 = CIRCLE ( 'NONE', #394, 102.0000005463257700 ) ;
#4103 = CARTESIAN_POINT ( 'NONE',  ( 1767.629999349615000, 2044.602699567469900, -28.73879041779057500 ) ) ;
#4104 = CARTESIAN_POINT ( 'NONE',  ( 1581.274587255130900, 2027.726845148969000, -78.40205347054086400 ) ) ;
#4105 = CARTESIAN_POINT ( 'NONE',  ( 1596.987216062236900, 1932.145428387873600, -51.92255347054098300 ) ) ;
#4106 = CARTESIAN_POINT ( 'NONE',  ( 1667.891391153045800, 1955.820110216696100, 120.7339465294590900 ) ) ;
#4107 = EDGE_CURVE ( 'NONE', #6233, #6552, #1567, .T. ) ;
#4108 = CARTESIAN_POINT ( 'NONE',  ( 1644.587962685836400, 2063.185121461935500, 76.98494652945909400 ) ) ;
#4109 = CARTESIAN_POINT ( 'NONE',  ( 1698.333793330088600, 2030.007741359838300, 66.82244652945912800 ) ) ;
#4110 = ORIENTED_EDGE ( 'NONE', *, *, #6490, .T. ) ;
#4111 = AXIS2_PLACEMENT_3D ( 'NONE', #2753, #2077, #1384 ) ;
#4112 = CARTESIAN_POINT ( 'NONE',  ( 1549.774541602075500, 2041.882525294769700, 120.7339465294590900 ) ) ;
#4113 = CARTESIAN_POINT ( 'NONE',  ( 1612.545875619468900, 2048.944306175343600, 120.7339465294591200 ) ) ;
#4114 = ORIENTED_EDGE ( 'NONE', *, *, #2755, .T. ) ;
#4115 = LINE ( 'NONE', #2053, #1819 ) ;
#4116 = B_SPLINE_CURVE_WITH_KNOTS ( 'NONE', 3,
 ( #309, #6328, #5652, #4962 ),
 .UNSPECIFIED., .F., .F.,
 ( 4, 4 ),
 ( 0.0000000000000000000, 1.000000000000000000 ),
 .UNSPECIFIED. ) ;
#4117 = VECTOR ( 'NONE', #1730, 1000.000000000000000 ) ;
#4118 = DIRECTION ( 'NONE',  ( -0.0000000000000000000, -0.0000000000000000000, 1.000000000000000000 ) ) ;
#4119 = CARTESIAN_POINT ( 'NONE',  ( 1511.501743075480800, 1981.323651579791000, 120.7339465294591000 ) ) ;
#4120 = CARTESIAN_POINT ( 'NONE',  ( 1603.234742729350300, 2050.425469753478400, 111.2089465294591000 ) ) ;
#4121 = ORIENTED_EDGE ( 'NONE', *, *, #1399, .T. ) ;
#4122 = ORIENTED_EDGE ( 'NONE', *, *, #6617, .F. ) ;
#4123 = CARTESIAN_POINT ( 'NONE',  ( 1640.504280980461300, 1905.727144168585300, 120.7339465294591300 ) ) ;
#4124 = VECTOR ( 'NONE', #6243, 1000.000000000000000 ) ;
#4125 = DIRECTION ( 'NONE',  ( -0.0000000000000000000, -0.0000000000000000000, 1.000000000000000000 ) ) ;
#4126 = CARTESIAN_POINT ( 'NONE',  ( 1558.127037757789600, 2029.336325995692100, -90.78455347054084300 ) ) ;
#4127 = ORIENTED_EDGE ( 'NONE', *, *, #6447, .F. ) ;
#4128 = VECTOR ( 'NONE', #2404, 1000.000000000000000 ) ;
#4129 = FACE_OUTER_BOUND ( 'NONE', #1630, .T. ) ;
#4130 = DIRECTION ( 'NONE',  ( 1.000000000000000000, 0.0000000000000000000, 0.0000000000000000000 ) ) ;
#4131 = CARTESIAN_POINT ( 'NONE',  ( 1673.607642652379800, 1958.721326410273800, 120.7339465294590900 ) ) ;
#4132 = CARTESIAN_POINT ( 'NONE',  ( 1767.629999349614800, 1909.932207438361300, -52.69093238058134400 ) ) ;
#4133 = CARTESIAN_POINT ( 'NONE',  ( 1593.783188763749200, 1964.605196693270300, 120.7339465294590900 ) ) ;
#4134 = CARTESIAN_POINT ( 'NONE',  ( 1611.093840069959500, 1936.935448516869900, 28.72244652945911300 ) ) ;
#4135 = CARTESIAN_POINT ( 'NONE',  ( 1557.685202456540300, 1922.401500941156200, -78.40205347054089200 ) ) ;
#4136 = CARTESIAN_POINT ( 'NONE',  ( 1745.815942357737900, 1999.665829638665900, -90.78455347054088500 ) ) ;
#4137 = CARTESIAN_POINT ( 'NONE',  ( 1767.629999349615400, 2021.750729425245000, -60.88634919952443900 ) ) ;
#4138 = B_SPLINE_CURVE_WITH_KNOTS ( 'NONE', 3,
 ( #510, #6520, #5833, #5162, #4468, #3771, #3097, #2403, #1714, #1031, #346, #6361, #5683, #4998, #4306, #3618, #2924, #2241, #1556, #865 ),
 .UNSPECIFIED., .F., .F.,
 ( 4, 2, 2, 2, 2, 2, 2, 2, 2, 4 ),
 ( 0.0000000000000000000, 0.1250000000000000000, 0.2500000000000000000, 0.3750000000000000000, 0.5000000000000000000, 0.6250000000000000000, 0.7500000000000000000, 0.8750000000000000000, 0.9375000000000000000, 1.000000000000000000 ),
 .UNSPECIFIED. ) ;
#4139 = CARTESIAN_POINT ( 'NONE',  ( 1617.749590601193900, 2022.731233775862200, -78.40205347054086400 ) ) ;
#4140 = CARTESIAN_POINT ( 'NONE',  ( 1591.999999384806000, 1969.999832439667200, 87.14744652945916000 ) ) ;
#4141 = DIRECTION ( 'NONE',  ( 1.000000000000000000, -0.0000000000000000000, 0.0000000000000000000 ) ) ;
#4142 = DIRECTION ( 'NONE',  ( 0.0000000000000000000, 1.000000000000000000, -2.461359026759083300E-016 ) ) ;
#4143 = EDGE_CURVE ( 'NONE', #3167, #2989, #2252, .T. ) ;
#4144 = CARTESIAN_POINT ( 'NONE',  ( 1767.629999349615400, 1980.564242352165600, 79.44683696876006700 ) ) ;
#4145 = DIRECTION ( 'NONE',  ( 1.000000000000000000, -1.017739762824782800E-015, -0.0000000000000000000 ) ) ;
#4146 = CARTESIAN_POINT ( 'NONE',  ( 1731.721067369547000, 2059.999924541560200, 61.79145497685392700 ) ) ;
#4147 = CARTESIAN_POINT ( 'NONE',  ( 1715.775517298290200, 1887.823489136729700, 71.89192403498412900 ) ) ;
#4148 = LINE ( 'NONE', #3454, #1825 ) ;
#4149 = CARTESIAN_POINT ( 'NONE',  ( 1603.668551876140100, 2048.417228036812000, 120.7339465294590900 ) ) ;
#4150 = ORIENTED_EDGE ( 'NONE', *, *, #3281, .F. ) ;
#4151 = ORIENTED_EDGE ( 'NONE', *, *, #3377, .F. ) ;
#4152 = FACE_OUTER_BOUND ( 'NONE', #2735, .T. ) ;
#4153 = CARTESIAN_POINT ( 'NONE',  ( 1722.200782796898900, 2058.451506090160800, 63.99464646057150200 ) ) ;
#4154 = CARTESIAN_POINT ( 'NONE',  ( 1528.498092979527900, 1983.500809044674700, -90.78455347054089900 ) ) ;
#4155 = PERSON_AND_ORGANIZATION ( #3143, #4345 ) ;
#4156 = AXIS2_PLACEMENT_3D ( 'NONE', #3319, #2631, #1950 ) ;
#4157 = CARTESIAN_POINT ( 'NONE',  ( 1723.496736984914800, 2059.421326006729900, -62.33292590845257300 ) ) ;
#4158 = EDGE_LOOP ( 'NONE', ( #5653, #4121, #5697 ) ) ;
#4159 = ORIENTED_EDGE ( 'NONE', *, *, #182, .T. ) ;
#4160 = B_SPLINE_CURVE_WITH_KNOTS ( 'NONE', 3,
 ( #6464, #2342, #1659, #975 ),
 .UNSPECIFIED., .F., .F.,
 ( 4, 4 ),
 ( 0.0000000000000000000, 1.000000000000000000 ),
 .UNSPECIFIED. ) ;
#4161 = DIRECTION ( 'NONE',  ( 0.0000000000000000000, 1.000000000000000000, 0.0000000000000000000 ) ) ;
#4162 = CARTESIAN_POINT ( 'NONE',  ( 1562.387309846368200, 2030.947114458533200, -90.78455347054092800 ) ) ;
#4163 = CARTESIAN_POINT ( 'NONE',  ( 1527.689475389730200, 1927.540330111642100, 120.7339465294590900 ) ) ;
#4164 = DIRECTION ( 'NONE',  ( 1.000000000000000000, 0.0000000000000000000, 0.0000000000000000000 ) ) ;
#4165 = ORIENTED_EDGE ( 'NONE', *, *, #3959, .F. ) ;
#4166 = CARTESIAN_POINT ( 'NONE',  ( 1562.183592570776000, 2030.816925927945700, -78.40205347054083500 ) ) ;
#4167 = VECTOR ( 'NONE', #3351, 1000.000000000000000 ) ;
#4168 = CARTESIAN_POINT ( 'NONE',  ( 1571.736466239152200, 1891.788207017590800, 120.7339465294590900 ) ) ;
#4169 = CARTESIAN_POINT ( 'NONE',  ( 1767.629999349615000, 1892.054334616324200, -17.94220838734807400 ) ) ;
#4170 = CARTESIAN_POINT ( 'NONE',  ( 1586.569055301962900, 1968.337396532714800, 120.7339465294591200 ) ) ;
#4171 = CARTESIAN_POINT ( 'NONE',  ( 1707.939999349615200, 2035.479694647907300, 87.27269352945913300 ) ) ;
#4172 = CARTESIAN_POINT ( 'NONE',  ( 1536.393726064999300, 1951.245917804885900, -78.40205347054092000 ) ) ;
#4173 = LINE ( 'NONE', #3480, #3457 ) ;
#4174 = CARTESIAN_POINT ( 'NONE',  ( 1767.629999349614800, 1987.546617317736500, -77.95011625217540500 ) ) ;
#4175 = CARTESIAN_POINT ( 'NONE',  ( 1643.578527971256300, 1997.969347368810300, -78.40205347054089200 ) ) ;
#4176 = CARTESIAN_POINT ( 'NONE',  ( 1611.093840069959000, 2003.064216362463600, 28.72244652945910200 ) ) ;
#4177 = CARTESIAN_POINT ( 'NONE',  ( 1641.661250139466800, 1904.365873575000000, 111.2089465294590800 ) ) ;
#4178 = CARTESIAN_POINT ( 'NONE',  ( 1589.161585311098600, 1974.919859407433300, 120.7339465294591000 ) ) ;
#4179 = CARTESIAN_POINT ( 'NONE',  ( 1767.629999349615400, 2017.771907503807800, 64.31784624621963100 ) ) ;
#4180 = DIRECTION ( 'NONE',  ( -1.000000000000000000, 0.0000000000000000000, 0.0000000000000000000 ) ) ;
#4181 = CARTESIAN_POINT ( 'NONE',  ( 1533.693515878504300, 1976.570560954866300, -78.40205347054090600 ) ) ;
#4182 = CARTESIAN_POINT ( 'NONE',  ( 1551.275933999095300, 2038.192701160191700, 111.2089465294591100 ) ) ;
#4183 = CARTESIAN_POINT ( 'NONE',  ( 1720.964474954866800, 1883.021598003113200, 65.99484941146897700 ) ) ;
#4184 = VERTEX_POINT ( 'NONE', #4154 ) ;
#4185 = CARTESIAN_POINT ( 'NONE',  ( 1558.935615462009300, 1950.905991754513900, -51.92255347054098300 ) ) ;
#4186 = CARTESIAN_POINT ( 'NONE',  ( 1542.381971228532400, 2035.846740483843000, 120.7339465294590900 ) ) ;
#4187 = VERTEX_POINT ( 'NONE', #3459 ) ;
#4188 = EDGE_CURVE ( 'NONE', #5441, #4367, #4839, .T. ) ;
#4189 = ORIENTED_EDGE ( 'NONE', *, *, #4823, .F. ) ;
#4190 = CARTESIAN_POINT ( 'NONE',  ( 1655.412973369704100, 1982.699832439667000, -51.41399357633498800 ) ) ;
#4191 = DIRECTION ( 'NONE',  ( 1.000000000000000000, 0.0000000000000000000, 0.0000000000000000000 ) ) ;
#4192 = PLANE ( 'NONE',  #3684 ) ;
#4193 = VERTEX_POINT ( 'NONE', #714 ) ;
#4194 = AXIS2_PLACEMENT_3D ( 'NONE', #4010, #2629, #1948 ) ;
#4195 = ORIENTED_EDGE ( 'NONE', *, *, #747, .T. ) ;
#4196 = CARTESIAN_POINT ( 'NONE',  ( 1561.012517956885200, 1929.608365060124200, 28.72244652945910200 ) ) ;
#4197 = AXIS2_PLACEMENT_3D ( 'NONE', #1654, #971, #282 ) ;
#4198 = CARTESIAN_POINT ( 'NONE',  ( 1720.865268585120000, 1901.414126244674400, -90.78455347054089900 ) ) ;
#4199 = CARTESIAN_POINT ( 'NONE',  ( 1642.799999384806600, 1973.324684664717300, 28.72244652945910200 ) ) ;
#4200 = CARTESIAN_POINT ( 'NONE',  ( 1700.415936349614600, 1890.978552522985200, 66.82244652945908600 ) ) ;
#4201 = EDGE_LOOP ( 'NONE', ( #6213, #3706, #4842, #3293 ) ) ;
#4202 = CIRCLE ( 'NONE', #2649, 85.88242951849922200 ) ;
#4203 = ORIENTED_EDGE ( 'NONE', *, *, #3184, .F. ) ;
#4204 = CARTESIAN_POINT ( 'NONE',  ( 1529.403225138656800, 1992.978588018731000, -78.40205347054089200 ) ) ;
#4205 = VECTOR ( 'NONE', #5250, 1000.000000000000000 ) ;
#4206 = CARTESIAN_POINT ( 'NONE',  ( 1577.480043964407100, 1894.324326964123200, 120.7339465294591500 ) ) ;
#4207 = CARTESIAN_POINT ( 'NONE',  ( 1767.629999349615000, 1899.318147481793200, 37.61879219241497200 ) ) ;
#4208 = CARTESIAN_POINT ( 'NONE',  ( 1796.839999349615000, 1917.133692494169700, -60.12349829882827400 ) ) ;
#4209 = CARTESIAN_POINT ( 'NONE',  ( 1701.550705222319300, 1906.158024397350800, -78.40205347054089200 ) ) ;
#4210 = CARTESIAN_POINT ( 'NONE',  ( 1612.900062016284700, 2050.723845743319500, 120.7339465294590900 ) ) ;
#4211 = CARTESIAN_POINT ( 'NONE',  ( 1702.242776061949100, 1917.352466735191000, -78.40205347054090600 ) ) ;
#4212 = AXIS2_PLACEMENT_3D ( 'NONE', #3892, #3213, #2529 ) ;
#4213 = CARTESIAN_POINT ( 'NONE',  ( 1551.044598431285300, 2036.706166500285200, 120.7339465294590900 ) ) ;
#4214 = CARTESIAN_POINT ( 'NONE',  ( 1720.428170934178300, 1883.660706136408400, 66.82244652945912800 ) ) ;
#4215 = CARTESIAN_POINT ( 'NONE',  ( 1632.414113563766700, 1927.459455875701700, -78.40205347054092000 ) ) ;
#4216 = CARTESIAN_POINT ( 'NONE',  ( 1596.537238974574600, 1973.416198635171900, 120.7339465294590900 ) ) ;
#4217 = CARTESIAN_POINT ( 'NONE',  ( 1743.499999349614900, 1904.519970231427600, 87.14744652945910300 ) ) ;
#4218 = CARTESIAN_POINT ( 'NONE',  ( 1767.629999349614800, 2040.564657974815000, 37.83839748858594000 ) ) ;
#4219 = CARTESIAN_POINT ( 'NONE',  ( 1767.629999349615200, 1947.705521217431400, -76.68331086818953700 ) ) ;
#4220 = CARTESIAN_POINT ( 'NONE',  ( 1544.194803345617400, 2004.018969134171800, -78.40205347054090600 ) ) ;
#4221 = CARTESIAN_POINT ( 'NONE',  ( 1721.102433777818300, 1911.655571855148800, -90.78455347054092800 ) ) ;
#4222 = DIRECTION ( 'NONE',  ( 0.0000000000000000000, 0.0000000000000000000, -1.000000000000000000 ) ) ;
#4223 = CARTESIAN_POINT ( 'NONE',  ( 1738.255915817624800, 2014.000298761082800, -114.5970534705410000 ) ) ;
#4224 = CARTESIAN_POINT ( 'NONE',  ( 1723.512513851365200, 1880.570169240541400, -62.32123178204600600 ) ) ;
#4225 = ORIENTED_EDGE ( 'NONE', *, *, #3921, .T. ) ;
#4226 = AXIS2_PLACEMENT_3D ( 'NONE', #4785, #4101, #3406 ) ;
#4227 = CARTESIAN_POINT ( 'NONE',  ( 1658.820763837807100, 2011.023798916806800, 120.7339465294590900 ) ) ;
#4228 = CARTESIAN_POINT ( 'NONE',  ( 1767.629999349615000, 1884.999832439666500, 85.14744614636022400 ) ) ;
#4229 = ORIENTED_EDGE ( 'NONE', *, *, #928, .T. ) ;
#4230 = CC_DESIGN_DATE_AND_TIME_ASSIGNMENT ( #3145, #2454, ( #6418 ) ) ;
#4231 = CARTESIAN_POINT ( 'NONE',  ( 1531.751633179373100, 1938.755040246171100, -78.40205347054089200 ) ) ;
#4232 = CARTESIAN_POINT ( 'NONE',  ( 1671.412850007394400, 1949.471781812096200, 111.2089465294590800 ) ) ;
#4233 = CARTESIAN_POINT ( 'NONE',  ( 1591.999999384806000, 1868.399832439667100, 107.3989465294591000 ) ) ;
#4234 = CARTESIAN_POINT ( 'NONE',  ( 1550.474339699356500, 2040.835203429532800, 120.7339465294590900 ) ) ;
#4235 = ORIENTED_EDGE ( 'NONE', *, *, #3216, .F. ) ;
#4236 = ORIENTED_EDGE ( 'NONE', *, *, #4032, .F. ) ;
#4237 = CARTESIAN_POINT ( 'NONE',  ( 1528.755606741886800, 1918.405208244459600, 111.2089465294590800 ) ) ;
#4238 = AXIS2_PLACEMENT_3D ( 'NONE', #4815, #3436, #2742 ) ;
#4239 = CARTESIAN_POINT ( 'NONE',  ( 1707.939999349615200, 1904.519970231427800, 87.39644652945924000 ) ) ;
#4240 = CARTESIAN_POINT ( 'NONE',  ( 1767.629999349615400, 1923.040292844476400, 64.92780570066301500 ) ) ;
#4241 = EDGE_LOOP ( 'NONE', ( #6576, #5247, #1719, #2938, #359, #181, #833, #5083, #4122 ) ) ;
#4242 = CARTESIAN_POINT ( 'NONE',  ( 1632.767288769210600, 1902.019912899139900, 120.7339465294591000 ) ) ;
#4243 = EDGE_CURVE ( 'NONE', #4335, #2707, #4547, .T. ) ;
#4244 = CARTESIAN_POINT ( 'NONE',  ( 1649.283053388586000, 1982.699832439666800, -78.40205347054089200 ) ) ;
#4245 = ORIENTED_EDGE ( 'NONE', *, *, #470, .T. ) ;
#4246 = DIRECTION ( 'NONE',  ( 0.0000000000000000000, -1.741526303809650500E-014, -1.000000000000000000 ) ) ;
#4247 = FACE_OUTER_BOUND ( 'NONE', #6484, .T. ) ;
#4248 = CARTESIAN_POINT ( 'NONE',  ( 1655.351609539491400, 2015.608362145969500, 111.2089465294591000 ) ) ;
#4249 = ADVANCED_FACE ( 'NONE', ( #1260 ), #1604, .F. ) ;
#4250 = CARTESIAN_POINT ( 'NONE',  ( 1543.179455672987400, 2034.806362614138800, 120.7339465294590900 ) ) ;
#4251 = DIRECTION ( 'NONE',  ( 1.000000000000000000, 0.0000000000000000000, 0.0000000000000000000 ) ) ;
#4252 = AXIS2_PLACEMENT_3D ( 'NONE', #1276, #588, #6610 ) ;
#4253 = CARTESIAN_POINT ( 'NONE',  ( 1605.288895936056200, 1912.850486518129900, -78.40205347054090600 ) ) ;
#4254 = ORIENTED_EDGE ( 'NONE', *, *, #6023, .F. ) ;
#4255 = DIRECTION ( 'NONE',  ( -1.000000000000000000, 0.0000000000000000000, 0.0000000000000000000 ) ) ;
#4256 = CARTESIAN_POINT ( 'NONE',  ( 1796.839999349614800, 2018.799015697530000, -63.46116339558948000 ) ) ;
#4257 = CARTESIAN_POINT ( 'NONE',  ( 1767.629999349615000, 2047.639089751290200, -19.14391104467481600 ) ) ;
#4258 = ORIENTED_EDGE ( 'NONE', *, *, #3773, .F. ) ;
#4259 = CARTESIAN_POINT ( 'NONE',  ( 1767.629999349615400, 1915.830424010896600, -58.72255300632541300 ) ) ;
#4260 = CARTESIAN_POINT ( 'NONE',  ( 1571.973714481675000, 2025.151565142922000, -78.40205347054089200 ) ) ;
#4261 = CARTESIAN_POINT ( 'NONE',  ( 1657.762044138419200, 2019.745946484888900, 111.2089465294590800 ) ) ;
#4262 = CARTESIAN_POINT ( 'NONE',  ( 1667.584390303634300, 1954.136767760585800, 120.7339465294591000 ) ) ;
#4263 = ORIENTED_EDGE ( 'NONE', *, *, #4856, .T. ) ;
#4264 = CARTESIAN_POINT ( 'NONE',  ( 1705.350954342761700, 1904.724668400506300, -90.78455347054081400 ) ) ;
#4265 = PLANE ( 'NONE',  #6682 ) ;
#4266 = EDGE_LOOP ( 'NONE', ( #5442, #2697, #2855, #3395 ) ) ;
#4267 = EDGE_CURVE ( 'NONE', #3658, #5399, #5565, .T. ) ;
#4268 = CARTESIAN_POINT ( 'NONE',  ( 1662.750507084111400, 2011.653578014062800, 120.7339465294590900 ) ) ;
#4269 = CARTESIAN_POINT ( 'NONE',  ( 1591.999999384806000, 1969.999832439667200, 66.82244652945912800 ) ) ;
#4270 = ORIENTED_EDGE ( 'NONE', *, *, #4047, .T. ) ;
#4271 = CARTESIAN_POINT ( 'NONE',  ( 1569.225594716740500, 1907.366124413543300, -78.40205347054087800 ) ) ;
#4272 = B_SPLINE_CURVE_WITH_KNOTS ( 'NONE', 3,
 ( #700, #19, #6036, #5348 ),
 .UNSPECIFIED., .F., .F.,
 ( 4, 4 ),
 ( 0.0000000000000000000, 1.000000000000000000 ),
 .UNSPECIFIED. ) ;
#4273 = DIRECTION ( 'NONE',  ( 0.0000000000000000000, 1.000000000000000000, 0.0000000000000000000 ) ) ;
#4274 = CARTESIAN_POINT ( 'NONE',  ( 1513.129958211728500, 1981.531657645882400, 120.7339465294590800 ) ) ;
#4275 = LINE ( 'NONE', #3590, #2819 ) ;
#4276 = ORIENTED_EDGE ( 'NONE', *, *, #4032, .T. ) ;
#4277 = AXIS2_PLACEMENT_3D ( 'NONE', #5743, #5065, #4374 ) ;
#4278 = VERTEX_POINT ( 'NONE', #2814 ) ;
#4279 = CARTESIAN_POINT ( 'NONE',  ( 1636.897092771895400, 1906.736765328493400, 120.7339465294590800 ) ) ;
#4280 = CARTESIAN_POINT ( 'NONE',  ( 1541.130200184805700, 1919.130031132389100, -53.00205347054088600 ) ) ;
#4281 = CARTESIAN_POINT ( 'NONE',  ( 1767.629999349615200, 1959.349191830092900, 79.43530199872152800 ) ) ;
#4282 = ORIENTED_EDGE ( 'NONE', *, *, #1200, .T. ) ;
#4283 = ADVANCED_FACE ( 'NONE', ( #915 ), #1603, .T. ) ;
#4284 = DIRECTION ( 'NONE',  ( 0.0000000000000000000, 1.000000000000000000, 0.0000000000000000000 ) ) ;
#4285 = VERTEX_POINT ( 'NONE', #755 ) ;
#4286 = DIRECTION ( 'NONE',  ( -2.035479525649563200E-015, -1.000000000000000000, -2.220441800905121900E-014 ) ) ;
#4287 = AXIS2_PLACEMENT_3D ( 'NONE', #4483, #1049, #362 ) ;
#4288 = DIRECTION ( 'NONE',  ( -1.000000000000000000, 0.0000000000000000000, 2.365236358150881500E-016 ) ) ;
#4289 = ORIENTED_EDGE ( 'NONE', *, *, #993, .T. ) ;
#4290 = CARTESIAN_POINT ( 'NONE',  ( 1595.754894409890300, 1965.738440722972400, 120.7339465294591200 ) ) ;
#4291 = CARTESIAN_POINT ( 'NONE',  ( 1630.099999384805600, 1967.506193270880200, 28.72244652945910200 ) ) ;
#4292 = CARTESIAN_POINT ( 'NONE',  ( 1565.940263475782300, 1917.419945320539900, -78.40205347054089200 ) ) ;
#4293 = CYLINDRICAL_SURFACE ( 'NONE', #3764, 4.756378424428886500 ) ;
#4294 = CARTESIAN_POINT ( 'NONE',  ( 1748.346003012833300, 1987.477605863380400, -90.78455347054089900 ) ) ;
#4295 = CARTESIAN_POINT ( 'NONE',  ( 1767.629999349614500, 2029.332520817157500, -53.53386555691793800 ) ) ;
#4296 = VECTOR ( 'NONE', #5866, 1000.000000000000000 ) ;
#4297 = FACE_OUTER_BOUND ( 'NONE', #2534, .T. ) ;
#4298 = CARTESIAN_POINT ( 'NONE',  ( 1610.990904493416600, 2025.515488196622300, -78.40205347054087800 ) ) ;
#4299 = LINE ( 'NONE', #3612, #1010 ) ;
#4300 = LINE ( 'NONE', #3613, #3842 ) ;
#4301 = EDGE_LOOP ( 'NONE', ( #5413, #20, #5051, #6416 ) ) ;
#4302 = CARTESIAN_POINT ( 'NONE',  ( 1555.118565069873700, 1979.878498299864800, -51.92255347054097600 ) ) ;
#4303 = EDGE_CURVE ( 'NONE', #1363, #2142, #3066, .T. ) ;
#4304 = CARTESIAN_POINT ( 'NONE',  ( 1597.679612047655800, 1969.999832439667400, 111.2089465294591000 ) ) ;
#4305 = CARTESIAN_POINT ( 'NONE',  ( 1747.722442918715800, 1947.623820538237200, -90.78455347054089900 ) ) ;
#4306 = CARTESIAN_POINT ( 'NONE',  ( 1587.037932919005900, 1972.861697215020500, 111.2089465294590700 ) ) ;
#4307 = DIRECTION ( 'NONE',  ( -0.0000000000000000000, -0.0000000000000000000, 1.000000000000000000 ) ) ;
#4308 = ADVANCED_FACE ( 'NONE', ( #2645 ), #2297, .T. ) ;
#4309 = DIRECTION ( 'NONE',  ( -0.0000000000000000000, -0.0000000000000000000, -1.000000000000000000 ) ) ;
#4310 = CARTESIAN_POINT ( 'NONE',  ( 1605.440692458833600, 2046.409922190077900, 120.7339465294590900 ) ) ;
#4311 = ORIENTED_EDGE ( 'NONE', *, *, #6398, .T. ) ;
#4312 = ORIENTED_EDGE ( 'NONE', *, *, #2217, .F. ) ;
#4313 = CARTESIAN_POINT ( 'NONE',  ( 1723.353295872795300, 2059.345839012299200, 62.73586743445819300 ) ) ;
#4314 = EDGE_CURVE ( 'NONE', #1935, #2891, #2654, .T. ) ;
#4315 = CARTESIAN_POINT ( 'NONE',  ( 1743.499999349615100, 1969.999832439667200, 0.1474465294591179000 ) ) ;
#4316 = DIRECTION ( 'NONE',  ( 0.0000000000000000000, 0.0000000000000000000, 1.000000000000000000 ) ) ;
#4317 = CARTESIAN_POINT ( 'NONE',  ( 1722.643819956742200, 2058.851981345999800, -63.13996219639667400 ) ) ;
#4318 = EDGE_LOOP ( 'NONE', ( #4918, #4611, #3918, #4442 ) ) ;
#4319 = EDGE_CURVE ( 'NONE', #1599, #5032, #6614, .T. ) ;
#4320 = ORIENTED_EDGE ( 'NONE', *, *, #3489, .T. ) ;
#4321 = CARTESIAN_POINT ( 'NONE',  ( 1591.999999384806000, 1969.999832439667200, -66.99431679045457600 ) ) ;
#4322 = CARTESIAN_POINT ( 'NONE',  ( 1530.097260451340200, 1996.464937495814400, -90.78455347054092800 ) ) ;
#4323 = CARTESIAN_POINT ( 'NONE',  ( 1525.315254176935500, 1929.180779558633700, 120.7339465294591000 ) ) ;
#4324 = CARTESIAN_POINT ( 'NONE',  ( 1591.999999384806000, 1969.999832439667200, 111.2089465294591100 ) ) ;
#4325 = ORIENTED_EDGE ( 'NONE', *, *, #694, .T. ) ;
#4326 = FACE_BOUND ( 'NONE', #558, .T. ) ;
#4327 = CARTESIAN_POINT ( 'NONE',  ( 1571.930829156711500, 2033.132341413544300, -78.40205347054092000 ) ) ;
#4328 = CYLINDRICAL_SURFACE ( 'NONE', #4156, 106.9999624967876700 ) ;
#4329 = VECTOR ( 'NONE', #1620, 1000.000000000000000 ) ;
#4330 = CARTESIAN_POINT ( 'NONE',  ( 1743.499999349615100, 1969.999832439667200, 0.1474465294591179000 ) ) ;
#4331 = CARTESIAN_POINT ( 'NONE',  ( 1767.629999349615700, 1895.469888543170100, -28.92642179695685200 ) ) ;
#4332 = CARTESIAN_POINT ( 'NONE',  ( 1587.562719389277600, 1966.453996913340900, 120.7339465294590900 ) ) ;
#4333 = CARTESIAN_POINT ( 'NONE',  ( 1644.587962685858400, 2063.185121461922800, 87.14744652945916000 ) ) ;
#4334 = CARTESIAN_POINT ( 'NONE',  ( 1539.590128620661700, 1943.614428168529500, -78.40205347054090600 ) ) ;
#4335 = VERTEX_POINT ( 'NONE', #4559 ) ;
#4336 = CARTESIAN_POINT ( 'NONE',  ( 1720.145132735135300, 2056.001679935976400, 66.82244652945908600 ) ) ;
#4337 = EDGE_CURVE ( 'NONE', #4360, #1527, #4051, .T. ) ;
#4338 = CARTESIAN_POINT ( 'NONE',  ( 1767.629999349614800, 1996.182558519728900, -75.46183701969530900 ) ) ;
#4339 = CARTESIAN_POINT ( 'NONE',  ( 1638.390097111574300, 2005.924716065490200, -78.40205347054089200 ) ) ;
#4340 = CARTESIAN_POINT ( 'NONE',  ( 1512.630371360603200, 1990.740832246745200, 120.7339465294590900 ) ) ;
#4341 = FACE_OUTER_BOUND ( 'NONE', #4563, .T. ) ;
#4342 = DIRECTION ( 'NONE',  ( -0.0000000000000000000, -0.0000000000000000000, -1.000000000000000000 ) ) ;
#4343 = CARTESIAN_POINT ( 'NONE',  ( 1587.575730993635000, 1973.566868309355000, 120.7339465294590900 ) ) ;
#4344 = CARTESIAN_POINT ( 'NONE',  ( 1767.629999349614500, 2011.080973381175500, 68.79423284878051000 ) ) ;
#4345 = ORGANIZATION ( 'UNSPECIFIED', 'UNSPECIFIED', '' ) ;
#4346 = ORIENTED_EDGE ( 'NONE', *, *, #3232, .F. ) ;
#4347 = CARTESIAN_POINT ( 'NONE',  ( 1698.500534554841100, 2047.319527219835700, -90.78455347054081400 ) ) ;
#4348 = CARTESIAN_POINT ( 'NONE',  ( 1545.153272442385100, 2033.607157648765000, 111.2089465294591100 ) ) ;
#4349 = CARTESIAN_POINT ( 'NONE',  ( 1516.458826386286100, 1986.075846300096600, 111.2089465294591100 ) ) ;
#4350 = ADVANCED_FACE ( 'NONE', ( #3169 ), #3513, .F. ) ;
#4351 = CARTESIAN_POINT ( 'NONE',  ( 1657.762044138419200, 2019.745946484888900, 120.7339465294590900 ) ) ;
#4352 = CARTESIAN_POINT ( 'NONE',  ( 1637.181276273696100, 1992.275536869684900, -53.00205347054087900 ) ) ;
#4353 = ORIENTED_EDGE ( 'NONE', *, *, #3481, .F. ) ;
#4354 = VERTEX_POINT ( 'NONE', #1682 ) ;
#4355 = EDGE_CURVE ( 'NONE', #5530, #3832, #999, .T. ) ;
#4356 = CARTESIAN_POINT ( 'NONE',  ( 1652.303300630234200, 1982.699832439666800, -55.01229134824637900 ) ) ;
#4357 = CARTESIAN_POINT ( 'NONE',  ( 1667.612150038683000, 1953.606329824809600, 120.7339465294590900 ) ) ;
#4358 = CARTESIAN_POINT ( 'NONE',  ( 1525.799857307076500, 1929.000781422742900, 111.2089465294591100 ) ) ;
#4359 = VERTEX_POINT ( 'NONE', #4961 ) ;
#4360 = VERTEX_POINT ( 'NONE', #4268 ) ;
#4361 = CARTESIAN_POINT ( 'NONE',  ( 1541.199999384805800, 1969.999832439667400, 28.72244652945910600 ) ) ;
#4362 = CARTESIAN_POINT ( 'NONE',  ( 1707.939999349615200, 1969.999832439667200, 0.1474465294591179000 ) ) ;
#4363 = CARTESIAN_POINT ( 'NONE',  ( 1604.070454086967900, 2055.029802587157500, 111.2089465294590800 ) ) ;
#4364 = CARTESIAN_POINT ( 'NONE',  ( 1587.012782707374800, 2007.854236491461100, 28.72244652945910900 ) ) ;
#4365 = VERTEX_POINT ( 'NONE', #3584 ) ;
#4366 = EDGE_CURVE ( 'NONE', #2727, #1106, #2889, .T. ) ;
#4367 = VERTEX_POINT ( 'NONE', #831 ) ;
#4368 = CARTESIAN_POINT ( 'NONE',  ( 1532.277096466939600, 2002.584271947927800, -78.40205347054089200 ) ) ;
#4369 = B_SPLINE_CURVE_WITH_KNOTS ( 'NONE', 3,
 ( #5265, #4575, #3878, #3198, #2513, #1823 ),
 .UNSPECIFIED., .F., .F.,
 ( 4, 2, 4 ),
 ( 0.0000000000000000000, 0.5000000000000000000, 1.000000000000000000 ),
 .UNSPECIFIED. ) ;
#4370 = CARTESIAN_POINT ( 'NONE',  ( 1574.847099776249900, 1894.394246431681000, 120.7339465294590800 ) ) ;
#4371 = AXIS2_PLACEMENT_3D ( 'NONE', #6320, #5643, #4955 ) ;
#4372 = CARTESIAN_POINT ( 'NONE',  ( 1767.629999349615200, 1895.305376536442700, 28.79629175477679900 ) ) ;
#4373 = DIRECTION ( 'NONE',  ( -1.000000000000000000, 0.0000000000000000000, 0.0000000000000000000 ) ) ;
#4374 = DIRECTION ( 'NONE',  ( 0.0000000000000000000, 1.000000000000000000, 0.0000000000000000000 ) ) ;
#4375 = CARTESIAN_POINT ( 'NONE',  ( 1741.466295130180900, 2009.495219781458700, -90.78455347054092800 ) ) ;
#4376 = FACE_OUTER_BOUND ( 'NONE', #4867, .T. ) ;
#4377 = CARTESIAN_POINT ( 'NONE',  ( 1544.300710455831900, 1953.803146827039000, -53.00205347054088600 ) ) ;
#4378 = CARTESIAN_POINT ( 'NONE',  ( 1551.275933999095300, 2038.192701160191700, 120.7339465294591000 ) ) ;
#4379 = CARTESIAN_POINT ( 'NONE',  ( 1571.387085466674100, 1890.715067706026000, 111.2089465294590800 ) ) ;
#4380 = CARTESIAN_POINT ( 'NONE',  ( 1638.830120647831600, 1934.649458771858700, -78.40205347054089200 ) ) ;
#4381 = CARTESIAN_POINT ( 'NONE',  ( 1595.652405085920900, 1974.349393332807900, 120.7339465294590900 ) ) ;
#4382 = EDGE_CURVE ( 'NONE', #5168, #3562, #143, .T. ) ;
#4383 = CARTESIAN_POINT ( 'NONE',  ( 1767.629999349615400, 2035.711826121370900, 45.77568270168795600 ) ) ;
#4384 = CARTESIAN_POINT ( 'NONE',  ( 1767.629999349615000, 1959.435422527183800, -79.15194390984183300 ) ) ;
#4385 = VECTOR ( 'NONE', #3825, 1000.000000000000000 ) ;
#4386 = CARTESIAN_POINT ( 'NONE',  ( 1538.916189305621900, 1994.994782945489800, -78.40205347054089200 ) ) ;
#4387 = PLANE ( 'NONE',  #6371 ) ;
#4388 = CARTESIAN_POINT ( 'NONE',  ( 1724.563600873089400, 1880.163284638476200, 62.02955274454324600 ) ) ;
#4389 = B_SPLINE_CURVE_WITH_KNOTS ( 'NONE', 3,
 ( #5472, #4788, #4105, #3409, #2717, #2042, #1346, #661, #6689, #5997, #5312, #4628, #3935, #3249, #2564, #1874, #1189, #506 ),
 .UNSPECIFIED., .F., .F.,
 ( 4, 2, 2, 2, 2, 2, 2, 2, 4 ),
 ( 0.5000000000000000000, 0.5625000000000000000, 0.6250000000000000000, 0.6875000000000000000, 0.7500000000000000000, 0.8125000000000000000, 0.8750000000000000000, 0.9375000000000000000, 1.000000000000000000 ),
 .UNSPECIFIED. ) ;
#4390 = CARTESIAN_POINT ( 'NONE',  ( 1743.499999349615100, 1861.715870392918300, 87.14744652945910300 ) ) ;
#4391 = EDGE_CURVE ( 'NONE', #2899, #5470, #1471, .T. ) ;
#4392 = CARTESIAN_POINT ( 'NONE',  ( 1724.598289142850700, 1880.154323361372200, -61.72164823686121300 ) ) ;
#4393 = EDGE_LOOP ( 'NONE', ( #1085, #1781, #4189, #34 ) ) ;
#4394 = CARTESIAN_POINT ( 'NONE',  ( 1592.745117055716000, 1964.320146996587700, 111.2089465294591100 ) ) ;
#4395 = CARTESIAN_POINT ( 'NONE',  ( 1661.151552877842300, 2010.967571512932000, 120.7339465294590900 ) ) ;
#4396 = CARTESIAN_POINT ( 'NONE',  ( 1578.571970464702600, 1983.500809044675000, -90.78455347054089900 ) ) ;
#4397 = ORIENTED_EDGE ( 'NONE', *, *, #6058, .T. ) ;
#4398 = EDGE_CURVE ( 'NONE', #3941, #5316, #2050, .T. ) ;
#4399 = CARTESIAN_POINT ( 'NONE',  ( 1529.214923332637200, 1948.058795547056900, -78.40205347054090600 ) ) ;
#4400 = LINE ( 'NONE', #3703, #1729 ) ;
#4401 = CARTESIAN_POINT ( 'NONE',  ( 1542.824753631563200, 1983.171386919930900, 28.72244652945910600 ) ) ;
#4402 = CARTESIAN_POINT ( 'NONE',  ( 1767.629999349615000, 2054.999832580420800, 0.1474465294591109600 ) ) ;
#4403 = ORIENTED_EDGE ( 'NONE', *, *, #4537, .F. ) ;
#4404 = EDGE_LOOP ( 'NONE', ( #2276, #3100, #6007, #3268 ) ) ;
#4405 = CARTESIAN_POINT ( 'NONE',  ( 1674.753513099239400, 1958.493398606904300, 120.7339465294590900 ) ) ;
#4406 = CARTESIAN_POINT ( 'NONE',  ( 1580.615498156300600, 1891.128160801636300, 120.7339465294590900 ) ) ;
#4407 = CARTESIAN_POINT ( 'NONE',  ( 1767.629999349615000, 1915.673370224479000, 58.87254549531508700 ) ) ;
#4408 = CARTESIAN_POINT ( 'NONE',  ( 1755.564999349615200, 1913.617210380635000, -84.85255371288680200 ) ) ;
#4409 = DIRECTION ( 'NONE',  ( 0.0000000000000000000, 0.0000000000000000000, 1.000000000000000000 ) ) ;
#4410 = CARTESIAN_POINT ( 'NONE',  ( 1656.499989384793500, 1957.299832439667600, -9.994783470538696000 ) ) ;
#4411 = VECTOR ( 'NONE', #5583, 1000.000000000000000 ) ;
#4412 = ADVANCED_FACE ( 'NONE', ( #5759 ), #2725, .F. ) ;
#4413 = CARTESIAN_POINT ( 'NONE',  ( 1720.428141336798700, 2056.338958675019500, 66.82244658802655100 ) ) ;
#4414 = CARTESIAN_POINT ( 'NONE',  ( 1544.556418261738400, 2033.859218055115400, 120.7339465294590900 ) ) ;
#4415 = CARTESIAN_POINT ( 'NONE',  ( 1585.420198181713900, 2019.942409518666900, -53.00205347054087200 ) ) ;
#4416 = CARTESIAN_POINT ( 'NONE',  ( 1611.966647319581900, 1914.826575889950800, -78.40205347054086400 ) ) ;
#4417 = ORIENTED_EDGE ( 'NONE', *, *, #3871, .F. ) ;
#4418 = CARTESIAN_POINT ( 'NONE',  ( 1713.126367764575900, 2050.679394524001100, 73.57266490249288900 ) ) ;
#4419 = CARTESIAN_POINT ( 'NONE',  ( 1796.839999349615000, 2049.999832286888700, 5.383434275442732000 ) ) ;
#4420 = VECTOR ( 'NONE', #5667, 1000.000000000000000 ) ;
#4421 = CARTESIAN_POINT ( 'NONE',  ( 1767.629999349614800, 2049.695049673847300, -6.916575345590962000 ) ) ;
#4422 = CARTESIAN_POINT ( 'NONE',  ( 1767.629999349615200, 1922.227757370374300, -64.02295318322080700 ) ) ;
#4423 = CARTESIAN_POINT ( 'NONE',  ( 1563.600983889529700, 2021.362177258557900, -78.40205347054090600 ) ) ;
#4424 = CARTESIAN_POINT ( 'NONE',  ( 1670.040481743073100, 1958.363341033179700, 111.2089465294591000 ) ) ;
#4425 = VECTOR ( 'NONE', #3219, 1000.000000000000000 ) ;
#4426 = DIRECTION ( 'NONE',  ( -1.000000000000000000, 1.017739762824782800E-015, 0.0000000000000000000 ) ) ;
#4427 = AXIS2_PLACEMENT_3D ( 'NONE', #4140, #3444, #2752 ) ;
#4428 = VECTOR ( 'NONE', #4430, 1000.000000000000000 ) ;
#4429 = CARTESIAN_POINT ( 'NONE',  ( 1711.026779645683500, 1969.999832439667200, 0.1474465294591179000 ) ) ;
#4430 = DIRECTION ( 'NONE',  ( 0.0000000000000000000, -8.079526793559758100E-017, 1.000000000000000000 ) ) ;
#4431 = ORIENTED_EDGE ( 'NONE', *, *, #5638, .T. ) ;
#4432 = ORIENTED_EDGE ( 'NONE', *, *, #404, .T. ) ;
#4433 = B_SPLINE_CURVE_WITH_KNOTS ( 'NONE', 3,
 ( #376, #5705, #5026, #4336 ),
 .UNSPECIFIED., .F., .F.,
 ( 4, 4 ),
 ( 0.0000000000000000000, 1.000000000000000000 ),
 .UNSPECIFIED. ) ;
#4434 = CARTESIAN_POINT ( 'NONE',  ( 1655.351624102500000, 2015.608362139614700, 120.7339465294591000 ) ) ;
#4435 = CARTESIAN_POINT ( 'NONE',  ( 1701.550813276207000, 2033.841665266639000, -78.71955347054094400 ) ) ;
#4436 = ORIENTED_EDGE ( 'NONE', *, *, #4086, .T. ) ;
#4437 = EDGE_CURVE ( 'NONE', #3953, #1077, #4637, .T. ) ;
#4438 = CARTESIAN_POINT ( 'NONE',  ( 1559.750191931093700, 1910.146548640496600, -78.40205347054089200 ) ) ;
#4439 = CARTESIAN_POINT ( 'NONE',  ( 1720.373632169306100, 2056.274119297031600, 66.90640875051393300 ) ) ;
#4440 = CARTESIAN_POINT ( 'NONE',  ( 1515.450329759064700, 1983.146878142960300, 120.7339465294590900 ) ) ;
#4441 = LINE ( 'NONE', #3740, #1961 ) ;
#4442 = ORIENTED_EDGE ( 'NONE', *, *, #2808, .F. ) ;
#4443 = VERTEX_POINT ( 'NONE', #1882 ) ;
#4444 = CARTESIAN_POINT ( 'NONE',  ( 1633.672324285839300, 1904.811703441276400, 120.7339465294590900 ) ) ;
#4445 = CARTESIAN_POINT ( 'NONE',  ( 1598.579800587897100, 1920.057255360667600, -53.00205347054087900 ) ) ;
#4446 = EDGE_CURVE ( 'NONE', #670, #3167, #1195, .T. ) ;
#4447 = CARTESIAN_POINT ( 'NONE',  ( 1767.629999349614800, 1947.584740300602800, 76.94304433588367000 ) ) ;
#4448 = ORIENTED_EDGE ( 'NONE', *, *, #3954, .T. ) ;
#4449 = LINE ( 'NONE', #3749, #5579 ) ;
#4450 = CARTESIAN_POINT ( 'NONE',  ( 1527.338743638591500, 1921.281297385978400, 120.7339465294590600 ) ) ;
#4451 = EDGE_CURVE ( 'NONE', #1923, #3555, #952, .T. ) ;
#4452 = CARTESIAN_POINT ( 'NONE',  ( 1516.458826386286100, 1986.075846300096600, 120.7339465294591000 ) ) ;
#4453 = CARTESIAN_POINT ( 'NONE',  ( 1596.588515688268200, 1966.652537709605900, 120.7339465294590900 ) ) ;
#4454 = CARTESIAN_POINT ( 'NONE',  ( 1580.636630064851500, 1888.520275061040600, 111.2089465294590800 ) ) ;
#4455 = CARTESIAN_POINT ( 'NONE',  ( 1573.118586469413000, 1914.446714686035900, -78.40205347054090600 ) ) ;
#4456 = CARTESIAN_POINT ( 'NONE',  ( 1675.203747044033900, 1948.717725507798600, 114.0664465294590700 ) ) ;
#4457 = PLANE ( 'NONE',  #348 ) ;
#4458 = FACE_OUTER_BOUND ( 'NONE', #2546, .T. ) ;
#4459 = CARTESIAN_POINT ( 'NONE',  ( 1767.629999349615000, 2035.791497986890600, -45.36583542377403700 ) ) ;
#4460 = CARTESIAN_POINT ( 'NONE',  ( 1604.572428971461700, 2027.311296626652600, -78.40205347054087800 ) ) ;
#4461 = CARTESIAN_POINT ( 'NONE',  ( 1767.629999349615000, 2046.926141626520800, 67.47092143267298100 ) ) ;
#4462 = CARTESIAN_POINT ( 'NONE',  ( 1672.181540390672600, 1958.895093871140700, 120.7339465294590900 ) ) ;
#4463 = CARTESIAN_POINT ( 'NONE',  ( 1579.723582801206700, 2006.153917024538700, -51.92255347054098300 ) ) ;
#4464 = FACE_BOUND ( 'NONE', #5174, .T. ) ;
#4465 = EDGE_CURVE ( 'NONE', #839, #1817, #2030, .T. ) ;
#4466 = CARTESIAN_POINT ( 'NONE',  ( 1743.499999369547800, 1934.703256111825800, -90.78455347054092800 ) ) ;
#4467 = FACE_OUTER_BOUND ( 'NONE', #6042, .T. ) ;
#4468 = CARTESIAN_POINT ( 'NONE',  ( 1596.542918303470500, 1973.488995850154700, 111.2089465294590800 ) ) ;
#4469 = CARTESIAN_POINT ( 'NONE',  ( 1581.290984568811600, 2033.500810434289200, -90.78455347054088500 ) ) ;
#4470 = EDGE_CURVE ( 'NONE', #2126, #4676, #6366, .T. ) ;
#4471 = ORIENTED_EDGE ( 'NONE', *, *, #2965, .F. ) ;
#4472 = FACE_OUTER_BOUND ( 'NONE', #4689, .T. ) ;
#4473 = CARTESIAN_POINT ( 'NONE',  ( 1704.477194881307900, 1905.233047452628200, -78.71955347054093000 ) ) ;
#4474 = CARTESIAN_POINT ( 'NONE',  ( 1608.705406964996900, 2045.722898267341000, 120.7339465294590900 ) ) ;
#4475 = EDGE_LOOP ( 'NONE', ( #4289, #4311, #1773, #3340, #3462, #3629 ) ) ;
#4476 = CARTESIAN_POINT ( 'NONE',  ( 1724.584084296211100, 2059.841834388883900, 62.02163395692021900 ) ) ;
#4477 = B_SPLINE_CURVE_WITH_KNOTS ( 'NONE', 3,
 ( #5101, #4405, #3708, #3032 ),
 .UNSPECIFIED., .F., .F.,
 ( 4, 4 ),
 ( 0.0000000000000000000, 1.000000000000000000 ),
 .UNSPECIFIED. ) ;
#4478 = PLANE ( 'NONE',  #5369 ) ;
#4479 = CARTESIAN_POINT ( 'NONE',  ( 1658.557795768930200, 1982.699832439667000, -3.883789362551083100 ) ) ;
#4480 = ORIENTED_EDGE ( 'NONE', *, *, #1417, .T. ) ;
#4481 = EDGE_LOOP ( 'NONE', ( #1131, #1983, #3511, #6568 ) ) ;
#4482 = LINE ( 'NONE', #3783, #5585 ) ;
#4483 = CARTESIAN_POINT ( 'NONE',  ( 1696.366815309239400, 2150.891094985175600, 66.82244652945912800 ) ) ;
#4484 = CARTESIAN_POINT ( 'NONE',  ( 1523.396662412668800, 1929.330119496458600, 120.7339465294591300 ) ) ;
#4485 = EDGE_CURVE ( 'NONE', #997, #3022, #5134, .T. ) ;
#4486 = DIRECTION ( 'NONE',  ( -1.000000000000000000, 0.0000000000000000000, 0.0000000000000000000 ) ) ;
#4487 = EDGE_LOOP ( 'NONE', ( #4471, #717, #2131, #40, #5524 ) ) ;
#4488 = CARTESIAN_POINT ( 'NONE',  ( 1580.808449837752100, 1889.787144307280600, 111.2089465294591100 ) ) ;
#4489 = CARTESIAN_POINT ( 'NONE',  ( 1638.889948925613900, 1906.605456410077300, 111.2089465294591100 ) ) ;
#4490 = CARTESIAN_POINT ( 'NONE',  ( 1767.629999349615200, 1899.502732393970700, -37.67002399439835600 ) ) ;
#4491 = CARTESIAN_POINT ( 'NONE',  ( 1589.136505901955400, 1965.090106115492100, 120.7339465294590800 ) ) ;
#4492 = DIRECTION ( 'NONE',  ( 0.0000000000000000000, 1.000000000000000000, 0.0000000000000000000 ) ) ;
#4493 = CARTESIAN_POINT ( 'NONE',  ( 1544.697996251895300, 1935.282951424762600, -78.40205347054087800 ) ) ;
#4494 = CARTESIAN_POINT ( 'NONE',  ( 1643.652239563764600, 1901.386147328785900, 111.2089465294590800 ) ) ;
#4495 = CARTESIAN_POINT ( 'NONE',  ( 1767.629999349615000, 2006.984107675441000, -70.79500782065073800 ) ) ;
#4496 = ORIENTED_EDGE ( 'NONE', *, *, #4964, .T. ) ;
#4497 = CARTESIAN_POINT ( 'NONE',  ( 1631.277968940917200, 2013.587440225356000, -78.40205347054089200 ) ) ;
#4498 = B_SPLINE_CURVE_WITH_KNOTS ( 'NONE', 3,
 ( #6594, #5905, #5229, #4538, #3843, #3163, #2477, #1784, #1101, #417, #6431, #5745, #5070, #4377, #3681, #3002, #2310, #1622 ),
 .UNSPECIFIED., .F., .F.,
 ( 4, 2, 2, 2, 2, 2, 2, 2, 4 ),
 ( 0.5000000000000000000, 0.5625000000000000000, 0.6250000000000000000, 0.6875000000000000000, 0.7500000000000000000, 0.8125000000000000000, 0.8750000000000000000, 0.9375000000000000000, 1.000000000000000000 ),
 .UNSPECIFIED. ) ;
#4499 = CARTESIAN_POINT ( 'NONE',  ( 1748.500534579525700, 1983.500809044675000, -114.5970534705409100 ) ) ;
#4500 = CARTESIAN_POINT ( 'NONE',  ( 1655.638085745178200, 2013.927237419984300, 111.2089465294591100 ) ) ;
#4501 = CARTESIAN_POINT ( 'NONE',  ( 1586.546067034661500, 1971.584964115344700, 120.7339465294590900 ) ) ;
#4502 = EDGE_CURVE ( 'NONE', #1923, #4960, #2243, .T. ) ;
#4503 = CARTESIAN_POINT ( 'NONE',  ( 1767.629999349615400, 2004.609238262722800, 72.27389801406238200 ) ) ;
#4504 = DIRECTION ( 'NONE',  ( -0.0000000000000000000, -0.0000000000000000000, -1.000000000000000000 ) ) ;
#4505 = CARTESIAN_POINT ( 'NONE',  ( 1551.189773410724500, 2037.152026255855200, 111.2089465294591300 ) ) ;
#4506 = DIRECTION ( 'NONE',  ( 0.0000000000000000000, -1.000000000000000000, 0.0000000000000000000 ) ) ;
#4507 = ORIENTED_EDGE ( 'NONE', *, *, #1943, .T. ) ;
#4508 = EDGE_CURVE ( 'NONE', #664, #3059, #2540, .T. ) ;
#4509 = AXIS2_PLACEMENT_3D ( 'NONE', #278, #5616, #4927 ) ;
#4510 = CARTESIAN_POINT ( 'NONE',  ( 1656.281262942291700, 2018.435121748445700, 120.7339465294590900 ) ) ;
#4511 = CARTESIAN_POINT ( 'NONE',  ( 1598.579800587896900, 2019.942409518667800, -53.00205347054088600 ) ) ;
#4512 = EDGE_LOOP ( 'NONE', ( #807, #6616, #3199, #6611, #1076, #3192, #4908, #399, #6212, #3669, #6608 ) ) ;
#4513 = ORIENTED_EDGE ( 'NONE', *, *, #3405, .F. ) ;
#4514 = CARTESIAN_POINT ( 'NONE',  ( 1650.221466298875800, 1982.699832439666600, -56.15693680784928400 ) ) ;
#4515 = APPROVAL_PERSON_ORGANIZATION ( #4155, #6285, #2774 ) ;
#4516 = CARTESIAN_POINT ( 'NONE',  ( 1668.798194845668600, 1950.959668281678700, 120.7339465294591000 ) ) ;
#4517 = PERSON_AND_ORGANIZATION ( #3143, #4345 ) ;
#4518 = CARTESIAN_POINT ( 'NONE',  ( 1709.209148379516400, 2038.585538644671900, -90.78455347054089900 ) ) ;
#4519 = VERTEX_POINT ( 'NONE', #4835 ) ;
#4520 = EDGE_CURVE ( 'NONE', #2386, #541, #4148, .T. ) ;
#4521 = VERTEX_POINT ( 'NONE', #2088 ) ;
#4522 = CARTESIAN_POINT ( 'NONE',  ( 1528.181335629991300, 1983.200038670964900, -90.78455347054089900 ) ) ;
#4523 = EDGE_CURVE ( 'NONE', #3649, #2142, #5606, .T. ) ;
#4524 = CARTESIAN_POINT ( 'NONE',  ( 1632.918750373988100, 1900.823249340913000, 120.7339465294590900 ) ) ;
#4525 = CARTESIAN_POINT ( 'NONE',  ( 1604.070454086967900, 2055.029802587157500, 111.2089465294591000 ) ) ;
#4526 = EDGE_CURVE ( 'NONE', #1527, #5328, #2512, .T. ) ;
#4527 = CARTESIAN_POINT ( 'NONE',  ( 1557.754463592317500, 1986.883893402288100, 28.72244652945909800 ) ) ;
#4528 = APPLICATION_CONTEXT ( 'configuration controlled 3d designs of mechanical parts and assemblies' ) ;
#4529 = ORIENTED_EDGE ( 'NONE', *, *, #874, .F. ) ;
#4530 = CARTESIAN_POINT ( 'NONE',  ( 1537.322324790931100, 2011.888540763450700, -78.40205347054090600 ) ) ;
#4531 = CARTESIAN_POINT ( 'NONE',  ( 1573.471522892221400, 1893.782673284104700, 120.7339465294590900 ) ) ;
#4532 = CARTESIAN_POINT ( 'NONE',  ( 1767.629999349615000, 1892.116151412137000, 18.43501501021917800 ) ) ;
#4533 = CARTESIAN_POINT ( 'NONE',  ( 1591.999999384806000, 1969.999832439667200, 120.7339465294591200 ) ) ;
#4534 = CARTESIAN_POINT ( 'NONE',  ( 1707.046802417298100, 2011.102835384286900, -78.40205347054089200 ) ) ;
#4535 = CARTESIAN_POINT ( 'NONE',  ( 1533.833090919704500, 1962.302487607478300, -78.40205347054086400 ) ) ;
#4536 = LINE ( 'NONE', #3840, #5533 ) ;
#4537 = EDGE_CURVE ( 'NONE', #213, #2929, #2973, .T. ) ;
#4538 = CARTESIAN_POINT ( 'NONE',  ( 1578.966746226585000, 1921.340926766832800, -53.00205347054085800 ) ) ;
#4539 = DIRECTION ( 'NONE',  ( 0.0000000000000000000, 0.0000000000000000000, -1.000000000000000000 ) ) ;
#4540 = DIRECTION ( 'NONE',  ( -0.0000000000000000000, -0.0000000000000000000, 1.000000000000000000 ) ) ;
#4541 = CARTESIAN_POINT ( 'NONE',  ( 1643.750983548643700, 1942.350456284413700, -78.40205347054089200 ) ) ;
#4542 = ORIENTED_EDGE ( 'NONE', *, *, #3232, .T. ) ;
#4543 = CARTESIAN_POINT ( 'NONE',  ( 1593.946282765955600, 1975.344287053312700, 120.7339465294590800 ) ) ;
#4544 = EDGE_CURVE ( 'NONE', #4800, #2947, #6123, .T. ) ;
#4545 = AXIS2_PLACEMENT_3D ( 'NONE', #949, #259, #6284 ) ;
#4546 = CARTESIAN_POINT ( 'NONE',  ( 1767.629999349615400, 2030.155972493591700, 52.88491577300968100 ) ) ;
#4547 = B_SPLINE_CURVE_WITH_KNOTS ( 'NONE', 3,
 ( #1400, #31, #6049, #5361, #4684, #3992, #3301, #2614, #1930, #1238, #553, #6572, #5884, #5209, #4516, #3823, #3144, #2453, #1761, #1080, #395, #6411, #5726, #5049, #4357, #3661, #2978, #2291 ),
 .UNSPECIFIED., .F., .F.,
 ( 4, 2, 2, 1, 2, 2, 1, 2, 2, 2, 2, 2, 2, 2, 4 ),
 ( 0.0000000000000000000, 0.05286618678661615700, 0.06608273348327711700, 0.07929928017993809200, 0.1057323735732386600, 0.1321654669665392500, 0.1585985603598398000, 0.1850316537531403700, 0.2114647471464409200, 0.2643309339330736600, 0.2907640273264003900, 0.3171971207197271100, 0.3700633075063407000, 0.3964964008996510500, 0.4229294942929613900 ),
 .UNSPECIFIED. ) ;
#4548 = DIRECTION ( 'NONE',  ( 0.0000000000000000000, 0.0000000000000000000, -1.000000000000000000 ) ) ;
#4549 = CARTESIAN_POINT ( 'NONE',  ( 1536.013112219639000, 1987.624893360620500, -78.40205347054089200 ) ) ;
#4550 = LINE ( 'NONE', #3853, #876 ) ;
#4551 = CARTESIAN_POINT ( 'NONE',  ( 1723.488584541944600, 1880.582779019338400, 62.63417303560127200 ) ) ;
#4552 = CARTESIAN_POINT ( 'NONE',  ( 1516.458826386286100, 1986.075846300096600, 120.7339465294591000 ) ) ;
#4553 = AXIS2_PLACEMENT_3D ( 'NONE', #2405, #1717, #1034 ) ;
#4554 = DIRECTION ( 'NONE',  ( -0.6427876766175253400, 0.7660443869572074500, 0.0000000000000000000 ) ) ;
#4555 = ORIENTED_EDGE ( 'NONE', *, *, #5976, .T. ) ;
#4556 = EDGE_CURVE ( 'NONE', #5032, #1444, #998, .T. ) ;
#4557 = DIRECTION ( 'NONE',  ( -2.035479525649563200E-015, -1.000000000000000000, 0.0000000000000000000 ) ) ;
#4558 = FACE_OUTER_BOUND ( 'NONE', #1452, .T. ) ;
#4559 = CARTESIAN_POINT ( 'NONE',  ( 1671.412850007394400, 1949.471781812096200, 120.7339465294590900 ) ) ;
#4560 = DIRECTION ( 'NONE',  ( 0.0000000000000000000, 1.000000000000000000, 0.0000000000000000000 ) ) ;
#4561 = EDGE_LOOP ( 'NONE', ( #5123, #1328, #1802, #2026, #4236 ) ) ;
#4562 = EDGE_CURVE ( 'NONE', #2849, #2848, #6609, .T. ) ;
#4563 = EDGE_LOOP ( 'NONE', ( #2301, #3464, #4417, #3261 ) ) ;
#4564 = CARTESIAN_POINT ( 'NONE',  ( 1640.205445497967500, 1953.631276994868400, 28.72244652945909800 ) ) ;
#4565 = CARTESIAN_POINT ( 'NONE',  ( 1596.987216062236900, 2007.854236491461100, -51.92255347054099700 ) ) ;
#4566 = CARTESIAN_POINT ( 'NONE',  ( 1575.631443940006600, 2018.205278552828800, 28.72244652945909800 ) ) ;
#4567 = DIRECTION ( 'NONE',  ( 1.000000000000000000, 0.0000000000000000000, 0.0000000000000000000 ) ) ;
#4568 = VERTEX_POINT ( 'NONE', #4552 ) ;
#4569 = ORIENTED_EDGE ( 'NONE', *, *, #368, .F. ) ;
#4570 = CARTESIAN_POINT ( 'NONE',  ( 1561.706398850148800, 1946.759221368726900, 28.72244652945910600 ) ) ;
#4571 = CIRCLE ( 'NONE', #4427, 101.6000000000001400 ) ;
#4572 = CARTESIAN_POINT ( 'NONE',  ( 1579.878614194448600, 1892.612268751374600, 120.7339465294590900 ) ) ;
#4573 = CARTESIAN_POINT ( 'NONE',  ( 1767.629999349614800, 1909.664575355191800, 52.67990129061490700 ) ) ;
#4574 = CARTESIAN_POINT ( 'NONE',  ( 1796.839999349615000, 1929.907778584152800, 69.57397431875551800 ) ) ;
#4575 = CARTESIAN_POINT ( 'NONE',  ( 1767.629999349614800, 2051.246392267961300, -61.89369979121672600 ) ) ;
#4576 = ORIENTED_EDGE ( 'NONE', *, *, #4451, .F. ) ;
#4577 = CARTESIAN_POINT ( 'NONE',  ( 1562.387310061418500, 1909.052550615184400, -114.5970534705408400 ) ) ;
#4578 = CARTESIAN_POINT ( 'NONE',  ( 1741.892114530702400, 1931.441322137125300, -114.5970534705410000 ) ) ;
#4579 = CARTESIAN_POINT ( 'NONE',  ( 1546.991910866381000, 2033.442154048553900, 120.7339465294591000 ) ) ;
#4580 = CARTESIAN_POINT ( 'NONE',  ( 1546.818722495915800, 1992.275536869684200, -53.00205347054087200 ) ) ;
#4581 = CARTESIAN_POINT ( 'NONE',  ( 1619.976293874355600, 1918.407931158284300, -78.40205347054089200 ) ) ;
#4582 = DIRECTION ( 'NONE',  ( 0.7071072811871363900, 5.795120626693014300E-016, -0.7071062811856051500 ) ) ;
#4583 = CARTESIAN_POINT ( 'NONE',  ( 1796.839999349615300, 2010.091886295182600, 69.57397431875556000 ) ) ;
#4584 = CARTESIAN_POINT ( 'NONE',  ( 1767.629999349615200, 2048.480478846642700, 15.81870980322064600 ) ) ;
#4585 = CARTESIAN_POINT ( 'NONE',  ( 1767.629999349614500, 1928.918691480852000, -68.49933978108720100 ) ) ;
#4586 = CARTESIAN_POINT ( 'NONE',  ( 1556.189874037810800, 2016.478615422626000, -78.40205347054089200 ) ) ;
#4587 = PLANE ( 'NONE',  #4212 ) ;
#4588 = CARTESIAN_POINT ( 'NONE',  ( 1540.828752196638100, 2016.542146679082000, -114.5970534705409800 ) ) ;
#4589 = CIRCLE ( 'NONE', #5158, 106.9999624967876700 ) ;
#4590 = AXIS2_PLACEMENT_3D ( 'NONE', #1099, #415, #6428 ) ;
#4591 = VERTEX_POINT ( 'NONE', #3856 ) ;
#4592 = B_SPLINE_CURVE_WITH_KNOTS ( 'NONE', 3,
 ( #994, #303, #6322, #5647, #4957, #4264, #3581, #2884, #2203, #1519 ),
 .UNSPECIFIED., .F., .F.,
 ( 4, 2, 2, 2, 4 ),
 ( 0.0000000000000000000, 0.2500000000000000000, 0.5000000000000000000, 0.7500000000000000000, 1.000000000000000000 ),
 .UNSPECIFIED. ) ;
#4593 = EDGE_CURVE ( 'NONE', #6495, #6020, #6647, .T. ) ;
#4594 = LINE ( 'NONE', #3897, #4425 ) ;
#4595 = CARTESIAN_POINT ( 'NONE',  ( 1644.056189888333800, 1978.550810160531900, -56.85265513870663100 ) ) ;
#4596 = ORIENTED_EDGE ( 'NONE', *, *, #840, .T. ) ;
#4597 = AXIS2_PLACEMENT_3D ( 'NONE', #1700, #4981, #4288 ) ;
#4598 = EDGE_LOOP ( 'NONE', ( #1681, #3103, #5896, #4073, #4633, #3110, #3586 ) ) ;
#4599 = EDGE_CURVE ( 'NONE', #5316, #1535, #574, .T. ) ;
#4600 = AXIS2_PLACEMENT_3D ( 'NONE', #4429, #2358, #1677 ) ;
#4601 = CARTESIAN_POINT ( 'NONE',  ( 1655.795684741789700, 2013.588501676527400, 120.7339465294590900 ) ) ;
#4602 = LINE ( 'NONE', #3905, #1655 ) ;
#4603 = ORIENTED_EDGE ( 'NONE', *, *, #1021, .F. ) ;
#4604 = CARTESIAN_POINT ( 'NONE',  ( 1550.508606499207000, 1915.066093684038400, -78.40205347054090600 ) ) ;
#4605 = AXIS2_PLACEMENT_3D ( 'NONE', #1318, #630, #6654 ) ;
#4606 = CARTESIAN_POINT ( 'NONE',  ( 1528.691594977655800, 1923.767918778949900, 111.2089465294591100 ) ) ;
#4607 = CARTESIAN_POINT ( 'NONE',  ( 1516.141216524704300, 1984.362652961131700, 120.7339465294590900 ) ) ;
#4608 = CIRCLE ( 'NONE', #4287, 101.8498275435724200 ) ;
#4609 = DIRECTION ( 'NONE',  ( -0.0000000000000000000, 0.0000000000000000000, -1.000000000000000000 ) ) ;
#4610 = ORIENTED_EDGE ( 'NONE', *, *, #1776, .T. ) ;
#4611 = ORIENTED_EDGE ( 'NONE', *, *, #688, .F. ) ;
#4612 = CARTESIAN_POINT ( 'NONE',  ( 1632.884305678855100, 1903.103301209415300, 120.7339465294590900 ) ) ;
#4613 = CARTESIAN_POINT ( 'NONE',  ( 1637.181276273696100, 1947.724128009650300, -53.00205347054088600 ) ) ;
#4614 = CARTESIAN_POINT ( 'NONE',  ( 1767.629999349614500, 1936.983423394813800, 73.05196930760615700 ) ) ;
#4615 = ORIENTED_EDGE ( 'NONE', *, *, #824, .F. ) ;
#4616 = CARTESIAN_POINT ( 'NONE',  ( 1644.580274286768600, 1965.724217752123400, -56.85265513870663100 ) ) ;
#4617 = VERTEX_POINT ( 'NONE', #5084 ) ;
#4618 = CARTESIAN_POINT ( 'NONE',  ( 1528.613760557512000, 1923.736323176976800, 120.7339465294591000 ) ) ;
#4619 = CARTESIAN_POINT ( 'NONE',  ( 1515.019532630698000, 1989.531372256896900, 120.7339465294591000 ) ) ;
#4620 = ORIENTED_EDGE ( 'NONE', *, *, #2393, .F. ) ;
#4621 = CARTESIAN_POINT ( 'NONE',  ( 1597.468713347986700, 1968.466330427208300, 120.7339465294591200 ) ) ;
#4622 = DIRECTION ( 'NONE',  ( -0.0000000000000000000, -0.0000000000000000000, -1.000000000000000000 ) ) ;
#4623 = CARTESIAN_POINT ( 'NONE',  ( 1582.896701627918000, 1912.018154726597700, -78.40205347054089200 ) ) ;
#4624 = CARTESIAN_POINT ( 'NONE',  ( 1518.022967605874100, 1926.374261163420000, 114.0664465294591000 ) ) ;
#4625 = CARTESIAN_POINT ( 'NONE',  ( 1755.564999349615200, 1913.617209437741600, 85.14744614636016700 ) ) ;
#4626 = CARTESIAN_POINT ( 'NONE',  ( 1767.629999349615700, 2040.634855719643400, -37.41178452320154700 ) ) ;
#4627 = CARTESIAN_POINT ( 'NONE',  ( 1594.886699343690200, 2028.620525089201000, -78.40205347054089200 ) ) ;
#4628 = CARTESIAN_POINT ( 'NONE',  ( 1625.064383307602800, 1950.905991754513900, -51.92255347054099700 ) ) ;
#4629 = CARTESIAN_POINT ( 'NONE',  ( 1669.711387610819000, 1958.119223965268900, 120.7339465294590900 ) ) ;
#4630 = EDGE_CURVE ( 'NONE', #2168, #1613, #5758, .T. ) ;
#4631 = LINE ( 'NONE', #3939, #1004 ) ;
#4632 = CARTESIAN_POINT ( 'NONE',  ( 1796.839999349615000, 1889.039829437146200, 81.10744637484675900 ) ) ;
#4633 = ORIENTED_EDGE ( 'NONE', *, *, #3426, .F. ) ;
#4634 = CYLINDRICAL_SURFACE ( 'NONE', #2048, 19.80065302243816200 ) ;
#4635 = B_SPLINE_CURVE_WITH_KNOTS ( 'NONE', 3,
 ( #2013, #1322, #634, #6660 ),
 .UNSPECIFIED., .F., .F.,
 ( 4, 4 ),
 ( 0.0000000000000000000, 0.9999999271274626600 ),
 .UNSPECIFIED. ) ;
#4636 = VERTEX_POINT ( 'NONE', #2322 ) ;
#4637 = LINE ( 'NONE', #3944, #6630 ) ;
#4638 = VECTOR ( 'NONE', #5370, 1000.000000000000000 ) ;
#4639 = CARTESIAN_POINT ( 'NONE',  ( 1610.606464494107500, 2046.440908156284000, 120.7339465294590900 ) ) ;
#4640 = ORIENTED_EDGE ( 'NONE', *, *, #182, .F. ) ;
#4641 = CARTESIAN_POINT ( 'NONE',  ( 1725.831601379512700, 2059.999946942325600, 61.79142227176929200 ) ) ;
#4642 = CYLINDRICAL_SURFACE ( 'NONE', #5164, 5.679612662849775600 ) ;
#4643 = CARTESIAN_POINT ( 'NONE',  ( 1698.500534579524800, 1906.498855844674800, -114.5970534705409100 ) ) ;
#4644 = CARTESIAN_POINT ( 'NONE',  ( 1647.082284736554400, 1982.699832439667000, -63.41845359383488300 ) ) ;
#4645 = EDGE_CURVE ( 'NONE', #603, #4521, #3031, .T. ) ;
#4646 = CARTESIAN_POINT ( 'NONE',  ( 1656.658020728310700, 1982.699832439667000, -8.222156837909041700 ) ) ;
#4647 = ORIENTED_EDGE ( 'NONE', *, *, #2685, .F. ) ;
#4648 = ORIENTED_EDGE ( 'NONE', *, *, #1364, .F. ) ;
#4649 = CARTESIAN_POINT ( 'NONE',  ( 1634.298604854328500, 1898.285302704309100, 120.7339465294590900 ) ) ;
#4650 = AXIS2_PLACEMENT_3D ( 'NONE', #6589, #5901, #5224 ) ;
#4651 = CARTESIAN_POINT ( 'NONE',  ( 1591.999999384805700, 2008.099832439667100, -51.92255347054093300 ) ) ;
#4652 = CARTESIAN_POINT ( 'NONE',  ( 1530.211775382885000, 1996.923976301538500, -90.78455347054081400 ) ) ;
#4653 = ORIENTED_EDGE ( 'NONE', *, *, #2755, .F. ) ;
#4654 = CARTESIAN_POINT ( 'NONE',  ( 1575.346036312591900, 1894.526907015587800, 111.2089465294591000 ) ) ;
#4655 = CARTESIAN_POINT ( 'NONE',  ( 1632.853447957273100, 1903.060587802991000, 111.2089465294591300 ) ) ;
#4656 = CARTESIAN_POINT ( 'NONE',  ( 1767.629999349615400, 1904.421002024164900, -45.67211337237531400 ) ) ;
#4657 = CARTESIAN_POINT ( 'NONE',  ( 1590.832046217001600, 1964.441254677976500, 120.7339465294590900 ) ) ;
#4658 = B_SPLINE_CURVE_WITH_KNOTS ( 'NONE', 3,
 ( #179, #4832, #4146, #3450 ),
 .UNSPECIFIED., .F., .F.,
 ( 4, 4 ),
 ( 0.0000000000000000000, 1.000000000000000000 ),
 .UNSPECIFIED. ) ;
#4659 = CARTESIAN_POINT ( 'NONE',  ( 1704.943730349614300, 1890.999832446017100, 87.14744652945916000 ) ) ;
#4660 = CARTESIAN_POINT ( 'NONE',  ( 1552.316756333494100, 1926.779596839759700, -78.40205347054089200 ) ) ;
#4661 = CARTESIAN_POINT ( 'NONE',  ( 1767.629999349615000, 2026.382454498699900, -84.85255371288650400 ) ) ;
#4662 = CARTESIAN_POINT ( 'NONE',  ( 1767.629999349615400, 2015.371905189710800, -65.76417614216124700 ) ) ;
#4663 = EDGE_LOOP ( 'NONE', ( #503, #3826, #4985, #3153 ) ) ;
#4664 = CARTESIAN_POINT ( 'NONE',  ( 1623.775980293553400, 2019.361299985820100, -78.40205347054086400 ) ) ;
#4665 = DIRECTION ( 'NONE',  ( -0.0000000000000000000, 1.000000000000000000, -0.0000000000000000000 ) ) ;
#4666 = CARTESIAN_POINT ( 'NONE',  ( 1660.768916974241200, 2010.878716070999900, 111.2089465294591100 ) ) ;
#4667 = CARTESIAN_POINT ( 'NONE',  ( 1586.320386721956300, 1969.999832439667400, 120.7339465294591000 ) ) ;
#4668 = EDGE_CURVE ( 'NONE', #3225, #1404, #3374, .T. ) ;
#4669 = ORIENTED_EDGE ( 'NONE', *, *, #311, .T. ) ;
#4670 = CARTESIAN_POINT ( 'NONE',  ( 1767.629999349615200, 1992.188428376587100, 77.00883479939517400 ) ) ;
#4671 = CARTESIAN_POINT ( 'NONE',  ( 1767.629999349615000, 1884.999832439666800, -56.23517589492215100 ) ) ;
#4672 = LINE ( 'NONE', #3983, #2729 ) ;
#4673 = DIRECTION ( 'NONE',  ( -0.1950903220777170400, -0.9807852803909796700, 0.0000000000000000000 ) ) ;
#4674 = ORIENTED_EDGE ( 'NONE', *, *, #1965, .T. ) ;
#4675 = VECTOR ( 'NONE', #2678, 1000.000000000000000 ) ;
#4676 = VERTEX_POINT ( 'NONE', #629 ) ;
#4677 = CARTESIAN_POINT ( 'NONE',  ( 1655.366211380626300, 2016.040399170769700, 120.7339465294590900 ) ) ;
#4678 = CARTESIAN_POINT ( 'NONE',  ( 1603.259636482693200, 2049.938286938233400, 120.7339465294591200 ) ) ;
#4679 = ORIENTED_EDGE ( 'NONE', *, *, #3315, .T. ) ;
#4680 = VECTOR ( 'NONE', #3757, 1000.000000000000000 ) ;
#4681 = CARTESIAN_POINT ( 'NONE',  ( 1647.244759384796200, 1982.699832439667300, -56.85265513870668700 ) ) ;
#4682 = B_SPLINE_CURVE_WITH_KNOTS ( 'NONE', 3,
 ( #1502, #808, #120, #6145, #5458, #4776, #4090, #3396, #2704, #2027, #6537, #5851, #5179, #4484, #3786, #3113, #2420, #1731, #1050, #363, #6380, #5695, #5014, #4323, #3633, #2945, #2259, #1573, #885, #195, #6224, #5527, #4850, #4163, #3469, #2781, #2101, #1407, #721, #38, #6057, #5371, #4693, #4001, #3308, #2622, #1938, #1247, #562, #6581, #5894 ),
 .UNSPECIFIED., .F., .F.,
 ( 4, 1, 1, 1, 1, 2, 2, 1, 1, 1, 2, 2, 1, 1, 1, 2, 2, 2, 1, 1, 1, 2, 2, 1, 1, 1, 1, 2, 2, 1, 1, 1, 1, 2, 2, 4 ),
 ( 0.0000000000000000000, 0.06250000000143834900, 0.09375000000217381700, 0.1093750000024924500, 0.1171875000026311700, 0.1210937500027005300, 0.1250000000027699000, 0.1875000000033494600, 0.2187500000036318400, 0.2343750000037348700, 0.2421875000037905200, 0.2500000000038461500, 0.3125000000042192900, 0.3437500000043750600, 0.3593750000044567100, 0.3671875000044624900, 0.3750000000044682600, 0.5000000000037456700, 0.5625000000033981700, 0.5937500000032244200, 0.6093750000031376000, 0.6171875000030727600, 0.6250000000030078200, 0.6875000000022719600, 0.7187500000019472200, 0.7343750000017849100, 0.7421875000016617800, 0.7460937500016001600, 0.7500000000015386600, 0.8125000000010682600, 0.8437500000008451000, 0.8593750000007335200, 0.8671875000007186500, 0.8710937500007431800, 0.8750000000007678300, 1.000000000000000000 ),
 .UNSPECIFIED. ) ;
#4683 = VECTOR ( 'NONE', #4118, 1000.000000000000000 ) ;
#4684 = CARTESIAN_POINT ( 'NONE',  ( 1670.574862660197400, 1949.719857837324300, 120.7339465294590900 ) ) ;
#4685 = PERSON_AND_ORGANIZATION ( #3143, #4345 ) ;
#4686 = ADVANCED_FACE ( 'NONE', ( #3378 ), #2337, .F. ) ;
#4687 = CARTESIAN_POINT ( 'NONE',  ( 1724.563646384539000, 2059.836526044810400, -61.73444801609025500 ) ) ;
#4688 = ORIENTED_EDGE ( 'NONE', *, *, #5608, .F. ) ;
#4689 = EDGE_LOOP ( 'NONE', ( #6060, #5320, #1589, #4844 ) ) ;
#4690 = CARTESIAN_POINT ( 'NONE',  ( 1606.944058545835800, 2045.749206748254400, 111.2089465294591000 ) ) ;
#4691 = AXIS2_PLACEMENT_3D ( 'NONE', #5933, #5258, #4567 ) ;
#4692 = CARTESIAN_POINT ( 'NONE',  ( 1483.449037113249200, 1861.654632172099800, 87.14744652945910300 ) ) ;
#4693 = CARTESIAN_POINT ( 'NONE',  ( 1528.464239327895700, 1926.064051654160900, 120.7339465294591300 ) ) ;
#4694 = PLANE ( 'NONE',  #1913 ) ;
#4695 = ORIENTED_EDGE ( 'NONE', *, *, #3901, .T. ) ;
#4696 = COORDINATED_UNIVERSAL_TIME_OFFSET ( 1, 0, .AHEAD. ) ;
#4697 = CARTESIAN_POINT ( 'NONE',  ( 1552.751617185633400, 2026.404253196246600, -78.40205347054089200 ) ) ;
#4698 = CARTESIAN_POINT ( 'NONE',  ( 1572.628802823012400, 1893.090699874708700, 120.7339465294590900 ) ) ;
#4699 = CARTESIAN_POINT ( 'NONE',  ( 1767.629999349615000, 1889.999820138095600, 1.813913926830463800 ) ) ;
#4700 = VECTOR ( 'NONE', #4673, 1000.000000000000000 ) ;
#4701 = CARTESIAN_POINT ( 'NONE',  ( 1743.499999349615100, 1879.999861042323600, 88.46553252945909700 ) ) ;
#4702 = DIRECTION ( 'NONE',  ( 0.0000000000000000000, -1.000000000000000000, 0.0000000000000000000 ) ) ;
#4703 = CARTESIAN_POINT ( 'NONE',  ( 1535.183005003710200, 1955.284949580066700, -78.40205347054090600 ) ) ;
#4704 = DIRECTION ( 'NONE',  ( -0.1950903220775533600, -0.9807852803910123200, 0.0000000000000000000 ) ) ;
#4705 = CARTESIAN_POINT ( 'NONE',  ( 1767.629999349614800, 1980.633063547908700, -79.14274541990954500 ) ) ;
#4706 = CARTESIAN_POINT ( 'NONE',  ( 1647.071406935547400, 1990.242899010481300, -78.40205347054089200 ) ) ;
#4707 = CARTESIAN_POINT ( 'NONE',  ( 1629.854403436599800, 1974.987049117098600, 28.72244652945911300 ) ) ;
#4708 = CARTESIAN_POINT ( 'NONE',  ( 1647.173390071633500, 1950.036417987192900, -78.40205347054089200 ) ) ;
#4709 = ORIENTED_EDGE ( 'NONE', *, *, #2489, .T. ) ;
#4710 = CARTESIAN_POINT ( 'NONE',  ( 1590.544649912231800, 1975.490130897397400, 120.7339465294591000 ) ) ;
#4711 = CARTESIAN_POINT ( 'NONE',  ( 1767.629999349615000, 2024.074871291064300, 59.10423374092151500 ) ) ;
#4712 = DIRECTION ( 'NONE',  ( -1.000000000000000000, 0.0000000000000000000, 0.0000000000000000000 ) ) ;
#4713 = CARTESIAN_POINT ( 'NONE',  ( 1534.378753190149200, 1981.226980088655400, -78.40205347054086400 ) ) ;
#4714 = CARTESIAN_POINT ( 'NONE',  ( 1647.244759384796200, 1957.299832439667600, -56.85265513870670200 ) ) ;
#4715 = CARTESIAN_POINT ( 'NONE',  ( 1722.628944951962200, 1881.160147080606700, 63.45234976616430300 ) ) ;
#4716 = ORIENTED_EDGE ( 'NONE', *, *, #1619, .T. ) ;
#4717 = CIRCLE ( 'NONE', #2771, 101.8498275435724200 ) ;
#4718 = CARTESIAN_POINT ( 'NONE',  ( 1587.012782707375200, 1932.145428387873600, -51.92255347054099700 ) ) ;
#4719 = CARTESIAN_POINT ( 'NONE',  ( 1722.001330402813400, 1881.785922692288100, -78.71955347054098700 ) ) ;
#4720 = VERTEX_POINT ( 'NONE', #5279 ) ;
#4721 = CARTESIAN_POINT ( 'NONE',  ( 1656.296162879774600, 1982.699832439667300, -48.86706992816323900 ) ) ;
#4722 = CARTESIAN_POINT ( 'NONE',  ( 1767.629999349615000, 1969.999832439667200, 0.1474465294591179000 ) ) ;
#4723 = AXIS2_PLACEMENT_3D ( 'NONE', #6378, #5693, #5012 ) ;
#4724 = CARTESIAN_POINT ( 'NONE',  ( 1743.499999349615100, 1879.999861042323800, -61.49673814588090400 ) ) ;
#4725 = EDGE_LOOP ( 'NONE', ( #114, #119, #4830, #1651, #5252, #1298, #6091 ) ) ;
#4726 = ORIENTED_EDGE ( 'NONE', *, *, #4107, .T. ) ;
#4727 = CARTESIAN_POINT ( 'NONE',  ( 1605.171553865069400, 1920.824586686424300, 28.72244652945909800 ) ) ;
#4728 = CARTESIAN_POINT ( 'NONE',  ( 1626.245535177294400, 1986.883893402287900, -51.92255347054099700 ) ) ;
#4729 = CARTESIAN_POINT ( 'NONE',  ( 1622.987480812727000, 2010.391299819210600, 28.72244652945910200 ) ) ;
#4730 = LINE ( 'NONE', #4043, #4167 ) ;
#4731 = ORIENTED_EDGE ( 'NONE', *, *, #141, .F. ) ;
#4732 = CIRCLE ( 'NONE', #3090, 70.00000000000005700 ) ;
#4733 = ORIENTED_EDGE ( 'NONE', *, *, #1108, .F. ) ;
#4734 = DIRECTION ( 'NONE',  ( 0.1950903220775299400, 0.9807852803910168700, 0.0000000000000000000 ) ) ;
#4735 = FACE_OUTER_BOUND ( 'NONE', #3230, .T. ) ;
#4736 = CARTESIAN_POINT ( 'NONE',  ( 1578.861670194122600, 1893.631416268912300, 120.7339465294591200 ) ) ;
#4737 = CARTESIAN_POINT ( 'NONE',  ( 1767.629999349615000, 1904.124852794382600, 45.54005881213231500 ) ) ;
#4738 = CARTESIAN_POINT ( 'NONE',  ( 1796.839999349615000, 1889.999832592446200, 5.383434275442755100 ) ) ;
#4739 = LINE ( 'NONE', #4052, #6618 ) ;
#4740 = CARTESIAN_POINT ( 'NONE',  ( 1530.097260545232300, 1943.534727419218600, -114.5970534705408100 ) ) ;
#4741 = CARTESIAN_POINT ( 'NONE',  ( 1701.773026927014400, 1906.498855844674400, -114.5970534705409600 ) ) ;
#4742 = CARTESIAN_POINT ( 'NONE',  ( 1550.089439568062500, 2035.026643287463900, 120.7339465294590900 ) ) ;
#4743 = DIRECTION ( 'NONE',  ( 0.0000000000000000000, -0.0000000000000000000, 1.000000000000000000 ) ) ;
#4744 = CARTESIAN_POINT ( 'NONE',  ( 1627.669629519538600, 1923.344612427396700, -78.40205347054089200 ) ) ;
#4745 = CARTESIAN_POINT ( 'NONE',  ( 1597.449405351445600, 1971.600454041307100, 120.7339465294590900 ) ) ;
#4746 = LINE ( 'NONE', #3366, #4675 ) ;
#4747 = APPROVAL ( #3993, 'UNSPECIFIED' ) ;
#4748 = EDGE_CURVE ( 'NONE', #1803, #80, #4594, .T. ) ;
#4749 = CARTESIAN_POINT ( 'NONE',  ( 1767.629999349615700, 2044.547436197203800, 29.17600618456831200 ) ) ;
#4750 = CARTESIAN_POINT ( 'NONE',  ( 1767.629999349615000, 1935.390426613476200, -71.97900495393692200 ) ) ;
#4751 = CARTESIAN_POINT ( 'NONE',  ( 1551.590030985799600, 2012.540090882160000, -78.40205347054089200 ) ) ;
#4752 = CARTESIAN_POINT ( 'NONE',  ( 1743.499999349615100, 1969.999832439667200, 0.1474465294591179000 ) ) ;
#4753 = CARTESIAN_POINT ( 'NONE',  ( 1743.499999349614900, 2035.479694647906900, 87.14744652945910300 ) ) ;
#4754 = ORIENTED_EDGE ( 'NONE', *, *, #4446, .T. ) ;
#4755 = CARTESIAN_POINT ( 'NONE',  ( 1701.773026740104300, 2033.500809244672200, -114.5970534705409600 ) ) ;
#4756 = CARTESIAN_POINT ( 'NONE',  ( 1722.664690671671700, 1881.130613410150100, -63.11598979665564000 ) ) ;
#4757 = ORIENTED_EDGE ( 'NONE', *, *, #3061, .T. ) ;
#4758 = ORIENTED_EDGE ( 'NONE', *, *, #3743, .T. ) ;
#4759 = PRODUCT_DEFINITION_SHAPE ( 'NONE', 'NONE',  #2152 ) ;
#4760 = CARTESIAN_POINT ( 'NONE',  ( 1657.062536398018200, 2011.948581760211900, 120.7339465294591500 ) ) ;
#4761 = CARTESIAN_POINT ( 'NONE',  ( 1613.387914246206500, 2053.176444524324800, 114.0664465294591000 ) ) ;
#4762 = ORIENTED_EDGE ( 'NONE', *, *, #461, .F. ) ;
#4763 = FACE_OUTER_BOUND ( 'NONE', #2021, .T. ) ;
#4764 = CARTESIAN_POINT ( 'NONE',  ( 1536.247897194784200, 1929.759329545693200, -78.40205347054087800 ) ) ;
#4765 = FACE_OUTER_BOUND ( 'NONE', #4663, .T. ) ;
#4766 = CARTESIAN_POINT ( 'NONE',  ( 1667.584376711873300, 1954.136767765182200, 111.2089465294591000 ) ) ;
#4767 = CARTESIAN_POINT ( 'NONE',  ( 1516.458826386286100, 1986.075846300096600, 120.7339465294591000 ) ) ;
#4768 = CARTESIAN_POINT ( 'NONE',  ( 1708.563971119139100, 2037.794496376825700, -90.78455347054082800 ) ) ;
#4769 = EDGE_LOOP ( 'NONE', ( #2799, #3297, #764, #2302 ) ) ;
#4770 = ORIENTED_EDGE ( 'NONE', *, *, #1690, .F. ) ;
#4771 = CARTESIAN_POINT ( 'NONE',  ( 1514.002739626140500, 1981.849273026279900, 111.2089465294591000 ) ) ;
#4772 = AXIS2_PLACEMENT_3D ( 'NONE', #5512, #4145, #3449 ) ;
#4773 = LINE ( 'NONE', #4087, #649 ) ;
#4774 = CARTESIAN_POINT ( 'NONE',  ( 1767.629999349615200, 1929.510443370959800, 69.15564239839672200 ) ) ;
#4775 = ORIENTED_EDGE ( 'NONE', *, *, #3320, .F. ) ;
#4776 = CARTESIAN_POINT ( 'NONE',  ( 1522.209674371779800, 1929.036696329761800, 120.7339465294590900 ) ) ;
#4777 = CARTESIAN_POINT ( 'NONE',  ( 1701.550813276207000, 2033.841665266639000, -78.71955347054094400 ) ) ;
#4778 = VECTOR ( 'NONE', #4554, 999.9999999999998900 ) ;
#4779 = CARTESIAN_POINT ( 'NONE',  ( 1580.636630064851500, 1888.520275061040600, 111.2089465294590800 ) ) ;
#4780 = DIRECTION ( 'NONE',  ( 1.000000000000000000, 0.0000000000000000000, 0.0000000000000000000 ) ) ;
#4781 = CARTESIAN_POINT ( 'NONE',  ( 1591.999999384806000, 1931.899832439667300, -51.92255347054089000 ) ) ;
#4782 = CARTESIAN_POINT ( 'NONE',  ( 1508.850446848601500, 1991.492705980191200, 114.0664465294591000 ) ) ;
#4783 = CARTESIAN_POINT ( 'NONE',  ( 1598.815078437096600, 1911.722810217096800, -78.40205347054089200 ) ) ;
#4784 = PLANE ( 'NONE',  #2756 ) ;
#4785 = CARTESIAN_POINT ( 'NONE',  ( 1489.180799384805800, 1867.180628225917000, 107.3989465294591000 ) ) ;
#4786 = CARTESIAN_POINT ( 'NONE',  ( 1767.629999349615200, 2044.639390516318800, -28.64385132489292100 ) ) ;
#4787 = CARTESIAN_POINT ( 'NONE',  ( 1578.869472670481200, 2027.186388608804700, -78.40205347054089200 ) ) ;
#4788 = CARTESIAN_POINT ( 'NONE',  ( 1594.493638553593000, 1931.899832439667100, -51.92255347054097600 ) ) ;
#4789 = CARTESIAN_POINT ( 'NONE',  ( 1667.861905825238600, 1955.740056293833300, 120.7339465294591200 ) ) ;
#4790 = ADVANCED_FACE ( 'NONE', ( #4247 ), #3721, .F. ) ;
#4791 = LINE ( 'NONE', #4108, #6676 ) ;
#4792 = DIRECTION ( 'NONE',  ( -1.000000000000000000, 0.0000000000000000000, 0.0000000000000000000 ) ) ;
#4793 = VERTEX_POINT ( 'NONE', #471 ) ;
#4794 = EDGE_CURVE ( 'NONE', #1861, #548, #6482, .T. ) ;
#4795 = ORIENTED_EDGE ( 'NONE', *, *, #6364, .F. ) ;
#4796 = CARTESIAN_POINT ( 'NONE',  ( 1549.074743504793300, 2042.929847160006100, 120.7339465294590900 ) ) ;
#4797 = CARTESIAN_POINT ( 'NONE',  ( 1612.656135901324200, 2049.497546352815800, 120.7339465294590900 ) ) ;
#4798 = VERTEX_POINT ( 'NONE', #3730 ) ;
#4799 = DIRECTION ( 'NONE',  ( 1.034179429575650300E-014, -1.000000000000000000, 0.0000000000000000000 ) ) ;
#4800 = VERTEX_POINT ( 'NONE', #3057 ) ;
#4801 = CARTESIAN_POINT ( 'NONE',  ( 1743.499999349615100, 2038.585538644671900, -1.159510470540900500 ) ) ;
#4802 = CARTESIAN_POINT ( 'NONE',  ( 1511.569056971684600, 1981.320958532780700, 120.7339465294590900 ) ) ;
#4803 = CARTESIAN_POINT ( 'NONE',  ( 1578.498092979528100, 1956.498855844675700, -114.5970534705409000 ) ) ;
#4804 = ORIENTED_EDGE ( 'NONE', *, *, #2320, .F. ) ;
#4805 = EDGE_LOOP ( 'NONE', ( #29, #1093, #3965, #5041 ) ) ;
#4806 = CARTESIAN_POINT ( 'NONE',  ( 1640.345790765555000, 1905.850921459262700, 120.7339465294591000 ) ) ;
#4807 = FACE_OUTER_BOUND ( 'NONE', #2665, .T. ) ;
#4808 = CARTESIAN_POINT ( 'NONE',  ( 1743.499999349615100, 1904.519970231427800, -1.159510470540900500 ) ) ;
#4809 = CARTESIAN_POINT ( 'NONE',  ( 1564.492698244086100, 2031.674079447408800, -90.78455347054082800 ) ) ;
#4810 = EDGE_LOOP ( 'NONE', ( #2886, #2011, #2539, #3077, #3073 ) ) ;
#4811 = ADVANCED_FACE ( 'NONE', ( #4948 ), #5288, .T. ) ;
#4812 = CARTESIAN_POINT ( 'NONE',  ( 1707.939999349615200, 1904.189496201275900, 87.14744652945911700 ) ) ;
#4813 = CARTESIAN_POINT ( 'NONE',  ( 1767.629999349615000, 1969.999832439667200, 0.1474465294591179000 ) ) ;
#4814 = FACE_OUTER_BOUND ( 'NONE', #1658, .T. ) ;
#4815 = CARTESIAN_POINT ( 'NONE',  ( 1743.499999349615100, 1969.999832439667200, 0.1474465294591179000 ) ) ;
#4816 = CARTESIAN_POINT ( 'NONE',  ( 1767.629999349615000, 1910.139305434431000, -52.92583805206175600 ) ) ;
#4817 = CARTESIAN_POINT ( 'NONE',  ( 1594.159424133682900, 1964.737881752474600, 120.7339465294590900 ) ) ;
#4818 = CARTESIAN_POINT ( 'NONE',  ( 1615.240610455746700, 1939.706231905010100, 28.72244652945910600 ) ) ;
#4819 = FACE_OUTER_BOUND ( 'NONE', #5306, .T. ) ;
#4820 = CARTESIAN_POINT ( 'NONE',  ( 1559.156216349697800, 1921.360456170821900, -78.40205347054087800 ) ) ;
#4821 = CARTESIAN_POINT ( 'NONE',  ( 1745.966309830435900, 1999.218859387547800, -90.78455347054089900 ) ) ;
#4822 = CARTESIAN_POINT ( 'NONE',  ( 1767.629999349615000, 2023.290743084020300, -59.53462873434426700 ) ) ;
#4823 = EDGE_CURVE ( 'NONE', #1644, #186, #4592, .T. ) ;
#4824 = CARTESIAN_POINT ( 'NONE',  ( 1616.785792690609700, 2023.181657914327600, -78.40205347054087800 ) ) ;
#4825 = DIRECTION ( 'NONE',  ( -1.809814001757388100E-014, -1.000000000000000000, 0.0000000000000000000 ) ) ;
#4826 = CARTESIAN_POINT ( 'NONE',  ( 1528.498092979527700, 1956.498855844675700, -78.40205347054089200 ) ) ;
#4827 = DIRECTION ( 'NONE',  ( 0.0000000000000000000, -2.461359026759083300E-016, -1.000000000000000000 ) ) ;
#4828 = ADVANCED_FACE ( 'NONE', ( #5979 ), #825, .F. ) ;
#4829 = CARTESIAN_POINT ( 'NONE',  ( 1767.629999349615000, 1980.522946740510200, 79.45233446582859900 ) ) ;
#4830 = ORIENTED_EDGE ( 'NONE', *, *, #1349, .F. ) ;
#4831 = CARTESIAN_POINT ( 'NONE',  ( 1523.293874986678900, 1918.470616030513400, 120.7339465294591000 ) ) ;
#4832 = CARTESIAN_POINT ( 'NONE',  ( 1737.610533359581000, 2059.999902140777100, 61.79148768192610700 ) ) ;
#4833 = CARTESIAN_POINT ( 'NONE',  ( 1714.743134294260700, 1888.445024204152300, 72.59766878482204800 ) ) ;
#4834 = EDGE_CURVE ( 'NONE', #1161, #1758, #4791, .T. ) ;
#4835 = CARTESIAN_POINT ( 'NONE',  ( 1508.850446862236800, 1991.492705977478900, 120.7339465294591000 ) ) ;
#4836 = CARTESIAN_POINT ( 'NONE',  ( 1603.806749235776100, 2048.143441434855000, 120.7339465294590900 ) ) ;
#4837 = ORIENTED_EDGE ( 'NONE', *, *, #5573, .T. ) ;
#4838 = CARTESIAN_POINT ( 'NONE',  ( 1722.419423824646400, 2058.667633787760200, 63.69376756337091900 ) ) ;
#4839 = LINE ( 'NONE', #2773, #1433 ) ;
#4840 = APPLICATION_PROTOCOL_DEFINITION ( 'international standard', 'config_control_design', 1994, #4528 ) ;
#4841 = CARTESIAN_POINT ( 'NONE',  ( 1723.488628912101600, 2059.417031222102200, -62.33907196637935800 ) ) ;
#4842 = ORIENTED_EDGE ( 'NONE', *, *, #4556, .T. ) ;
#4843 = EDGE_CURVE ( 'NONE', #2861, #970, #2720, .T. ) ;
#4844 = ORIENTED_EDGE ( 'NONE', *, *, #1088, .F. ) ;
#4845 = CARTESIAN_POINT ( 'NONE',  ( 1707.939999349615200, 1861.715870392918300, 87.14744652945910300 ) ) ;
#4846 = EDGE_CURVE ( 'NONE', #2607, #6495, #6693, .T. ) ;
#4847 = FACE_OUTER_BOUND ( 'NONE', #5523, .T. ) ;
#4848 = CARTESIAN_POINT ( 'NONE',  ( 1556.340532444478600, 2028.442457235851000, -90.78455347054095600 ) ) ;
#4849 = AXIS2_PLACEMENT_3D ( 'NONE', #3525, #2831, #2148 ) ;
#4850 = CARTESIAN_POINT ( 'NONE',  ( 1527.468551776155200, 1927.796516132326600, 120.7339465294590900 ) ) ;
#4851 = CARTESIAN_POINT ( 'NONE',  ( 1767.629999349615000, 2039.999832439667200, 0.0000000000000000000 ) ) ;
#4852 = EDGE_LOOP ( 'NONE', ( #2617, #4258, #564, #5798, #5691, #6002 ) ) ;
#4853 = CARTESIAN_POINT ( 'NONE',  ( 1562.233170552090500, 2030.834068803039400, -78.40205347054089200 ) ) ;
#4854 = CARTESIAN_POINT ( 'NONE',  ( 1571.657143258621100, 1891.611971066515500, 120.7339465294590900 ) ) ;
#4855 = CARTESIAN_POINT ( 'NONE',  ( 1767.629999349615200, 1892.486810826344500, -19.64502692135979300 ) ) ;
#4856 = EDGE_CURVE ( 'NONE', #1607, #2097, #4631, .T. ) ;
#4857 = CARTESIAN_POINT ( 'NONE',  ( 1586.591290794834300, 1968.265631669012200, 120.7339465294590900 ) ) ;
#4858 = LINE ( 'NONE', #4171, #2632 ) ;
#4859 = CARTESIAN_POINT ( 'NONE',  ( 1537.316634470544200, 1948.626362916156700, -78.40205347054087800 ) ) ;
#4860 = CYLINDRICAL_SURFACE ( 'NONE', #4509, 101.6000000000001400 ) ;
#4861 = DIRECTION ( 'NONE',  ( -1.000000000000000000, 0.0000000000000000000, 0.0000000000000000000 ) ) ;
#4862 = CARTESIAN_POINT ( 'NONE',  ( 1767.629999349614800, 1990.468033133870900, -77.21601532622652500 ) ) ;
#4863 = CALENDAR_DATE ( 2013, 29, 7 ) ;
#4864 = CARTESIAN_POINT ( 'NONE',  ( 1643.560737308339400, 1998.002146372034800, -78.40205347054087800 ) ) ;
#4865 = CARTESIAN_POINT ( 'NONE',  ( 1608.884060347427100, 2004.245368232155900, 28.72244652945910900 ) ) ;
#4866 = LINE ( 'NONE', #4177, #3373 ) ;
#4867 = EDGE_LOOP ( 'NONE', ( #5809, #4542, #1689 ) ) ;
#4868 = CARTESIAN_POINT ( 'NONE',  ( 1588.999019314932000, 1974.824065625338600, 120.7339465294590900 ) ) ;
#4869 = CARTESIAN_POINT ( 'NONE',  ( 1767.629999349615000, 2017.543499715095300, 64.48752662905838000 ) ) ;
#4870 = DIRECTION ( 'NONE',  ( -0.0000000000000000000, -0.0000000000000000000, -1.000000000000000000 ) ) ;
#4871 = CARTESIAN_POINT ( 'NONE',  ( 1533.573685983404900, 1975.452643104324800, -78.40205347054089200 ) ) ;
#4872 = CARTESIAN_POINT ( 'NONE',  ( 1551.275933999095100, 2038.659657520012600, 111.2089465294591100 ) ) ;
#4873 = CARTESIAN_POINT ( 'NONE',  ( 1720.428170934178300, 1883.660706136408400, 66.82244652945912800 ) ) ;
#4874 = CARTESIAN_POINT ( 'NONE',  ( 1557.754463592317500, 1953.115771477046800, -51.92255347054099700 ) ) ;
#4875 = DIRECTION ( 'NONE',  ( 0.0000000000000000000, 0.0000000000000000000, -1.000000000000000000 ) ) ;
#4876 = EDGE_LOOP ( 'NONE', ( #2135, #2768, #2238, #6097 ) ) ;
#4877 = ADVANCED_FACE ( 'NONE', ( #5799 ), #665, .T. ) ;
#4878 = CARTESIAN_POINT ( 'NONE',  ( 1655.181240366023500, 1982.699832439666600, -51.83445867938577600 ) ) ;
#4879 = ADVANCED_FACE ( 'NONE', ( #307 ), #509, .F. ) ;
#4880 = CARTESIAN_POINT ( 'NONE',  ( 1642.601006398993100, 1957.299832439667900, -56.85265513870667300 ) ) ;
#4881 = CARTESIAN_POINT ( 'NONE',  ( 1528.691594977655800, 1924.604251920089800, 111.2089465294591100 ) ) ;
#4882 = EDGE_LOOP ( 'NONE', ( #4082, #3038, #3862, #4726, #392, #5731, #428, #56, #4837, #663, #3719, #4004, #2647, #4480, #1205, #4436, #1966, #4596, #4282, #712 ) ) ;
#4883 = ORIENTED_EDGE ( 'NONE', *, *, #2749, .F. ) ;
#4884 = CARTESIAN_POINT ( 'NONE',  ( 1558.430000455305400, 1931.727782400615100, 28.72244652945909800 ) ) ;
#4885 = B_SPLINE_CURVE_WITH_KNOTS ( 'NONE', 3,
 ( #4262, #2882, #2200, #1517, #822, #135, #6165, #5473, #4789, #4106, #3410, #2718, #2043, #1348, #662, #6690, #5999, #5313, #4629, #3936, #3250, #2565, #1875, #1190, #507, #6517, #5829, #5156, #4462, #3765, #3093, #2398, #1711, #1028, #341, #6355, #5678 ),
 .UNSPECIFIED., .F., .F.,
 ( 4, 2, 1, 2, 2, 2, 2, 2, 2, 2, 2, 2, 1, 2, 2, 1, 1, 2, 2, 1, 4 ),
 ( 0.4229294942929613900, 0.4409629475963046100, 0.4589964008996477700, 0.4950633075062874600, 0.5311302141129271600, 0.5491636674162545500, 0.5671971207195818400, 0.6393309339329312800, 0.6753978405396059400, 0.7114647471462807200, 0.7835985603596371500, 0.8196654669663154800, 0.8557323735729935900, 0.8737658268763327500, 0.8827825535280022800, 0.8917992801796719200, 0.9278661867863446900, 0.9368829134380358700, 0.9458996400897272700, 0.9639330933931515900, 1.000000000000000000 ),
 .UNSPECIFIED. ) ;
#4886 = LINE ( 'NONE', #4198, #4 ) ;
#4887 = CARTESIAN_POINT ( 'NONE',  ( 1642.799999384806100, 1969.999832439667400, 28.72244652945910600 ) ) ;
#4888 = LINE ( 'NONE', #4200, #3466 ) ;
#4889 = ORIENTED_EDGE ( 'NONE', *, *, #3505, .T. ) ;
#4890 = CYLINDRICAL_SURFACE ( 'NONE', #2413, 4.999959247251828400 ) ;
#4891 = EDGE_CURVE ( 'NONE', #5623, #1635, #458, .T. ) ;
#4892 = VERTEX_POINT ( 'NONE', #4831 ) ;
#4893 = CARTESIAN_POINT ( 'NONE',  ( 1529.418137846601700, 1993.055845632993600, -78.40205347054089200 ) ) ;
#4894 = CARTESIAN_POINT ( 'NONE',  ( 1577.394296729959700, 1894.350446551709000, 120.7339465294591200 ) ) ;
#4895 = CARTESIAN_POINT ( 'NONE',  ( 1767.629999349614500, 1899.248281404989300, 37.48690641168089100 ) ) ;
#4896 = CARTESIAN_POINT ( 'NONE',  ( 1796.839999349615500, 1921.200649181804700, -63.46116339558948000 ) ) ;
#4897 = CARTESIAN_POINT ( 'NONE',  ( 1695.888142349614800, 1890.957272599953500, 87.14744652945913100 ) ) ;
#4898 = CARTESIAN_POINT ( 'NONE',  ( 1613.143988131245800, 2051.950145133821900, 120.7339465294590900 ) ) ;
#4899 = CARTESIAN_POINT ( 'NONE',  ( 1700.383753934663700, 1913.624509111584500, -78.40205347054087800 ) ) ;
#4900 = CARTESIAN_POINT ( 'NONE',  ( 1551.111951980539300, 2036.954525328109600, 120.7339465294591000 ) ) ;
#4901 = PLANE ( 'NONE',  #2536 ) ;
#4902 = CYLINDRICAL_SURFACE ( 'NONE', #5596, 50.07387748517388800 ) ;
#4903 = CARTESIAN_POINT ( 'NONE',  ( 1633.514999417247700, 1928.520734069900800, -78.40205347054087800 ) ) ;
#4904 = CARTESIAN_POINT ( 'NONE',  ( 1596.528695048086800, 1973.427520274765800, 120.7339465294591000 ) ) ;
#4905 = EDGE_CURVE ( 'NONE', #828, #4976, #2640, .T. ) ;
#4906 = CARTESIAN_POINT ( 'NONE',  ( 1767.629999349615200, 2040.542555895461000, 37.87974543543239000 ) ) ;
#4907 = AXIS2_PLACEMENT_3D ( 'NONE', #1796, #1112, #426 ) ;
#4908 = ORIENTED_EDGE ( 'NONE', *, *, #3954, .F. ) ;
#4909 = CARTESIAN_POINT ( 'NONE',  ( 1767.629999349615200, 1947.811236501962000, -76.71394174037912700 ) ) ;
#4910 = CARTESIAN_POINT ( 'NONE',  ( 1544.178938263545000, 2003.996663518136800, -78.40205347054090600 ) ) ;
#4911 = CARTESIAN_POINT ( 'NONE',  ( 1729.008514688578300, 1916.611149518029600, -90.78455347054092800 ) ) ;
#4912 = CARTESIAN_POINT ( 'NONE',  ( 1540.471263172063300, 2038.706317172315500, 114.0664465294591000 ) ) ;
#4913 = ADVANCED_FACE ( 'NONE', ( #1524 ), #1869, .F. ) ;
#4914 = ORIENTED_EDGE ( 'NONE', *, *, #4094, .F. ) ;
#4915 = CARTESIAN_POINT ( 'NONE',  ( 1741.892114504268400, 2008.558342852454600, -114.5970534705409600 ) ) ;
#4916 = EDGE_CURVE ( 'NONE', #5453, #5087, #1608, .T. ) ;
#4917 = CARTESIAN_POINT ( 'NONE',  ( 1723.524540022871200, 1880.563890019841200, -62.31224169429096100 ) ) ;
#4918 = ORIENTED_EDGE ( 'NONE', *, *, #993, .F. ) ;
#4919 = ORIENTED_EDGE ( 'NONE', *, *, #364, .F. ) ;
#4920 = CARTESIAN_POINT ( 'NONE',  ( 1659.263431232874600, 2010.922097966293200, 120.7339465294590900 ) ) ;
#4921 = PLANE ( 'NONE',  #448 ) ;
#4922 = VERTEX_POINT ( 'NONE', #4671 ) ;
#4923 = EDGE_CURVE ( 'NONE', #3591, #1599, #6166, .T. ) ;
#4924 = CARTESIAN_POINT ( 'NONE',  ( 1531.502845824203000, 1939.418318141819100, -78.40205347054090600 ) ) ;
#4925 = DIRECTION ( 'NONE',  ( -1.000000000000000000, 0.0000000000000000000, 0.0000000000000000000 ) ) ;
#4926 = LINE ( 'NONE', #4233, #2779 ) ;
#4927 = DIRECTION ( 'NONE',  ( 0.0000000000000000000, -1.000000000000000000, 0.0000000000000000000 ) ) ;
#4928 = ORIENTED_EDGE ( 'NONE', *, *, #1767, .T. ) ;
#4929 = ORIENTED_EDGE ( 'NONE', *, *, #3399, .T. ) ;
#4930 = PLANE ( 'NONE',  #5075 ) ;
#4931 = B_SPLINE_CURVE_WITH_KNOTS ( 'NONE', 3,
 ( #4667, #3977, #3286, #2598, #1915, #1227, #542, #6556, #5869, #5195, #4501, #3804, #3131, #2440, #1748, #1067, #381, #6396, #5711, #5033, #4343, #3650, #2964, #2277, #1590, #904, #214, #6241, #5550, #4868, #4178, #3488, #2797, #2118, #1426, #739, #57, #6075, #5389, #4710, #4018, #3327, #2638, #1957, #1267, #579, #6600, #5910, #5233, #4543, #3848, #3168, #2482, #1791, #1107, #421, #6435, #5749, #5074, #4381, #3686, #3006, #2315, #1628, #943, #253, #6277, #5591, #4904, #4216, #3532, #2837, #2156, #1466, #779, #94, #6114, #5430, #4745, #4059, #3365, #2677, #1997 ),
 .UNSPECIFIED., .F., .F.,
 ( 4, 1, 1, 1, 1, 1, 1, 2, 2, 1, 1, 1, 1, 1, 2, 2, 1, 1, 1, 2, 2, 1, 1, 1, 2, 2, 1, 1, 2, 2, 2, 1, 1, 2, 2, 1, 1, 1, 2, 2, 1, 1, 1, 2, 2, 1, 1, 1, 1, 2, 2, 1, 1, 1, 1, 1, 1, 2, 2, 4 ),
 ( 0.0000000000000000000, 0.06250000000020281000, 0.09375000000027855500, 0.1093750000003164300, 0.1171875000003353700, 0.1210937500003132500, 0.1230468750002844100, 0.1240234375003017900, 0.1250000000003191300, 0.1875000000010128800, 0.2187500000013414300, 0.2343750000014990800, 0.2421875000015497300, 0.2460937500015750200, 0.2480468750016159000, 0.2500000000016567900, 0.2812500000019412200, 0.2968750000020962700, 0.3046875000021742100, 0.3085937500021885300, 0.3125000000022029000, 0.3437500000023235300, 0.3593750000024063500, 0.3671875000024339400, 0.3710937500024538100, 0.3750000000024736300, 0.4062500000026944600, 0.4218750000028190200, 0.4296875000028714800, 0.4375000000029239400, 0.5000000000033154600, 0.5312500000035111900, 0.5468750000035944600, 0.5546875000036187700, 0.5625000000036432000, 0.5937500000037407900, 0.6093750000037754200, 0.6171875000037926300, 0.6210937500037945200, 0.6250000000037965200, 0.6562500000036778400, 0.6718750000036093400, 0.6796875000035849100, 0.6835937500035829100, 0.6875000000035809100, 0.7187500000034831000, 0.7343750000034469100, 0.7421875000034042800, 0.7460937500033857400, 0.7480468750033870700, 0.7500000000033884000, 0.8125000000030052600, 0.8437500000028319600, 0.8593750000027189400, 0.8671875000026558800, 0.8710937500026243500, 0.8730468750025892600, 0.8740234375025660600, 0.8750000000025427400, 1.000000000000000000 ),
 .UNSPECIFIED. ) ;
#4932 = EDGE_CURVE ( 'NONE', #6004, #6179, #2601, .T. ) ;
#4933 = CARTESIAN_POINT ( 'NONE',  ( 1796.839999349615300, 1969.999832439667400, 80.14744637668009400 ) ) ;
#4934 = AXIS2_PLACEMENT_3D ( 'NONE', #5271, #4582, #3887 ) ;
#4935 = CARTESIAN_POINT ( 'NONE',  ( 1767.629999349614800, 1921.967318146549100, 64.12306017931631200 ) ) ;
#4936 = ORIENTED_EDGE ( 'NONE', *, *, #1934, .T. ) ;
#4937 = DIRECTION ( 'NONE',  ( -1.000000000000000000, -0.0000000000000000000, -0.0000000000000000000 ) ) ;
#4938 = PLANE ( 'NONE',  #161 ) ;
#4939 = VERTEX_POINT ( 'NONE', #6560 ) ;
#4940 = DIRECTION ( 'NONE',  ( -1.000000000000000000, -0.0000000000000000000, -0.0000000000000000000 ) ) ;
#4941 = VECTOR ( 'NONE', #1543, 1000.000000000000200 ) ;
#4942 = EDGE_CURVE ( 'NONE', #1527, #3352, #5872, .T. ) ;
#4943 = CARTESIAN_POINT ( 'NONE',  ( 1550.474339699356500, 2040.835203429532800, 120.7339465294590900 ) ) ;
#4944 = CARTESIAN_POINT ( 'NONE',  ( 1543.218418415003000, 2034.768166991480700, 120.7339465294591000 ) ) ;
#4945 = CARTESIAN_POINT ( 'NONE',  ( 1613.474518231432100, 1904.519970231427800, 87.14744652945910300 ) ) ;
#4946 = CARTESIAN_POINT ( 'NONE',  ( 1605.481714859149900, 1912.895435910456600, -78.40205347054089200 ) ) ;
#4947 = DIRECTION ( 'NONE',  ( -0.0000000000000000000, -0.0000000000000000000, -1.000000000000000000 ) ) ;
#4948 = FACE_OUTER_BOUND ( 'NONE', #3138, .T. ) ;
#4949 = CARTESIAN_POINT ( 'NONE',  ( 1796.839999349615000, 2022.865972385164700, -60.12349829882828100 ) ) ;
#4950 = CARTESIAN_POINT ( 'NONE',  ( 1767.629999349615000, 2047.713654953851100, -18.84300567080428800 ) ) ;
#4951 = CARTESIAN_POINT ( 'NONE',  ( 1767.629999349614800, 1915.924793585194300, -58.80934067992210900 ) ) ;
#4952 = FACE_OUTER_BOUND ( 'NONE', #4805, .T. ) ;
#4953 = CARTESIAN_POINT ( 'NONE',  ( 1571.091293991137000, 2024.826597148026200, -78.40205347054090600 ) ) ;
#4954 = CARTESIAN_POINT ( 'NONE',  ( 1657.034516048418700, 2019.333446787650000, 111.2089465294591100 ) ) ;
#4955 = DIRECTION ( 'NONE',  ( 2.068358859151300600E-014, -1.000000000000000000, 0.0000000000000000000 ) ) ;
#4956 = ORIENTED_EDGE ( 'NONE', *, *, #747, .F. ) ;
#4957 = CARTESIAN_POINT ( 'NONE',  ( 1703.506803422229000, 1905.600518653838900, -90.78455347054081400 ) ) ;
#4958 = DIRECTION ( 'NONE',  ( 0.0000000000000000000, 0.0000000000000000000, 1.000000000000000000 ) ) ;
#4959 = ORIENTED_EDGE ( 'NONE', *, *, #336, .T. ) ;
#4960 = VERTEX_POINT ( 'NONE', #3809 ) ;
#4961 = CARTESIAN_POINT ( 'NONE',  ( 1528.498092979527700, 1956.498855844675500, -114.5970534705408600 ) ) ;
#4962 = CARTESIAN_POINT ( 'NONE',  ( 1711.220444576453000, 1894.634079827422300, -78.71955347054093000 ) ) ;
#4963 = EDGE_LOOP ( 'NONE', ( #1323, #5808, #338, #6289, #273 ) ) ;
#4964 = EDGE_CURVE ( 'NONE', #1233, #1861, #545, .T. ) ;
#4965 = CARTESIAN_POINT ( 'NONE',  ( 1569.051398102883500, 1907.399177009187000, -78.40205347054087800 ) ) ;
#4966 = EDGE_CURVE ( 'NONE', #3696, #4922, #1496, .T. ) ;
#4967 = DIRECTION ( 'NONE',  ( 0.0000000000000000000, -6.902091949631783900E-017, -1.000000000000000000 ) ) ;
#4968 = CARTESIAN_POINT ( 'NONE',  ( 1513.397435721015700, 1981.627629850798700, 120.7339465294590900 ) ) ;
#4969 = DIRECTION ( 'NONE',  ( 1.000000000000000000, 0.0000000000000000000, 0.0000000000000000000 ) ) ;
#4970 = ORIENTED_EDGE ( 'NONE', *, *, #944, .F. ) ;
#4971 = ORIENTED_EDGE ( 'NONE', *, *, #4748, .T. ) ;
#4972 = CARTESIAN_POINT ( 'NONE',  ( 1636.762463267437400, 1906.716611115011100, 120.7339465294590600 ) ) ;
#4973 = CARTESIAN_POINT ( 'NONE',  ( 1586.320386721956100, 1969.999832439667000, 111.2089465294591000 ) ) ;
#4974 = EDGE_CURVE ( 'NONE', #3913, #5576, #3671, .T. ) ;
#4975 = CARTESIAN_POINT ( 'NONE',  ( 1767.629999349615000, 1959.318023121917600, 79.43110866013604700 ) ) ;
#4976 = VERTEX_POINT ( 'NONE', #1593 ) ;
#4977 = CARTESIAN_POINT ( 'NONE',  ( 1642.601006399121400, 1982.699832439667000, -78.40205347054089200 ) ) ;
#4978 = B_SPLINE_CURVE_WITH_KNOTS ( 'NONE', 3,
 ( #2381, #1697, #1016, #325 ),
 .UNSPECIFIED., .F., .F.,
 ( 4, 4 ),
 ( 0.0000000000000000000, 1.000000000000000000 ),
 .UNSPECIFIED. ) ;
#4979 = DIRECTION ( 'NONE',  ( 1.000000000000000000, -1.017739762824782800E-015, -0.0000000000000000000 ) ) ;
#4980 = EDGE_CURVE ( 'NONE', #1613, #5017, #908, .T. ) ;
#4981 = DIRECTION ( 'NONE',  ( 0.0000000000000000000, 0.0000000000000000000, 1.000000000000000000 ) ) ;
#4982 = CARTESIAN_POINT ( 'NONE',  ( 1595.771992375958700, 1965.753580856306100, 120.7339465294591200 ) ) ;
#4983 = CARTESIAN_POINT ( 'NONE',  ( 1767.629999349615000, 1884.999832439666500, 56.53006895384045500 ) ) ;
#4984 = CARTESIAN_POINT ( 'NONE',  ( 1566.954186011826600, 1916.939962690921000, -78.40205347054090600 ) ) ;
#4985 = ORIENTED_EDGE ( 'NONE', *, *, #4843, .F. ) ;
#4986 = CARTESIAN_POINT ( 'NONE',  ( 1580.808350382171100, 1889.357100333136500, 111.2089465294590800 ) ) ;
#4987 = CARTESIAN_POINT ( 'NONE',  ( 1748.461022105784900, 1985.843250251621200, -90.78455347054089900 ) ) ;
#4988 = FACE_OUTER_BOUND ( 'NONE', #5921, .T. ) ;
#4989 = CARTESIAN_POINT ( 'NONE',  ( 1767.629999349615400, 2030.303220055741600, -52.42158770671063200 ) ) ;
#4990 = CARTESIAN_POINT ( 'NONE',  ( 1610.865957358708300, 2025.558073431159500, -78.40205347054090600 ) ) ;
#4991 = DIRECTION ( 'NONE',  ( -1.000000000000000000, 0.0000000000000000000, 0.0000000000000000000 ) ) ;
#4992 = VECTOR ( 'NONE', #744, 1000.000000000000000 ) ;
#4993 = CARTESIAN_POINT ( 'NONE',  ( 1767.629999349615000, 1884.999832439666500, 56.53006895384045500 ) ) ;
#4994 = CARTESIAN_POINT ( 'NONE',  ( 1555.845914799934500, 1982.276249023266700, -51.92255347054099700 ) ) ;
#4995 = CARTESIAN_POINT ( 'NONE',  ( 1597.679539087088600, 1969.626350524810500, 111.2089465294591300 ) ) ;
#4996 = AXIS2_PLACEMENT_3D ( 'NONE', #5741, #5064, #4373 ) ;
#4997 = CARTESIAN_POINT ( 'NONE',  ( 1747.445365839978600, 1946.237533328510200, -90.78455347054091400 ) ) ;
#4998 = CARTESIAN_POINT ( 'NONE',  ( 1587.456977538464600, 1973.489098777830800, 111.2089465294591100 ) ) ;
#4999 = CARTESIAN_POINT ( 'NONE',  ( 1665.899050852904600, 2013.757367700639600, 114.0664465294590700 ) ) ;
#5000 = VERTEX_POINT ( 'NONE', #5554 ) ;
#5001 = ADVANCED_FACE ( 'NONE', ( #2384 ), #4293, .F. ) ;
#5002 = B_SPLINE_CURVE_WITH_KNOTS ( 'NONE', 3,
 ( #1498, #804, #116, #6140, #5454, #4771, #4085, #3390, #2700, #2022 ),
 .UNSPECIFIED., .F., .F.,
 ( 4, 2, 2, 2, 4 ),
 ( 0.0000000000000000000, 0.2500000000000000000, 0.5000000000000000000, 0.7500000000000000000, 1.000000000000000000 ),
 .UNSPECIFIED. ) ;
#5003 = DIRECTION ( 'NONE',  ( 0.7071062811856051500, -0.0000000000000000000, 0.7071072811871363900 ) ) ;
#5004 = CARTESIAN_POINT ( 'NONE',  ( 1605.618232651020700, 2046.298663697992200, 120.7339465294590900 ) ) ;
#5005 = VERTEX_POINT ( 'NONE', #3492 ) ;
#5006 = CARTESIAN_POINT ( 'NONE',  ( 1723.512557966035000, 2059.429640899120800, 62.61591688692483600 ) ) ;
#5007 = DIRECTION ( 'NONE',  ( 0.0000000000000000000, 0.0000000000000000000, -1.000000000000000000 ) ) ;
#5008 = CARTESIAN_POINT ( 'NONE',  ( 0.0000000000000000000, 0.0000000000000000000, 0.0000000000000000000 ) ) ;
#5009 = CARTESIAN_POINT ( 'NONE',  ( 1722.628990996507600, 2058.839661982419800, -63.15725436487635800 ) ) ;
#5010 = VERTEX_POINT ( 'NONE', #2801 ) ;
#5011 = ORIENTED_EDGE ( 'NONE', *, *, #4843, .T. ) ;
#5012 = DIRECTION ( 'NONE',  ( 0.8314696123373537300, 0.5555702329675075200, 0.0000000000000000000 ) ) ;
#5013 = CARTESIAN_POINT ( 'NONE',  ( 1528.820397323144300, 1990.045712830560900, -90.78455347054089900 ) ) ;
#5014 = CARTESIAN_POINT ( 'NONE',  ( 1524.820252269791100, 1929.277654272803100, 120.7339465294590900 ) ) ;
#5015 = EDGE_CURVE ( 'NONE', #4960, #6180, #2121, .T. ) ;
#5016 = DIRECTION ( 'NONE',  ( -0.0000000000000000000, -0.0000000000000000000, -1.000000000000000000 ) ) ;
#5017 = VERTEX_POINT ( 'NONE', #6079 ) ;
#5018 = CARTESIAN_POINT ( 'NONE',  ( 1571.979649324961000, 2033.138849520140600, -78.40205347054089200 ) ) ;
#5019 = ADVANCED_FACE ( 'NONE', ( #4467 ), #4642, .F. ) ;
#5020 = DIRECTION ( 'NONE',  ( 0.0000000000000000000, 0.0000000000000000000, 1.000000000000000000 ) ) ;
#5021 = CARTESIAN_POINT ( 'NONE',  ( 1767.629999349614800, 1895.506108423074000, -29.01909984570010800 ) ) ;
#5022 = CARTESIAN_POINT ( 'NONE',  ( 1587.672441224101500, 1966.319068938173400, 120.7339465294591000 ) ) ;
#5023 = CARTESIAN_POINT ( 'NONE',  ( 1523.293874858462500, 1918.470615944841900, 111.2089465294591000 ) ) ;
#5024 = B_SPLINE_CURVE_WITH_KNOTS ( 'NONE', 3,
 ( #4095, #3400, #2709, #2031, #1338, #650, #6677, #5988, #5301, #4619, #3922, #3240, #2553, #1864, #1178, #495, #6507, #5816, #5145, #4452 ),
 .UNSPECIFIED., .F., .F.,
 ( 4, 1, 1, 1, 2, 2, 2, 1, 1, 1, 2, 2, 4 ),
 ( 0.0000000000000000000, 0.1250000000002732300, 0.1875000000003604900, 0.2187500000003813900, 0.2343750000003701200, 0.2500000000003588800, 0.4999999999997690200, 0.6249999999994362300, 0.6874999999992698100, 0.7187499999992116300, 0.7343749999992100800, 0.7499999999992086300, 1.000000000000000000 ),
 .UNSPECIFIED. ) ;
#5025 = CARTESIAN_POINT ( 'NONE',  ( 1540.287709115427600, 1942.253667467135300, -78.40205347054092000 ) ) ;
#5026 = CARTESIAN_POINT ( 'NONE',  ( 1720.185174030313400, 2056.048947899139900, 66.82244652945908600 ) ) ;
#5027 = VECTOR ( 'NONE', #5904, 1000.000000000000000 ) ;
#5028 = CARTESIAN_POINT ( 'NONE',  ( 1767.629999349615200, 1999.904391067835600, -74.11412010114213400 ) ) ;
#5029 = CARTESIAN_POINT ( 'NONE',  ( 1638.373332576315500, 2005.946353558008500, -78.40205347054089200 ) ) ;
#5030 = CARTESIAN_POINT ( 'NONE',  ( 1695.888142349613900, 1890.957272599953500, 66.82244652945910000 ) ) ;
#5031 = CARTESIAN_POINT ( 'NONE',  ( 1671.412850007394100, 1949.471781812096000, 111.2089465294590800 ) ) ;
#5032 = VERTEX_POINT ( 'NONE', #4020 ) ;
#5033 = CARTESIAN_POINT ( 'NONE',  ( 1587.448845395832200, 1973.397645770378600, 120.7339465294591000 ) ) ;
#5034 = VECTOR ( 'NONE', #1360, 1000.000000000000000 ) ;
#5035 = EDGE_CURVE ( 'NONE', #1661, #4359, #3330, .T. ) ;
#5036 = CARTESIAN_POINT ( 'NONE',  ( 1767.629999349615000, 2010.617605886577600, 69.07032658441315200 ) ) ;
#5037 = CARTESIAN_POINT ( 'NONE',  ( 1767.629999349615000, 1884.999832439666800, -56.23517589492215100 ) ) ;
#5038 = AXIS2_PLACEMENT_3D ( 'NONE', #1129, #443, #6457 ) ;
#5039 = CARTESIAN_POINT ( 'NONE',  ( 1545.666219048994000, 2033.484648944392600, 111.2089465294591000 ) ) ;
#5040 = CARTESIAN_POINT ( 'NONE',  ( 1516.458826386286300, 1986.620628719921600, 111.2089465294591100 ) ) ;
#5041 = ORIENTED_EDGE ( 'NONE', *, *, #726, .F. ) ;
#5042 = EDGE_CURVE ( 'NONE', #6226, #3517, #582, .T. ) ;
#5043 = CC_DESIGN_APPROVAL ( #6285, ( #2152 ) ) ;
#5044 = CARTESIAN_POINT ( 'NONE',  ( 1657.594244768993600, 2019.650746307094300, 120.7339465294591200 ) ) ;
#5045 = CARTESIAN_POINT ( 'NONE',  ( 1635.622943240282200, 1995.190972916946100, -53.00205347054088600 ) ) ;
#5046 = ORIENTED_EDGE ( 'NONE', *, *, #1943, .F. ) ;
#5047 = CARTESIAN_POINT ( 'NONE',  ( 1652.238971633213400, 1982.699832439667300, -55.05788952342626900 ) ) ;
#5048 = B_SPLINE_CURVE_WITH_KNOTS ( 'NONE', 3,
 ( #200, #6228, #5536, #4854, #4168, #3475, #2786, #2106, #1412, #727, #44, #6062, #5375, #4698, #4007, #3313, #2626, #1944, #1254, #567, #6587, #5899, #5222, #4531, #3835, #3156, #2470, #1777, #1095, #412, #6425, #5739, #5062, #4370, #3675, #2994, #2305, #1616, #934, #244, #6266, #5578, #4894, #4206, #3522, #2828, #2145, #1457, #767, #82, #6103, #5416, #4736, #4048, #3356, #2667, #1986, #1292, #608, #6631, #5938, #5262, #4572, #3875, #3195, #2508, #1820, #1135, #450, #6462, #5775, #5103, #4406, #3709, #3034, #2338, #1656, #972 ),
 .UNSPECIFIED., .F., .F.,
 ( 4, 1, 1, 1, 1, 1, 2, 2, 1, 1, 1, 1, 1, 2, 2, 1, 1, 1, 2, 2, 1, 1, 2, 2, 1, 2, 2, 2, 1, 1, 2, 2, 1, 1, 2, 2, 1, 1, 1, 2, 2, 1, 1, 1, 1, 2, 2, 1, 1, 1, 1, 1, 2, 2, 4 ),
 ( 0.0000000000000000000, 0.06249999999975482100, 0.09374999999961286500, 0.1093749999995129700, 0.1171874999994913900, 0.1210937499994806100, 0.1230468749994752300, 0.1249999999994698400, 0.1874999999998601400, 0.2187500000000553200, 0.2343750000001528800, 0.2421875000002013100, 0.2460937500002255400, 0.2480468750002384500, 0.2500000000002513500, 0.2812500000004984300, 0.2968750000006355500, 0.3046875000007041600, 0.3085937500007571200, 0.3125000000008100700, 0.3437500000011142200, 0.3593750000012662600, 0.3671875000013423200, 0.3750000000014183100, 0.4062500000017359400, 0.4218750000018994800, 0.4375000000020630200, 0.5000000000026885200, 0.5312500000030031500, 0.5468750000031645800, 0.5546875000032317500, 0.5625000000032989200, 0.5937500000036051200, 0.6093750000037666500, 0.6171875000038474800, 0.6250000000039283000, 0.6562500000042729200, 0.6718750000044452200, 0.6796875000045289300, 0.6835937500045724500, 0.6875000000046159700, 0.7187500000047770700, 0.7343750000048576700, 0.7421875000049155100, 0.7460937500049309400, 0.7480468750049565900, 0.7500000000049821300, 0.8125000000041577900, 0.8437500000037224700, 0.8593750000035196300, 0.8671875000034020600, 0.8710937500033191200, 0.8730468750033091300, 0.8750000000032991400, 1.000000000000000000 ),
 .UNSPECIFIED. ) ;
#5049 = CARTESIAN_POINT ( 'NONE',  ( 1667.628340046443100, 1953.476895203527000, 120.7339465294591000 ) ) ;
#5050 = CARTESIAN_POINT ( 'NONE',  ( 1525.394987753556500, 1929.151275655600600, 111.2089465294591000 ) ) ;
#5051 = ORIENTED_EDGE ( 'NONE', *, *, #6564, .T. ) ;
#5052 = ADVANCED_FACE ( 'NONE', ( #4814 ), #5330, .T. ) ;
#5053 = ORIENTED_EDGE ( 'NONE', *, *, #802, .F. ) ;
#5054 = DIRECTION ( 'NONE',  ( 0.9999999999999998900, -1.268686778034173400E-008, 0.0000000000000000000 ) ) ;
#5055 = EDGE_CURVE ( 'NONE', #3411, #6226, #6146, .T. ) ;
#5056 = DIRECTION ( 'NONE',  ( 0.0000000000000000000, 0.0000000000000000000, 1.000000000000000000 ) ) ;
#5057 = PLANE ( 'NONE',  #5849 ) ;
#5058 = CARTESIAN_POINT ( 'NONE',  ( 1582.121333524608400, 2006.881266754599200, 28.72244652945910600 ) ) ;
#5059 = ORIENTED_EDGE ( 'NONE', *, *, #5015, .F. ) ;
#5060 = ORIENTED_EDGE ( 'NONE', *, *, #6415, .F. ) ;
#5061 = CARTESIAN_POINT ( 'NONE',  ( 1532.308457887485500, 2002.660295563666100, -78.40205347054089200 ) ) ;
#5062 = CARTESIAN_POINT ( 'NONE',  ( 1574.596869475181200, 1894.318847354690200, 120.7339465294590900 ) ) ;
#5063 = CARTESIAN_POINT ( 'NONE',  ( 1767.629999349615200, 1895.178251690677400, 28.46359410447355700 ) ) ;
#5064 = DIRECTION ( 'NONE',  ( -0.0000000000000000000, 0.0000000000000000000, -1.000000000000000000 ) ) ;
#5065 = DIRECTION ( 'NONE',  ( -0.0000000000000000000, -9.106159978880845300E-017, -1.000000000000000000 ) ) ;
#5066 = ORIENTED_EDGE ( 'NONE', *, *, #5334, .F. ) ;
#5067 = CARTESIAN_POINT ( 'NONE',  ( 1738.841316725933900, 2013.407117177155400, -90.78455347054092800 ) ) ;
#5068 = EDGE_CURVE ( 'NONE', #80, #4184, #5630, .T. ) ;
#5069 = AXIS2_PLACEMENT_3D ( 'NONE', #2844, #2162, #1475 ) ;
#5070 = CARTESIAN_POINT ( 'NONE',  ( 1546.818722495916100, 1947.724128009649600, -53.00205347054087900 ) ) ;
#5071 = DIRECTION ( 'NONE',  ( 0.1950903220779146000, 0.9807852803909403700, 0.0000000000000000000 ) ) ;
#5072 = PLANE ( 'NONE',  #2344 ) ;
#5073 = CARTESIAN_POINT ( 'NONE',  ( 1639.247464780157800, 1935.206165186034500, -78.40205347054090600 ) ) ;
#5074 = CARTESIAN_POINT ( 'NONE',  ( 1595.590239657008200, 1974.401359281572900, 120.7339465294590800 ) ) ;
#5075 = AXIS2_PLACEMENT_3D ( 'NONE', #4237, #3557, #2863 ) ;
#5076 = EDGE_CURVE ( 'NONE', #1916, #2361, #1209, .T. ) ;
#5077 = CARTESIAN_POINT ( 'NONE',  ( 1767.629999349615400, 2035.658599261265200, 45.85224228989594100 ) ) ;
#5078 = CARTESIAN_POINT ( 'NONE',  ( 1767.629999349615400, 1959.476718138851100, -79.15744140691039400 ) ) ;
#5079 = CARTESIAN_POINT ( 'NONE',  ( 1538.911421886721700, 1994.984654572278700, -78.40205347054089200 ) ) ;
#5080 = DIRECTION ( 'NONE',  ( -0.0000000000000000000, -9.106159978880845300E-017, -1.000000000000000000 ) ) ;
#5081 = VECTOR ( 'NONE', #6327, 1000.000000000000000 ) ;
#5082 = CARTESIAN_POINT ( 'NONE',  ( 1724.553308728159900, 1880.165997782515900, 62.03349129069462700 ) ) ;
#5083 = ORIENTED_EDGE ( 'NONE', *, *, #6018, .F. ) ;
#5084 = CARTESIAN_POINT ( 'NONE',  ( 1660.614045597815200, 2021.651592935113700, 111.2089465294591000 ) ) ;
#5085 = CARTESIAN_POINT ( 'NONE',  ( 1724.624145037362000, 1880.147814502433400, -61.71219509049208100 ) ) ;
#5086 = ORIENTED_EDGE ( 'NONE', *, *, #6345, .T. ) ;
#5087 = VERTEX_POINT ( 'NONE', #5852 ) ;
#5088 = CIRCLE ( 'NONE', #5380, 85.88242951849922200 ) ;
#5089 = CARTESIAN_POINT ( 'NONE',  ( 1591.254881713896100, 1964.320292557047700, 111.2089465294591000 ) ) ;
#5090 = FACE_OUTER_BOUND ( 'NONE', #4301, .T. ) ;
#5091 = EDGE_CURVE ( 'NONE', #6252, #839, #70, .T. ) ;
#5092 = CARTESIAN_POINT ( 'NONE',  ( 1661.255124824171200, 2010.992066372357600, 120.7339465294591200 ) ) ;
#5093 = CARTESIAN_POINT ( 'NONE',  ( 1548.374945287054700, 2043.977169205518700, 111.2089465294591000 ) ) ;
#5094 = EDGE_LOOP ( 'NONE', ( #6144, #5452, #551, #1495 ) ) ;
#5095 = CARTESIAN_POINT ( 'NONE',  ( 1529.104626824141900, 1948.717596488570500, -78.40205347054089200 ) ) ;
#5096 = DIRECTION ( 'NONE',  ( 0.0000000000000000000, 0.0000000000000000000, 1.000000000000000000 ) ) ;
#5097 = CARTESIAN_POINT ( 'NONE',  ( 1543.794553271644000, 1986.368387884467200, 28.72244652945911300 ) ) ;
#5098 = LINE ( 'NONE', #4402, #5718 ) ;
#5099 = VERTEX_POINT ( 'NONE', #3114 ) ;
#5100 = ORIENTED_EDGE ( 'NONE', *, *, #1284, .F. ) ;
#5101 = CARTESIAN_POINT ( 'NONE',  ( 1673.607642652379800, 1958.721326410273800, 120.7339465294590900 ) ) ;
#5102 = CIRCLE ( 'NONE', #1293, 85.88242951849922200 ) ;
#5103 = CARTESIAN_POINT ( 'NONE',  ( 1580.608222036527900, 1891.152845714513700, 120.7339465294590900 ) ) ;
#5104 = CARTESIAN_POINT ( 'NONE',  ( 1767.629999349615000, 1915.639047565202200, 58.84077620586368300 ) ) ;
#5105 = LINE ( 'NONE', #4408, #6372 ) ;
#5106 = CARTESIAN_POINT ( 'NONE',  ( 1743.499999349615100, 1913.617210380635000, -84.85255371288654700 ) ) ;
#5107 = ORIENTED_EDGE ( 'NONE', *, *, #5665, .T. ) ;
#5108 = PLANE ( 'NONE',  #6235 ) ;
#5109 = CARTESIAN_POINT ( 'NONE',  ( 1720.964453905664400, 2056.978116940111700, 65.99478458247116900 ) ) ;
#5110 = CARTESIAN_POINT ( 'NONE',  ( 1544.782316045837400, 2033.760598629235100, 120.7339465294590900 ) ) ;
#5111 = CARTESIAN_POINT ( 'NONE',  ( 1578.966746226585400, 2018.658738112501600, -53.00205347054089300 ) ) ;
#5112 = CARTESIAN_POINT ( 'NONE',  ( 1612.813036602519800, 1915.137058473187400, -78.40205347054087800 ) ) ;
#5113 = CARTESIAN_POINT ( 'NONE',  ( 1714.253613946838200, 2051.233737910080000, 72.96195936523815800 ) ) ;
#5114 = CARTESIAN_POINT ( 'NONE',  ( 1796.839999349615500, 2049.484145257518800, 10.61929255131124300 ) ) ;
#5115 = ADVANCED_FACE ( 'NONE', ( #178 ), #3787, .T. ) ;
#5116 = CARTESIAN_POINT ( 'NONE',  ( 1767.629999349615200, 2049.922033073715700, -4.014007636505808400 ) ) ;
#5117 = CARTESIAN_POINT ( 'NONE',  ( 1767.629999349615000, 1922.456165154264000, -64.19263356224222200 ) ) ;
#5118 = CARTESIAN_POINT ( 'NONE',  ( 1562.230394524047100, 2020.571811058143100, -78.40205347054092000 ) ) ;
#5119 = CARTESIAN_POINT ( 'NONE',  ( 1668.879567667968800, 1957.479718284461300, 111.2089465294591100 ) ) ;
#5120 = CARTESIAN_POINT ( 'NONE',  ( 1707.939999349615200, 1969.999832439667200, 0.1474465294591179000 ) ) ;
#5121 = AXIS2_PLACEMENT_3D ( 'NONE', #4330, #3637, #2950 ) ;
#5122 = CIRCLE ( 'NONE', #2561, 101.6000000000001400 ) ;
#5123 = ORIENTED_EDGE ( 'NONE', *, *, #5911, .F. ) ;
#5124 = DIRECTION ( 'NONE',  ( 0.0000000000000000000, 0.0000000000000000000, 1.000000000000000000 ) ) ;
#5125 = CARTESIAN_POINT ( 'NONE',  ( 1591.999999384806000, 1884.117402921167900, 120.7339465294590900 ) ) ;
#5126 = EDGE_LOOP ( 'NONE', ( #6667, #1154, #5617, #6684, #6085, #2506, #2966, #6089 ) ) ;
#5127 = ORIENTED_EDGE ( 'NONE', *, *, #1284, .T. ) ;
#5128 = CARTESIAN_POINT ( 'NONE',  ( 1655.351579977646000, 2015.386244651505200, 120.7339465294590300 ) ) ;
#5129 = DIRECTION ( 'NONE',  ( 0.0000000000000000000, 0.0000000000000000000, 1.000000000000000000 ) ) ;
#5130 = ORIENTED_EDGE ( 'NONE', *, *, #818, .T. ) ;
#5131 = CARTESIAN_POINT ( 'NONE',  ( 1559.408100797639700, 1910.285723952293700, -78.40205347054090600 ) ) ;
#5132 = CARTESIAN_POINT ( 'NONE',  ( 1720.428141336798700, 2056.338958675019500, 66.82244658802655100 ) ) ;
#5133 = CARTESIAN_POINT ( 'NONE',  ( 1515.478635434001000, 1983.183478765547300, 120.7339465294590900 ) ) ;
#5134 = CIRCLE ( 'NONE', #787, 19.99999926449591600 ) ;
#5135 = CARTESIAN_POINT ( 'NONE',  ( 1649.283053388586000, 1957.299832439667600, -78.40205347054089200 ) ) ;
#5136 = EDGE_LOOP ( 'NONE', ( #6306, #2817, #1274, #1453 ) ) ;
#5137 = EDGE_LOOP ( 'NONE', ( #4603, #3071, #5333, #65 ) ) ;
#5138 = B_SPLINE_CURVE_WITH_KNOTS ( 'NONE', 3,
 ( #1932, #2455, #1763, #1083, #397, #6413, #5729, #5050, #4358, #3662, #2979, #2292, #1605, #921, #233, #6256, #5566, #4881 ),
 .UNSPECIFIED., .F., .F.,
 ( 4, 2, 2, 2, 2, 2, 2, 2, 4 ),
 ( 0.0000000000000000000, 0.1250000000000000000, 0.2500000000000000000, 0.3750000000000000000, 0.5000000000000000000, 0.6250000000000000000, 0.7500000000000000000, 0.8750000000000000000, 1.000000000000000000 ),
 .UNSPECIFIED. ) ;
#5139 = CARTESIAN_POINT ( 'NONE',  ( 1633.632112323746900, 1904.755488099159500, 120.7339465294590600 ) ) ;
#5140 = CARTESIAN_POINT ( 'NONE',  ( 1605.033252543026900, 1921.340926766833000, -53.00205347054087900 ) ) ;
#5141 = CARTESIAN_POINT ( 'NONE',  ( 1767.629999349614800, 1947.565788419990700, 76.93751040723508100 ) ) ;
#5142 = ORIENTED_EDGE ( 'NONE', *, *, #1349, .T. ) ;
#5143 = DIRECTION ( 'NONE',  ( 0.0000000000000000000, 0.0000000000000000000, -1.000000000000000000 ) ) ;
#5144 = CARTESIAN_POINT ( 'NONE',  ( 1527.412447846980500, 1921.358447660137700, 120.7339465294590900 ) ) ;
#5145 = CARTESIAN_POINT ( 'NONE',  ( 1516.458599347503900, 1986.609921017334500, 120.7339465294591200 ) ) ;
#5146 = CARTESIAN_POINT ( 'NONE',  ( 1596.632587338914800, 1966.713384079194600, 120.7339465294591000 ) ) ;
#5147 = DIRECTION ( 'NONE',  ( -0.0000000000000000000, -0.0000000000000000000, -1.000000000000000000 ) ) ;
#5148 = CARTESIAN_POINT ( 'NONE',  ( 1573.376499162285900, 1914.359719071964000, -78.40205347054087800 ) ) ;
#5149 = VERTEX_POINT ( 'NONE', #365 ) ;
#5150 = LINE ( 'NONE', #4456, #4680 ) ;
#5151 = DIRECTION ( 'NONE',  ( -0.6427873377315069800, -0.7660446713162630800, 0.0000000000000000000 ) ) ;
#5152 = AXIS2_PLACEMENT_3D ( 'NONE', #654, #6685, #5992 ) ;
#5153 = CARTESIAN_POINT ( 'NONE',  ( 1767.629999349614800, 2035.819940495835000, -45.32469427705402900 ) ) ;
#5154 = CARTESIAN_POINT ( 'NONE',  ( 1604.112738570406000, 2027.411044437064000, -78.40205347054089200 ) ) ;
#5155 = CARTESIAN_POINT ( 'NONE',  ( 1767.629999349615200, 2037.323308057604900, 77.07375509080888800 ) ) ;
#5156 = CARTESIAN_POINT ( 'NONE',  ( 1671.955493123965400, 1958.877763704710100, 120.7339465294590900 ) ) ;
#5157 = CARTESIAN_POINT ( 'NONE',  ( 1582.121333524608000, 2006.881266754599200, -51.92255347054095400 ) ) ;
#5158 = AXIS2_PLACEMENT_3D ( 'NONE', #655, #6686, #5993 ) ;
#5159 = ORIENTED_EDGE ( 'NONE', *, *, #3928, .T. ) ;
#5160 = EDGE_CURVE ( 'NONE', #591, #1733, #6381, .T. ) ;
#5161 = DIRECTION ( 'NONE',  ( 0.0000000000000000000, 0.0000000000000000000, -1.000000000000000000 ) ) ;
#5162 = CARTESIAN_POINT ( 'NONE',  ( 1596.962200331662000, 1972.861752920448500, 111.2089465294590800 ) ) ;
#5163 = CARTESIAN_POINT ( 'NONE',  ( 1677.045253938580100, 1958.037543010981400, 120.7339465294591000 ) ) ;
#5164 = AXIS2_PLACEMENT_3D ( 'NONE', #61, #5392, #4712 ) ;
#5165 = CARTESIAN_POINT ( 'NONE',  ( 1707.077523958355000, 1903.622315865052100, -78.71955347054093000 ) ) ;
#5166 = CARTESIAN_POINT ( 'NONE',  ( 1608.742211116287100, 2045.728618281189700, 120.7339465294590900 ) ) ;
#5167 = ORIENTED_EDGE ( 'NONE', *, *, #3833, .F. ) ;
#5168 = VERTEX_POINT ( 'NONE', #3634 ) ;
#5169 = CARTESIAN_POINT ( 'NONE',  ( 1724.598334528692000, 2059.845487249121100, 62.01632966631931500 ) ) ;
#5170 = AXIS2_PLACEMENT_3D ( 'NONE', #4533, #414, #6427 ) ;
#5171 = DIRECTION ( 'NONE',  ( -0.0000000000000000000, 0.0000000000000000000, -1.000000000000000000 ) ) ;
#5172 =( NAMED_UNIT ( * ) PLANE_ANGLE_UNIT ( ) SI_UNIT ( $, .RADIAN. ) );
#5173 = CARTESIAN_POINT ( 'NONE',  ( 1658.150686862058600, 1982.699832439666800, -4.490636201356406500 ) ) ;
#5174 = EDGE_LOOP ( 'NONE', ( #462, #6170 ) ) ;
#5175 = ORIENTED_EDGE ( 'NONE', *, *, #2827, .T. ) ;
#5176 = CARTESIAN_POINT ( 'NONE',  ( 1591.999999384806000, 1969.999832439667200, 111.2089465294591100 ) ) ;
#5177 = EDGE_CURVE ( 'NONE', #2990, #2607, #2137, .T. ) ;
#5178 = DIRECTION ( 'NONE',  ( 0.0000000000000000000, 1.000000000000000000, 0.0000000000000000000 ) ) ;
#5179 = CARTESIAN_POINT ( 'NONE',  ( 1523.318841379155400, 1929.321054124382000, 120.7339465294590900 ) ) ;
#5180 = DIRECTION ( 'NONE',  ( 0.0000000000000000000, 0.0000000000000000000, 1.000000000000000000 ) ) ;
#5181 = ORIENTED_EDGE ( 'NONE', *, *, #1306, .T. ) ;
#5182 = CARTESIAN_POINT ( 'NONE',  ( 1580.808449837752500, 1890.370839757107200, 111.2089465294591300 ) ) ;
#5183 = CARTESIAN_POINT ( 'NONE',  ( 1638.377002319005000, 1906.727965114450600, 111.2089465294591000 ) ) ;
#5184 = VERTEX_POINT ( 'NONE', #886 ) ;
#5185 = CARTESIAN_POINT ( 'NONE',  ( 1767.629999349615000, 1899.571279220773900, -37.79771289345104900 ) ) ;
#5186 = CARTESIAN_POINT ( 'NONE',  ( 1589.351082307477100, 1964.975697425154700, 120.7339465294590800 ) ) ;
#5187 = CARTESIAN_POINT ( 'NONE',  ( 1743.499999349615100, 1879.999861042323800, -90.78455347054089900 ) ) ;
#5188 = CARTESIAN_POINT ( 'NONE',  ( 1545.192919973906300, 1934.614141329684800, -78.40205347054089200 ) ) ;
#5189 = CARTESIAN_POINT ( 'NONE',  ( 1767.629999349615200, 1969.999832439667200, 70.00000000000005700 ) ) ;
#5190 = CARTESIAN_POINT ( 'NONE',  ( 1767.629999349615200, 2008.888137529865200, -69.78370189623268500 ) ) ;
#5191 = CARTESIAN_POINT ( 'NONE',  ( 1631.266022726380900, 2013.598202535574000, -78.40205347054093500 ) ) ;
#5192 = CARTESIAN_POINT ( 'NONE',  ( 1643.652239563764900, 1901.386147328786100, 111.2089465294591000 ) ) ;
#5193 = CARTESIAN_POINT ( 'NONE',  ( 1655.808264708337400, 2013.530239951323400, 111.2089465294591000 ) ) ;
#5194 = EDGE_LOOP ( 'NONE', ( #6324, #3906, #4653, #6563, #4757, #2372, #485, #5142, #4346 ) ) ;
#5195 = CARTESIAN_POINT ( 'NONE',  ( 1586.545212414320100, 1971.582015992590200, 120.7339465294591000 ) ) ;
#5196 = EDGE_CURVE ( 'NONE', #2634, #3339, #1574, .T. ) ;
#5197 = EDGE_LOOP ( 'NONE', ( #4083, #2007, #74, #6414, #1501, #6280 ) ) ;
#5198 = CARTESIAN_POINT ( 'NONE',  ( 1767.629999349615000, 2004.161519259069300, 72.48778165649862600 ) ) ;
#5199 = CARTESIAN_POINT ( 'NONE',  ( 1655.351626390340700, 2015.608362138752700, 111.2089465294590800 ) ) ;
#5200 = CARTESIAN_POINT ( 'NONE',  ( 1551.275933999094800, 2037.672313634992900, 111.2089465294591100 ) ) ;
#5201 = DIRECTION ( 'NONE',  ( -0.0000000000000000000, 8.079526793559758100E-017, -1.000000000000000000 ) ) ;
#5202 = ORIENTED_EDGE ( 'NONE', *, *, #913, .T. ) ;
#5203 = B_SPLINE_CURVE_WITH_KNOTS ( 'NONE', 3,
 ( #4887, #4199, #3515, #2821, #2140, #1449, #762, #77, #6094, #5410, #4729, #4042, #3350, #2662, #1980, #1286, #601, #6624, #5932, #5257, #4566, #3868, #3190, #2502, #1813, #1128, #442, #6456, #5769, #5097, #4401, #3704, #3025, #2332 ),
 .UNSPECIFIED., .F., .F.,
 ( 4, 2, 2, 2, 2, 2, 2, 2, 2, 2, 2, 2, 2, 2, 2, 2, 4 ),
 ( 0.0000000000000000000, 0.06249999999999640600, 0.1249999999999928100, 0.1874999999999892300, 0.2499999999999856200, 0.3124999999999879000, 0.3749999999999901700, 0.4374999999999925100, 0.4999999999999947800, 0.5624999999999971100, 0.6249999999999993300, 0.6875000000000016700, 0.7500000000000038900, 0.8125000000000003300, 0.8750000000000002200, 0.9375000000000000000, 1.000000000000000000 ),
 .UNSPECIFIED. ) ;
#5204 = CARTESIAN_POINT ( 'NONE',  ( 1656.158537211544200, 2018.261037979895000, 120.7339465294591000 ) ) ;
#5205 = VECTOR ( 'NONE', #3263, 1000.000000000000000 ) ;
#5206 = CARTESIAN_POINT ( 'NONE',  ( 1595.289940661492200, 2020.266432439667100, -53.00205347054087200 ) ) ;
#5207 = ORIENTED_EDGE ( 'NONE', *, *, #5882, .T. ) ;
#5208 = CARTESIAN_POINT ( 'NONE',  ( 1649.717836903365700, 1982.699832439666800, -56.35112504598417600 ) ) ;
#5209 = CARTESIAN_POINT ( 'NONE',  ( 1668.896116549461300, 1950.853946251571600, 120.7339465294591200 ) ) ;
#5210 = SECURITY_CLASSIFICATION_LEVEL ( 'unclassified' ) ;
#5211 = ADVANCED_FACE ( 'NONE', ( #698 ), #5529, .T. ) ;
#5212 = LINE ( 'NONE', #4518, #4385 ) ;
#5213 = ORIENTED_EDGE ( 'NONE', *, *, #6506, .T. ) ;
#5214 = ORIENTED_EDGE ( 'NONE', *, *, #899, .T. ) ;
#5215 = PLANE ( 'NONE',  #607 ) ;
#5216 = COORDINATED_UNIVERSAL_TIME_OFFSET ( 1, 0, .AHEAD. ) ;
#5217 = CARTESIAN_POINT ( 'NONE',  ( 1633.068271494362800, 1900.272389031943500, 120.7339465294590900 ) ) ;
#5218 = LINE ( 'NONE', #3830, #534 ) ;
#5219 = CARTESIAN_POINT ( 'NONE',  ( 1555.845914799934700, 1982.276249023266700, 28.72244652945910600 ) ) ;
#5220 = EDGE_LOOP ( 'NONE', ( #2380, #2845, #2612, #3858, #4089, #3347 ) ) ;
#5221 = CARTESIAN_POINT ( 'NONE',  ( 1537.417770895638600, 2012.027077835271700, -78.40205347054092000 ) ) ;
#5222 = CARTESIAN_POINT ( 'NONE',  ( 1573.422579416582900, 1893.750925121106100, 120.7339465294590900 ) ) ;
#5223 = CARTESIAN_POINT ( 'NONE',  ( 1767.629999349615200, 1891.792942191838400, 17.02616246182758900 ) ) ;
#5224 = DIRECTION ( 'NONE',  ( -2.035479525649563200E-015, -1.000000000000000000, -2.509992242031477100E-012 ) ) ;
#5225 = CARTESIAN_POINT ( 'NONE',  ( 1709.583382782731600, 2003.156481064112800, -78.40205347054089200 ) ) ;
#5226 = CARTESIAN_POINT ( 'NONE',  ( 1533.834715729602100, 1962.290219051371400, -78.40205347054086400 ) ) ;
#5227 = CARTESIAN_POINT ( 'NONE',  ( 1698.502970668910600, 2033.500809351728800, -90.78455347054088500 ) ) ;
#5228 = EDGE_CURVE ( 'NONE', #1856, #2126, #2782, .T. ) ;
#5229 = CARTESIAN_POINT ( 'NONE',  ( 1585.420198181714800, 1920.057255360667600, -53.00205347054088600 ) ) ;
#5230 = DIRECTION ( 'NONE',  ( -1.000000000000000000, 0.0000000000000000000, -0.0000000000000000000 ) ) ;
#5231 = CARTESIAN_POINT ( 'NONE',  ( 1548.374945287054700, 2043.977169205518700, 114.0664465294591000 ) ) ;
#5232 = CARTESIAN_POINT ( 'NONE',  ( 1643.898430935607400, 1942.627433809020000, -78.40205347054090600 ) ) ;
#5233 = CARTESIAN_POINT ( 'NONE',  ( 1593.620279217692500, 1975.448275398408400, 120.7339465294590900 ) ) ;
#5234 = CARTESIAN_POINT ( 'NONE',  ( 1767.629999349615400, 2030.067457447651600, 52.98582543412453600 ) ) ;
#5235 = VERTEX_POINT ( 'NONE', #39 ) ;
#5236 = DIRECTION ( 'NONE',  ( 1.000000000000000000, 0.0000000000000000000, 0.0000000000000000000 ) ) ;
#5237 = CARTESIAN_POINT ( 'NONE',  ( 1535.573123854508800, 1986.082311354260800, -78.40205347054087800 ) ) ;
#5238 = CARTESIAN_POINT ( 'NONE',  ( 1656.499989384793700, 1957.299832439667400, -46.85265347054798500 ) ) ;
#5239 = CARTESIAN_POINT ( 'NONE',  ( 1723.469845757165100, 1880.592768665789000, 62.64846555443996600 ) ) ;
#5240 = FACE_OUTER_BOUND ( 'NONE', #3065, .T. ) ;
#5241 = CIRCLE ( 'NONE', #4040, 70.00000000000005700 ) ;
#5242 = VERTEX_POINT ( 'NONE', #6059 ) ;
#5243 = DIRECTION ( 'NONE',  ( -0.9999889559186721000, 0.004699791557518141900, 0.0000000000000000000 ) ) ;
#5244 = CARTESIAN_POINT ( 'NONE',  ( 1710.167539379201600, 1895.888883156255600, -78.40205347054089200 ) ) ;
#5245 = VERTEX_POINT ( 'NONE', #5372 ) ;
#5246 = FACE_OUTER_BOUND ( 'NONE', #6286, .T. ) ;
#5247 = ORIENTED_EDGE ( 'NONE', *, *, #5917, .F. ) ;
#5248 = DIRECTION ( 'NONE',  ( -1.000000000000000000, 1.017739762824782800E-015, 0.0000000000000000000 ) ) ;
#5249 = VECTOR ( 'NONE', #1525, 1000.000000000000000 ) ;
#5250 = DIRECTION ( 'NONE',  ( 0.0000000000000000000, -6.829619984160648200E-017, 1.000000000000000000 ) ) ;
#5251 = CARTESIAN_POINT ( 'NONE',  ( 1743.499999349615100, 1879.999861042323800, -90.78455347054089900 ) ) ;
#5252 = ORIENTED_EDGE ( 'NONE', *, *, #2393, .T. ) ;
#5253 = ORIENTED_EDGE ( 'NONE', *, *, #5035, .T. ) ;
#5254 = CARTESIAN_POINT ( 'NONE',  ( 1637.660713774791000, 1947.487751156173100, 28.72244652945910200 ) ) ;
#5255 = AXIS2_PLACEMENT_3D ( 'NONE', #272, #6292, #5610 ) ;
#5256 = CARTESIAN_POINT ( 'NONE',  ( 1601.878665245003300, 2006.881266754599200, -51.92255347054097600 ) ) ;
#5257 = CARTESIAN_POINT ( 'NONE',  ( 1578.828444904542500, 2019.175078192910200, 28.72244652945910600 ) ) ;
#5258 = DIRECTION ( 'NONE',  ( 0.0000000000000000000, 0.0000000000000000000, 1.000000000000000000 ) ) ;
#5259 = ORIENTED_EDGE ( 'NONE', *, *, #2232, .F. ) ;
#5260 = EDGE_LOOP ( 'NONE', ( #3980, #677, #3487, #3427 ) ) ;
#5261 = CARTESIAN_POINT ( 'NONE',  ( 1563.295961855516900, 1944.822333242541200, 28.72244652945911300 ) ) ;
#5262 = CARTESIAN_POINT ( 'NONE',  ( 1579.837967565695200, 1892.666861740114200, 120.7339465294590900 ) ) ;
#5263 = CARTESIAN_POINT ( 'NONE',  ( 1767.629999349615200, 1909.603387256713200, 52.60954167440318200 ) ) ;
#5264 = CARTESIAN_POINT ( 'NONE',  ( 1796.839999349615000, 1921.200649181804700, 63.75605645450768600 ) ) ;
#5265 = CARTESIAN_POINT ( 'NONE',  ( 1767.629999349615000, 2054.999832580420400, -56.23517568273066300 ) ) ;
#5266 = CARTESIAN_POINT ( 'NONE',  ( 1556.340532661128000, 1911.557207823036600, -114.5970534705408300 ) ) ;
#5267 = CARTESIAN_POINT ( 'NONE',  ( 1738.255915858603200, 1925.999366250265200, -114.5970534705409600 ) ) ;
#5268 = CARTESIAN_POINT ( 'NONE',  ( 1547.437590621693100, 2033.515752124355700, 120.7339465294591200 ) ) ;
#5269 = CARTESIAN_POINT ( 'NONE',  ( 1544.300710455831900, 1986.196518052295700, -53.00205347054087200 ) ) ;
#5270 = CARTESIAN_POINT ( 'NONE',  ( 1621.283026591173900, 1919.145664033574300, -78.40205347054089200 ) ) ;
#5271 = CARTESIAN_POINT ( 'NONE',  ( 1714.425615416528400, 1957.299832439667600, 52.07305513860340800 ) ) ;
#5272 = CARTESIAN_POINT ( 'NONE',  ( 1796.839999349615300, 2005.451928881402900, 72.05408322675809500 ) ) ;
#5273 = APPROVAL ( #1081, 'UNSPECIFIED' ) ;
#5274 = CARTESIAN_POINT ( 'NONE',  ( 1767.629999349615000, 2047.945330242057900, 18.23710155073451800 ) ) ;
#5275 = CARTESIAN_POINT ( 'NONE',  ( 1767.629999349615200, 1929.382058960451800, -68.77543350911470600 ) ) ;
#5276 = CARTESIAN_POINT ( 'NONE',  ( 1556.141748391284600, 2016.441493786064500, -78.40205347054089200 ) ) ;
#5277 = DIRECTION ( 'NONE',  ( -1.000000000000000000, 0.0000000000000000000, 2.365236358150881500E-016 ) ) ;
#5278 = CARTESIAN_POINT ( 'NONE',  ( 1545.456755243765700, 2021.170149763233400, -114.5970534705409600 ) ) ;
#5279 = CARTESIAN_POINT ( 'NONE',  ( 1698.333793330088600, 2030.007741359838300, -78.40205347054087800 ) ) ;
#5280 = CARTESIAN_POINT ( 'NONE',  ( 1644.580274286768600, 1974.275447127211200, -56.85265513870663100 ) ) ;
#5281 = ORIENTED_EDGE ( 'NONE', *, *, #4485, .T. ) ;
#5282 = ORIENTED_EDGE ( 'NONE', *, *, #3399, .F. ) ;
#5283 = CARTESIAN_POINT ( 'NONE',  ( 1655.908528440653100, 2013.366045336068700, 120.7339465294591200 ) ) ;
#5284 = AXIS2_PLACEMENT_3D ( 'NONE', #6386, #5699, #5020 ) ;
#5285 = CARTESIAN_POINT ( 'NONE',  ( 1510.435578715618700, 1981.491287648570500, 120.7339465294590900 ) ) ;
#5286 = ORIENTED_EDGE ( 'NONE', *, *, #1490, .F. ) ;
#5287 = CARTESIAN_POINT ( 'NONE',  ( 1549.885746474437600, 1915.490645652505900, -78.40205347054090600 ) ) ;
#5288 = CYLINDRICAL_SURFACE ( 'NONE', #4600, 109.0871227772100000 ) ;
#5289 = CARTESIAN_POINT ( 'NONE',  ( 1528.691594977655800, 1924.604251920089800, 111.2089465294591100 ) ) ;
#5290 = CARTESIAN_POINT ( 'NONE',  ( 1516.248482253127600, 1984.656694636202700, 120.7339465294590800 ) ) ;
#5291 = CARTESIAN_POINT ( 'NONE',  ( 1698.500534379528500, 1983.500809044675000, -114.5970534705409000 ) ) ;
#5292 = ORIENTED_EDGE ( 'NONE', *, *, #5068, .T. ) ;
#5293 = VERTEX_POINT ( 'NONE', #722 ) ;
#5294 = CARTESIAN_POINT ( 'NONE',  ( 1632.814032144125600, 1902.699338620478600, 120.7339465294591000 ) ) ;
#5295 = FACE_OUTER_BOUND ( 'NONE', #5425, .T. ) ;
#5296 = CARTESIAN_POINT ( 'NONE',  ( 1639.699288313779800, 1953.803146827039200, -53.00205347054087900 ) ) ;
#5297 = CARTESIAN_POINT ( 'NONE',  ( 1767.629999349615200, 1934.927717023026800, 72.04978991921210300 ) ) ;
#5298 = EDGE_LOOP ( 'NONE', ( #2573, #4024, #3310, #4110 ) ) ;
#5299 = CARTESIAN_POINT ( 'NONE',  ( 1644.056189888333800, 1961.448854718802700, -56.85265513870663100 ) ) ;
#5300 = CARTESIAN_POINT ( 'NONE',  ( 1528.671596780686700, 1924.090141571733100, 120.7339465294590900 ) ) ;
#5301 = CARTESIAN_POINT ( 'NONE',  ( 1514.594228338906100, 1989.894590034429300, 120.7339465294591000 ) ) ;
#5302 = ADVANCED_FACE ( 'NONE', ( #2257 ), #4694, .F. ) ;
#5303 = CARTESIAN_POINT ( 'NONE',  ( 1597.484482829775100, 1968.523196724612500, 120.7339465294591000 ) ) ;
#5304 = CARTESIAN_POINT ( 'NONE',  ( 1695.888142349615000, 1890.957272599953500, 66.82244652945908600 ) ) ;
#5305 = CARTESIAN_POINT ( 'NONE',  ( 1584.522935646791900, 1911.793875073161000, -78.40205347054089200 ) ) ;
#5306 = EDGE_LOOP ( 'NONE', ( #1084, #847, #2039, #872 ) ) ;
#5307 = LINE ( 'NONE', #4624, #3029 ) ;
#5308 = LINE ( 'NONE', #4625, #6012 ) ;
#5309 = CARTESIAN_POINT ( 'NONE',  ( 1767.629999349615200, 2040.681517399075300, -37.32389913042217700 ) ) ;
#5310 = ORIENTED_EDGE ( 'NONE', *, *, #1652, .F. ) ;
#5311 = CARTESIAN_POINT ( 'NONE',  ( 1593.256063490908200, 2028.670500565236400, -78.40205347054087800 ) ) ;
#5312 = CARTESIAN_POINT ( 'NONE',  ( 1622.293599919463500, 1946.759221368727100, -51.92255347054097600 ) ) ;
#5313 = CARTESIAN_POINT ( 'NONE',  ( 1669.254897007171800, 1957.761468932313600, 120.7339465294590900 ) ) ;
#5314 = DIRECTION ( 'NONE',  ( -0.0000000000000000000, -0.0000000000000000000, 1.000000000000000000 ) ) ;
#5315 = PLANE ( 'NONE',  #1530 ) ;
#5316 = VERTEX_POINT ( 'NONE', #1939 ) ;
#5317 = EDGE_CURVE ( 'NONE', #5327, #4187, #6668, .T. ) ;
#5318 = DIRECTION ( 'NONE',  ( 0.0000000000000000000, 0.0000000000000000000, 1.000000000000000000 ) ) ;
#5319 = CARTESIAN_POINT ( 'NONE',  ( 1611.095451679623700, 2046.808681832151300, 120.7339465294590900 ) ) ;
#5320 = ORIENTED_EDGE ( 'NONE', *, *, #1250, .T. ) ;
#5321 = VECTOR ( 'NONE', #1343, 1000.000000000000000 ) ;
#5322 = CARTESIAN_POINT ( 'NONE',  ( 1713.435310878016700, 1982.699832439667000, 51.08274919958643800 ) ) ;
#5323 = CYLINDRICAL_SURFACE ( 'NONE', #6530, 109.0871227772101100 ) ;
#5324 = LINE ( 'NONE', #3950, #5205 ) ;
#5325 = CARTESIAN_POINT ( 'NONE',  ( 1635.758051221359900, 1896.101086860812500, 120.7339465294591000 ) ) ;
#5326 = CARTESIAN_POINT ( 'NONE',  ( 1656.630555695324300, 1982.699832439666800, -8.381983211506948800 ) ) ;
#5327 = VERTEX_POINT ( 'NONE', #1612 ) ;
#5328 = VERTEX_POINT ( 'NONE', #929 ) ;
#5329 = CARTESIAN_POINT ( 'NONE',  ( 1635.028328040016500, 1897.193194779310000, 120.7339465294590900 ) ) ;
#5330 = CYLINDRICAL_SURFACE ( 'NONE', #5502, 102.0000005463257700 ) ;
#5331 = LINE ( 'NONE', #3958, #2893 ) ;
#5332 = CARTESIAN_POINT ( 'NONE',  ( 1531.234277026356700, 2000.175120649486000, -90.78455347054081400 ) ) ;
#5333 = ORIENTED_EDGE ( 'NONE', *, *, #4188, .T. ) ;
#5334 = EDGE_CURVE ( 'NONE', #4278, #1161, #4717, .T. ) ;
#5335 = AXIS2_PLACEMENT_3D ( 'NONE', #1059, #373, #6389 ) ;
#5336 = VECTOR ( 'NONE', #2472, 1000.000000000000000 ) ;
#5337 = CARTESIAN_POINT ( 'NONE',  ( 1574.220932904066600, 1894.215548969734500, 111.2089465294591100 ) ) ;
#5338 = CARTESIAN_POINT ( 'NONE',  ( 1632.767287368901900, 1902.540300423852600, 111.2089465294591100 ) ) ;
#5339 = CARTESIAN_POINT ( 'NONE',  ( 1767.629999349615700, 1904.608193085571700, -45.93936962705465300 ) ) ;
#5340 = CARTESIAN_POINT ( 'NONE',  ( 1591.005189965009800, 1964.405745462355500, 120.7339465294591200 ) ) ;
#5341 = CARTESIAN_POINT ( 'NONE',  ( 1591.999999384806000, 1884.117402921167900, 107.3989465294591400 ) ) ;
#5342 = CARTESIAN_POINT ( 'NONE',  ( 1552.964322501310600, 1926.190065231764700, -78.40205347054090600 ) ) ;
#5343 = CARTESIAN_POINT ( 'NONE',  ( 1675.203747031009900, 1948.717725510389100, 120.7339465294591000 ) ) ;
#5344 = CARTESIAN_POINT ( 'NONE',  ( 1767.629999349615000, 2016.959372063365900, -64.63291262237736100 ) ) ;
#5345 = CARTESIAN_POINT ( 'NONE',  ( 1622.116542758473500, 2020.354901092156300, -78.40205347054092000 ) ) ;
#5346 = CARTESIAN_POINT ( 'NONE',  ( 1647.244759384796200, 1969.999832439667200, -56.85265513870668700 ) ) ;
#5347 = CARTESIAN_POINT ( 'NONE',  ( 1661.193554671875500, 2010.957777410303200, 111.2089465294591100 ) ) ;
#5348 = CARTESIAN_POINT ( 'NONE',  ( 1701.550705222319300, 1906.158024397350800, -78.40205347054089200 ) ) ;
#5349 = EDGE_CURVE ( 'NONE', #664, #3030, #4888, .T. ) ;
#5350 = CARTESIAN_POINT ( 'NONE',  ( 1767.629999349615200, 1991.976918158130000, 77.06971652748872300 ) ) ;
#5351 = CARTESIAN_POINT ( 'NONE',  ( 1591.999999384806000, 1969.999832439667200, 87.14744652945916000 ) ) ;
#5352 = DIRECTION ( 'NONE',  ( 1.000000000000000000, 0.0000000000000000000, 0.0000000000000000000 ) ) ;
#5353 = CARTESIAN_POINT ( 'NONE',  ( 1570.999996152066200, 1888.769038308356100, 111.2089465294590800 ) ) ;
#5354 = EDGE_CURVE ( 'NONE', #3132, #2149, #3170, .T. ) ;
#5355 = VERTEX_POINT ( 'NONE', #763 ) ;
#5356 = CARTESIAN_POINT ( 'NONE',  ( 1655.351661994065600, 2015.821679213474200, 120.7339465294591000 ) ) ;
#5357 = CARTESIAN_POINT ( 'NONE',  ( 1603.267380977255900, 2049.868402592229400, 120.7339465294591000 ) ) ;
#5358 = ORIENTED_EDGE ( 'NONE', *, *, #3001, .F. ) ;
#5359 = DIRECTION ( 'NONE',  ( 0.0000000000000000000, 1.000000000000000000, 0.0000000000000000000 ) ) ;
#5360 = EDGE_CURVE ( 'NONE', #2365, #2929, #5742, .T. ) ;
#5361 = CARTESIAN_POINT ( 'NONE',  ( 1670.632591740679800, 1949.697274899993500, 120.7339465294590900 ) ) ;
#5362 = DATE_TIME_ROLE ( 'creation_date' ) ;
#5363 = AXIS2_PLACEMENT_3D ( 'NONE', #3000, #248, #6271 ) ;
#5364 = CARTESIAN_POINT ( 'NONE',  ( 1724.553354242399600, 2059.833812913164400, -61.73838656411221100 ) ) ;
#5365 = EDGE_LOOP ( 'NONE', ( #3761, #484, #1638, #4615 ) ) ;
#5366 = EDGE_CURVE ( 'NONE', #6691, #3913, #4730, .T. ) ;
#5367 = ORIENTED_EDGE ( 'NONE', *, *, #3237, .F. ) ;
#5368 = CARTESIAN_POINT ( 'NONE',  ( 1608.105828139290700, 2045.634782430461900, 111.2089465294591100 ) ) ;
#5369 = AXIS2_PLACEMENT_3D ( 'NONE', #3778, #3106, #2409 ) ;
#5370 = DIRECTION ( 'NONE',  ( 0.0000000000000000000, 0.0000000000000000000, -1.000000000000000000 ) ) ;
#5371 = CARTESIAN_POINT ( 'NONE',  ( 1528.345299430427800, 1926.407595258393300, 120.7339465294590900 ) ) ;
#5372 = CARTESIAN_POINT ( 'NONE',  ( 1516.458826386286100, 1986.075846300096600, 111.2089465294591100 ) ) ;
#5373 = ORIENTED_EDGE ( 'NONE', *, *, #6076, .T. ) ;
#5374 = CARTESIAN_POINT ( 'NONE',  ( 1552.845618115064300, 2026.460687976593100, -78.40205347054090600 ) ) ;
#5375 = CARTESIAN_POINT ( 'NONE',  ( 1572.465631378812300, 1892.917037397365000, 120.7339465294590800 ) ) ;
#5376 = CARTESIAN_POINT ( 'NONE',  ( 1767.629999349614500, 1889.999857501147700, -3.185488265283536300 ) ) ;
#5377 = ADVANCED_FACE ( 'NONE', ( #2602 ), #3991, .T. ) ;
#5378 = PLANE ( 'NONE',  #3605 ) ;
#5379 = DIRECTION ( 'NONE',  ( -0.0000000000000000000, 8.079526793559758100E-017, -1.000000000000000000 ) ) ;
#5380 = AXIS2_PLACEMENT_3D ( 'NONE', #1231, #5201, #4506 ) ;
#5381 = CALENDAR_DATE ( 2013, 29, 7 ) ;
#5382 = CARTESIAN_POINT ( 'NONE',  ( 1535.579609067132400, 1953.894617758970100, -78.40205347054090600 ) ) ;
#5383 = CARTESIAN_POINT ( 'NONE',  ( 1671.412850007394100, 1949.471781812096000, 111.2089465294590800 ) ) ;
#5384 = CARTESIAN_POINT ( 'NONE',  ( 1767.629999349615000, 1980.650473049443500, -79.14040893977492900 ) ) ;
#5385 = CARTESIAN_POINT ( 'NONE',  ( 1647.017154008871100, 1990.390149536447800, -78.40205347054090600 ) ) ;
#5386 = CARTESIAN_POINT ( 'NONE',  ( 1628.881433699738400, 1979.878498299865000, 28.72244652945910600 ) ) ;
#5387 = CARTESIAN_POINT ( 'NONE',  ( 1647.221170237153700, 1950.168752942773200, -78.40205347054087800 ) ) ;
#5388 = EDGE_LOOP ( 'NONE', ( #3104, #3622, #1092, #2525 ) ) ;
#5389 = CARTESIAN_POINT ( 'NONE',  ( 1590.490950399065200, 1975.475603487498100, 120.7339465294590900 ) ) ;
#5390 = CARTESIAN_POINT ( 'NONE',  ( 1767.629999349614800, 2023.854217621894800, 59.30618514697989200 ) ) ;
#5391 = VERTEX_POINT ( 'NONE', #1287 ) ;
#5392 = DIRECTION ( 'NONE',  ( -0.0000000000000000000, 0.0000000000000000000, -1.000000000000000000 ) ) ;
#5393 = CARTESIAN_POINT ( 'NONE',  ( 1534.019707879227600, 1979.109434165323600, -78.40205347054089200 ) ) ;
#5394 = DIRECTION ( 'NONE',  ( -0.0000000000000000000, -0.0000000000000000000, -1.000000000000000000 ) ) ;
#5395 = CARTESIAN_POINT ( 'NONE',  ( 1722.606758163897200, 1881.178686831052300, 63.47836509050920700 ) ) ;
#5396 = CARTESIAN_POINT ( 'NONE',  ( 1582.121333524608400, 1933.118398124735000, -51.92255347054097600 ) ) ;
#5397 = PLANE ( 'NONE',  #3903 ) ;
#5398 = ORIENTED_EDGE ( 'NONE', *, *, #3184, .T. ) ;
#5399 = VERTEX_POINT ( 'NONE', #602 ) ;
#5400 = CARTESIAN_POINT ( 'NONE',  ( 1656.239875838150100, 1982.699832439666800, -49.13146667171307100 ) ) ;
#5401 = B_SPLINE_CURVE_WITH_KNOTS ( 'NONE', 3,
 ( #4993, #2236, #1551, #859, #172, #6201 ),
 .UNSPECIFIED., .F., .F.,
 ( 4, 2, 4 ),
 ( 0.0000000000000000000, 0.5000000000000000000, 1.000000000000000000 ),
 .UNSPECIFIED. ) ;
#5402 = ADVANCED_FACE ( 'NONE', ( #4341 ), #6626, .F. ) ;
#5403 = DIRECTION ( 'NONE',  ( -2.585448573939125700E-015, -1.000000000000000000, 0.0000000000000000000 ) ) ;
#5404 = CARTESIAN_POINT ( 'NONE',  ( 1714.097603292715800, 1969.999832337318600, 51.74504255091022000 ) ) ;
#5405 = VERTEX_POINT ( 'NONE', #3869 ) ;
#5406 = AXIS2_PLACEMENT_3D ( 'NONE', #903, #212, #6240 ) ;
#5407 = VERTEX_POINT ( 'NONE', #3191 ) ;
#5408 = CARTESIAN_POINT ( 'NONE',  ( 1598.649621621381400, 1919.527293703942200, 28.72244652945910200 ) ) ;
#5409 = CARTESIAN_POINT ( 'NONE',  ( 1628.154083969677700, 1982.276249023266900, -51.92255347054098300 ) ) ;
#5410 = CARTESIAN_POINT ( 'NONE',  ( 1625.569998314307400, 2008.271882478720000, 28.72244652945910600 ) ) ;
#5411 = CARTESIAN_POINT ( 'NONE',  ( 1591.999999384806000, 1969.999832439667200, 120.7339465294590900 ) ) ;
#5412 = VERTEX_POINT ( 'NONE', #2504 ) ;
#5413 = ORIENTED_EDGE ( 'NONE', *, *, #595, .T. ) ;
#5414 = CARTESIAN_POINT ( 'NONE',  ( 1613.022025073765200, 2051.336995438570700, 111.2089465294590800 ) ) ;
#5415 = AXIS2_PLACEMENT_3D ( 'NONE', #2927, #183, #6210 ) ;
#5416 = CARTESIAN_POINT ( 'NONE',  ( 1578.655625004723300, 1893.771187460379900, 120.7339465294591000 ) ) ;
#5417 = CARTESIAN_POINT ( 'NONE',  ( 1767.629999349614800, 1904.042657446922000, 45.42069803047987600 ) ) ;
#5418 = ADVANCED_FACE ( 'NONE', ( #2087 ), #1814, .F. ) ;
#5419 = CARTESIAN_POINT ( 'NONE',  ( 1796.839999349615000, 1889.999832592446400, -5.088541216524491900 ) ) ;
#5420 = CARTESIAN_POINT ( 'NONE',  ( 1707.939999349615200, 2049.213607247534100, 75.14863476337099300 ) ) ;
#5421 = VERTEX_POINT ( 'NONE', #5770 ) ;
#5422 = VECTOR ( 'NONE', #4560, 1000.000000000000000 ) ;
#5423 = CARTESIAN_POINT ( 'NONE',  ( 1528.820397373498500, 1949.953952068519100, -114.5970534705408400 ) ) ;
#5424 = CARTESIAN_POINT ( 'NONE',  ( 1698.500534579524800, 1906.498855844674800, -114.5970534705409100 ) ) ;
#5425 = EDGE_LOOP ( 'NONE', ( #1130, #5046, #4045, #1606 ) ) ;
#5426 = CARTESIAN_POINT ( 'NONE',  ( 1550.349530105754900, 2035.358004726706700, 120.7339465294591000 ) ) ;
#5427 = CARTESIAN_POINT ( 'NONE',  ( 1705.036789291522600, 2068.800266775732800, 66.82244652945912800 ) ) ;
#5428 = B_SPLINE_CURVE_WITH_KNOTS ( 'NONE', 3,
 ( #699, #18, #6035, #5347, #4666, #3975, #3285, #2597, #1914, #1226, #540, #6555, #5867, #5193, #4500, #3802, #3130, #2438 ),
 .UNSPECIFIED., .F., .F.,
 ( 4, 2, 2, 2, 2, 2, 2, 2, 4 ),
 ( 0.0000000000000000000, 0.08397925150170418300, 0.1679585030034083700, 0.2519377545051125800, 0.3359170060068167300, 0.4198962575085208900, 0.5038755090102251500, 0.5878547605119293100, 0.6718340120136334600 ),
 .UNSPECIFIED. ) ;
#5429 = CARTESIAN_POINT ( 'NONE',  ( 1629.873706250372600, 1925.146182714981900, -78.40205347054087800 ) ) ;
#5430 = CARTESIAN_POINT ( 'NONE',  ( 1597.446363034446200, 1971.610773932233100, 120.7339465294590900 ) ) ;
#5431 = DIRECTION ( 'NONE',  ( 0.0000000000000000000, 0.0000000000000000000, -1.000000000000000000 ) ) ;
#5432 = EDGE_CURVE ( 'NONE', #3376, #358, #5098, .T. ) ;
#5433 = CYLINDRICAL_SURFACE ( 'NONE', #2092, 101.8498275435724200 ) ;
#5434 = CARTESIAN_POINT ( 'NONE',  ( 1767.629999349615900, 2044.529776336414400, 29.22131485565669000 ) ) ;
#5435 = CARTESIAN_POINT ( 'NONE',  ( 1767.629999349615200, 1935.838145614195600, -72.19288859524337500 ) ) ;
#5436 = CARTESIAN_POINT ( 'NONE',  ( 1551.525322777858900, 2012.478593133677100, -78.40205347054092000 ) ) ;
#5437 = DIRECTION ( 'NONE',  ( -1.000000000000000000, -0.0000000000000000000, -0.0000000000000000000 ) ) ;
#5438 = CARTESIAN_POINT ( 'NONE',  ( 1709.209148379516600, 2038.585538644671900, -78.71955347054094400 ) ) ;
#5439 = CARTESIAN_POINT ( 'NONE',  ( 1705.045438181860800, 2033.178504849412100, -114.5970534705409800 ) ) ;
#5440 = CARTESIAN_POINT ( 'NONE',  ( 1722.673782960775000, 1881.123186545768700, -63.10555580989824200 ) ) ;
#5441 = VERTEX_POINT ( 'NONE', #2333 ) ;
#5442 = ORIENTED_EDGE ( 'NONE', *, *, #1767, .F. ) ;
#5443 = CARTESIAN_POINT ( 'NONE',  ( 1657.316580550803800, 2011.755790150755500, 120.7339465294590800 ) ) ;
#5444 = LINE ( 'NONE', #4761, #1141 ) ;
#5445 = ORIENTED_EDGE ( 'NONE', *, *, #5528, .F. ) ;
#5446 = EDGE_CURVE ( 'NONE', #718, #3376, #3027, .T. ) ;
#5447 = CARTESIAN_POINT ( 'NONE',  ( 1535.855758727974300, 1930.384565879568300, -78.40205347054089200 ) ) ;
#5448 = B_SPLINE_CURVE_WITH_KNOTS ( 'NONE', 3,
 ( #6349, #5671, #4986, #3655 ),
 .UNSPECIFIED., .F., .F.,
 ( 4, 4 ),
 ( 0.0000000000000000000, 1.000000000000000000 ),
 .UNSPECIFIED. ) ;
#5449 = CARTESIAN_POINT ( 'NONE',  ( 1667.584394981342000, 1953.591985341871100, 111.2089465294591100 ) ) ;
#5450 = DIRECTION ( 'NONE',  ( -0.0000000000000000000, -0.0000000000000000000, -1.000000000000000000 ) ) ;
#5451 = CARTESIAN_POINT ( 'NONE',  ( 1709.209148379516400, 2038.585538644671900, -90.78455347054087100 ) ) ;
#5452 = ORIENTED_EDGE ( 'NONE', *, *, #4537, .T. ) ;
#5453 = VERTEX_POINT ( 'NONE', #6298 ) ;
#5454 = CARTESIAN_POINT ( 'NONE',  ( 1515.163653701372100, 1982.732895775714700, 111.2089465294591100 ) ) ;
#5455 = DIRECTION ( 'NONE',  ( 0.0000000000000000000, 0.0000000000000000000, 1.000000000000000000 ) ) ;
#5456 = CARTESIAN_POINT ( 'NONE',  ( 1767.629999349614800, 1928.423879639079400, 68.49539131248548100 ) ) ;
#5457 = ORIENTED_EDGE ( 'NONE', *, *, #6490, .F. ) ;
#5458 = CARTESIAN_POINT ( 'NONE',  ( 1522.133734351510600, 1929.006711846850100, 120.7339465294590500 ) ) ;
#5459 = CARTESIAN_POINT ( 'NONE',  ( 1704.774027972296400, 2037.682972146754100, -78.71955347054093000 ) ) ;
#5460 = DIRECTION ( 'NONE',  ( 1.000000000000000000, 0.0000000000000000000, 0.0000000000000000000 ) ) ;
#5461 = VECTOR ( 'NONE', #5124, 1000.000000000000000 ) ;
#5462 = CARTESIAN_POINT ( 'NONE',  ( 1642.601006399121400, 1982.699832439667300, -56.85265513870667300 ) ) ;
#5463 = LINE ( 'NONE', #4781, #3949 ) ;
#5464 = LINE ( 'NONE', #4782, #3089 ) ;
#5465 = CARTESIAN_POINT ( 'NONE',  ( 1598.946981620683100, 1911.738390388274000, -78.40205347054090600 ) ) ;
#5466 = DIRECTION ( 'NONE',  ( 1.000000000000000000, 0.0000000000000000000, 5.551115123125703800E-016 ) ) ;
#5467 = PLANE ( 'NONE',  #4226 ) ;
#5468 = ADVANCED_FACE ( 'NONE', ( #5547 ), #4860, .T. ) ;
#5469 = CARTESIAN_POINT ( 'NONE',  ( 1767.629999349614500, 2044.694288354083000, -28.50139866552451600 ) ) ;
#5470 = VERTEX_POINT ( 'NONE', #4234 ) ;
#5471 = CARTESIAN_POINT ( 'NONE',  ( 1578.605887900377600, 2027.125222489537700, -78.40205347054087800 ) ) ;
#5472 = CARTESIAN_POINT ( 'NONE',  ( 1591.999999384806200, 1931.899832439667300, -51.92255347054093300 ) ) ;
#5473 = CARTESIAN_POINT ( 'NONE',  ( 1667.780032518275700, 1955.497806439127800, 120.7339465294590900 ) ) ;
#5474 = DIRECTION ( 'NONE',  ( 1.000000000000000000, 0.0000000000000000000, 0.0000000000000000000 ) ) ;
#5475 = DIRECTION ( 'NONE',  ( 0.0000000000000000000, 0.0000000000000000000, -1.000000000000000000 ) ) ;
#5476 = ORIENTED_EDGE ( 'NONE', *, *, #6565, .T. ) ;
#5477 = EDGE_CURVE ( 'NONE', #2583, #1158, #1518, .T. ) ;
#5478 = DIRECTION ( 'NONE',  ( -0.0000000000000000000, -0.0000000000000000000, -1.000000000000000000 ) ) ;
#5479 = DIRECTION ( 'NONE',  ( -1.000000000000000000, 0.0000000000000000000, 0.0000000000000000000 ) ) ;
#5480 = EDGE_LOOP ( 'NONE', ( #4956, #4647, #5649, #3272 ) ) ;
#5481 = ADVANCED_FACE ( 'NONE', ( #6067 ), #54, .T. ) ;
#5482 = DIRECTION ( 'NONE',  ( -0.0000000000000000000, 8.079526793559758100E-017, -1.000000000000000000 ) ) ;
#5483 = LINE ( 'NONE', #4801, #4683 ) ;
#5484 = CARTESIAN_POINT ( 'NONE',  ( 1511.725915349570900, 1981.317994886484700, 120.7339465294590900 ) ) ;
#5485 = DIRECTION ( 'NONE',  ( -8.273435436605202400E-014, -1.000000000000000000, 0.0000000000000000000 ) ) ;
#5486 = ORIENTED_EDGE ( 'NONE', *, *, #4337, .T. ) ;
#5487 = CYLINDRICAL_SURFACE ( 'NONE', #4277, 38.09999999999980200 ) ;
#5488 = ORIENTED_EDGE ( 'NONE', *, *, #4599, .T. ) ;
#5489 = CARTESIAN_POINT ( 'NONE',  ( 1640.128550097380600, 1906.006375845367500, 120.7339465294590900 ) ) ;
#5490 = LINE ( 'NONE', #4808, #2044 ) ;
#5491 = CARTESIAN_POINT ( 'NONE',  ( 1567.794567952920700, 2032.518535253223500, -90.78455347054081400 ) ) ;
#5492 = ORIENTED_EDGE ( 'NONE', *, *, #1877, .T. ) ;
#5493 = CARTESIAN_POINT ( 'NONE',  ( 1643.652239451677100, 1901.386147496537400, 120.7339465294591000 ) ) ;
#5494 = CARTESIAN_POINT ( 'NONE',  ( 1714.097603292715800, 1969.999832337318600, 51.74504255091022000 ) ) ;
#5495 = VECTOR ( 'NONE', #5056, 1000.000000000000000 ) ;
#5496 = EDGE_CURVE ( 'NONE', #2097, #5576, #2040, .T. ) ;
#5497 = CARTESIAN_POINT ( 'NONE',  ( 1579.930385368025100, 1884.969743206749900, 120.7339465294591000 ) ) ;
#5498 = CARTESIAN_POINT ( 'NONE',  ( 1767.629999349615400, 1910.555752955797500, -53.39344855605288800 ) ) ;
#5499 = CARTESIAN_POINT ( 'NONE',  ( 1594.470474512701500, 1964.880495960234600, 120.7339465294591000 ) ) ;
#5500 = CARTESIAN_POINT ( 'NONE',  ( 1617.177498581931800, 1941.295794910378400, 28.72244652945911300 ) ) ;
#5501 = CARTESIAN_POINT ( 'NONE',  ( 1560.451498041245900, 1920.518579721150000, -78.40205347054084900 ) ) ;
#5502 = AXIS2_PLACEMENT_3D ( 'NONE', #1269, #5236, #4548 ) ;
#5503 = CARTESIAN_POINT ( 'NONE',  ( 1746.187052559280100, 1998.547028305440100, -90.78455347054088500 ) ) ;
#5504 = CARTESIAN_POINT ( 'NONE',  ( 1767.629999349615200, 2024.326294653790500, -58.57765243726196800 ) ) ;
#5505 = CYLINDRICAL_SURFACE ( 'NONE', #4996, 4.756378424428442400 ) ;
#5506 = CARTESIAN_POINT ( 'NONE',  ( 1616.725660897465300, 2023.209643245035100, -78.40205347054089200 ) ) ;
#5507 = DIRECTION ( 'NONE',  ( -0.0000000000000000000, 8.079526793559758100E-017, -1.000000000000000000 ) ) ;
#5508 = PLANE ( 'NONE',  #2073 ) ;
#5509 = CARTESIAN_POINT ( 'NONE',  ( 1743.499999349615100, 1913.617209437741400, 85.14744614636023800 ) ) ;
#5510 = ADVANCED_FACE ( 'NONE', ( #223 ), #401, .T. ) ;
#5511 = CARTESIAN_POINT ( 'NONE',  ( 1767.629999349615400, 1980.426585148000200, 79.46508636976950900 ) ) ;
#5512 = CARTESIAN_POINT ( 'NONE',  ( 1707.939999349615200, 1969.999832439667200, 0.1474465294591179000 ) ) ;
#5513 = CARTESIAN_POINT ( 'NONE',  ( 1641.661250139466600, 1904.365873575000000, 111.2089465294590800 ) ) ;
#5514 = CARTESIAN_POINT ( 'NONE',  ( 1714.201348938642900, 1888.739555475472600, 72.92750151621913800 ) ) ;
#5515 = EDGE_CURVE ( 'NONE', #5405, #1856, #3229, .T. ) ;
#5516 = CARTESIAN_POINT ( 'NONE',  ( 1641.661250139466600, 1904.365873575000000, 120.7339465294590900 ) ) ;
#5517 = CARTESIAN_POINT ( 'NONE',  ( 1604.052623064724000, 2047.754337105263600, 120.7339465294591000 ) ) ;
#5518 = ORIENTED_EDGE ( 'NONE', *, *, #3781, .F. ) ;
#5519 = CARTESIAN_POINT ( 'NONE',  ( 1722.664736194227300, 2058.869195380567800, 63.41068069579146300 ) ) ;
#5520 = DIRECTION ( 'NONE',  ( -0.9807852803909920000, 0.1950903220776552000, 0.0000000000000000000 ) ) ;
#5521 = PERSON_AND_ORGANIZATION_ROLE ( 'design_owner' ) ;
#5522 = CARTESIAN_POINT ( 'NONE',  ( 1723.469890149889600, 2059.407041561609700, -62.35336457610468800 ) ) ;
#5523 = EDGE_LOOP ( 'NONE', ( #5975, #4092, #6452, #5928 ) ) ;
#5524 = ORIENTED_EDGE ( 'NONE', *, *, #694, .F. ) ;
#5525 = LINE ( 'NONE', #4845, #782 ) ;
#5526 = CARTESIAN_POINT ( 'NONE',  ( 1553.440559055892400, 2026.892389156370000, -90.78455347054091400 ) ) ;
#5527 = CARTESIAN_POINT ( 'NONE',  ( 1527.288374273651700, 1927.977713057835000, 120.7339465294590900 ) ) ;
#5528 = EDGE_CURVE ( 'NONE', #2583, #1281, #1165, .T. ) ;
#5529 = PLANE ( 'NONE',  #1566 ) ;
#5530 = VERTEX_POINT ( 'NONE', #5135 ) ;
#5531 = CARTESIAN_POINT ( 'NONE',  ( 1562.307551723590200, 2030.859723258529800, -78.40205347054087800 ) ) ;
#5532 = EDGE_CURVE ( 'NONE', #2707, #2980, #4441, .T. ) ;
#5533 = VECTOR ( 'NONE', #3161, 1000.000000000000000 ) ;
#5534 = CYLINDRICAL_SURFACE ( 'NONE', #4111, 13.81871757964092700 ) ;
#5535 = EDGE_CURVE ( 'NONE', #6552, #5412, #1102, .T. ) ;
#5536 = CARTESIAN_POINT ( 'NONE',  ( 1571.517550292702700, 1891.252736144203300, 120.7339465294590900 ) ) ;
#5537 = CARTESIAN_POINT ( 'NONE',  ( 1767.629999349615400, 1892.511671224721100, -19.74212545264945400 ) ) ;
#5538 = CARTESIAN_POINT ( 'NONE',  ( 1586.638016038713200, 1968.123240434566000, 120.7339465294590900 ) ) ;
#5539 = CARTESIAN_POINT ( 'NONE',  ( 1656.499989384793500, 1957.299832439667600, -9.994783470538696000 ) ) ;
#5540 = CARTESIAN_POINT ( 'NONE',  ( 1538.243620620750800, 1946.432359509058200, -78.40205347054090600 ) ) ;
#5541 = EDGE_LOOP ( 'NONE', ( #1334, #1123, #2862, #598 ) ) ;
#5542 = DIRECTION ( 'NONE',  ( -0.0000000000000000000, 0.0000000000000000000, -1.000000000000000000 ) ) ;
#5543 = FACE_OUTER_BOUND ( 'NONE', #3388, .T. ) ;
#5544 = CARTESIAN_POINT ( 'NONE',  ( 1767.629999349614800, 1992.414924578632100, -76.64815127697968900 ) ) ;
#5545 = CARTESIAN_POINT ( 'NONE',  ( 1643.519156487291000, 1998.078632086609800, -78.40205347054087800 ) ) ;
#5546 = CARTESIAN_POINT ( 'NONE',  ( 1604.276415968405200, 2006.153917024538700, 28.72244652945910200 ) ) ;
#5547 = FACE_OUTER_BOUND ( 'NONE', #6673, .T. ) ;
#5548 = CARTESIAN_POINT ( 'NONE',  ( 1644.587962685858400, 2063.185121461922800, 66.82244652945912800 ) ) ;
#5549 = VERTEX_POINT ( 'NONE', #316 ) ;
#5550 = CARTESIAN_POINT ( 'NONE',  ( 1588.683154854735000, 1974.619284624999000, 120.7339465294591000 ) ) ;
#5551 = EDGE_CURVE ( 'NONE', #1365, #5005, #6334, .T. ) ;
#5552 = CARTESIAN_POINT ( 'NONE',  ( 1767.629999349615000, 2017.085235304118700, 64.82472902630061600 ) ) ;
#5553 = PRODUCT_DEFINITION_FORMATION_WITH_SPECIFIED_SOURCE ( 'ANY', '', #292, .NOT_KNOWN. ) ;
#5554 = CARTESIAN_POINT ( 'NONE',  ( 1656.499989384793500, 1982.699832439667000, -9.994783470538694200 ) ) ;
#5555 = CARTESIAN_POINT ( 'NONE',  ( 1533.389311474541300, 1973.213016826843600, -78.40205347054089200 ) ) ;
#5556 = CARTESIAN_POINT ( 'NONE',  ( 1551.206676217240100, 2039.126555560140100, 111.2089465294591000 ) ) ;
#5557 = DIRECTION ( 'NONE',  ( -1.000000000000000000, 0.0000000000000000000, 0.0000000000000000000 ) ) ;
#5558 = EDGE_CURVE ( 'NONE', #1175, #4359, #4275, .T. ) ;
#5559 = EDGE_LOOP ( 'NONE', ( #1409, #6700, #192, #1203 ) ) ;
#5560 = CARTESIAN_POINT ( 'NONE',  ( 1555.845914799934900, 1957.723415856068000, -51.92255347054098300 ) ) ;
#5561 = CARTESIAN_POINT ( 'NONE',  ( 1677.045253992959000, 1958.037543000164500, 114.0664465294590700 ) ) ;
#5562 = ORIENTED_EDGE ( 'NONE', *, *, #4526, .F. ) ;
#5563 = VERTEX_POINT ( 'NONE', #2215 ) ;
#5564 = CARTESIAN_POINT ( 'NONE',  ( 1654.970939397979900, 1982.699832439667300, -52.17627988561019200 ) ) ;
#5565 = LINE ( 'NONE', #4880, #2128 ) ;
#5566 = CARTESIAN_POINT ( 'NONE',  ( 1528.691594977656200, 1925.032295249959100, 111.2089465294591300 ) ) ;
#5567 = ORIENTED_EDGE ( 'NONE', *, *, #1437, .F. ) ;
#5568 = EDGE_CURVE ( 'NONE', #5658, #4367, #1007, .T. ) ;
#5569 = EDGE_LOOP ( 'NONE', ( #3736, #1534, #1993 ) ) ;
#5570 = CARTESIAN_POINT ( 'NONE',  ( 1553.727949345754000, 1936.429833510166200, 28.72244652945910200 ) ) ;
#5571 = DIRECTION ( 'NONE',  ( -1.000000000000000000, -0.0000000000000000000, -0.0000000000000000000 ) ) ;
#5572 = DIRECTION ( 'NONE',  ( 0.0000000000000000000, 0.0000000000000000000, 1.000000000000000000 ) ) ;
#5573 = EDGE_CURVE ( 'NONE', #4617, #3182, #4202, .T. ) ;
#5574 = CARTESIAN_POINT ( 'NONE',  ( 1707.939999349615200, 1969.999832439667200, 0.1474465294591179000 ) ) ;
#5575 = VERTEX_POINT ( 'NONE', #4120 ) ;
#5576 = VERTEX_POINT ( 'NONE', #3424 ) ;
#5577 = CARTESIAN_POINT ( 'NONE',  ( 1529.453346777293700, 1993.235990165161200, -78.40205347054087800 ) ) ;
#5578 = CARTESIAN_POINT ( 'NONE',  ( 1577.265297381134600, 1894.387768321697900, 120.7339465294591000 ) ) ;
#5579 = VECTOR ( 'NONE', #3078, 1000.000000000000000 ) ;
#5580 = CARTESIAN_POINT ( 'NONE',  ( 1767.629999349615000, 1899.086145647578600, 37.17876906639782700 ) ) ;
#5581 = CARTESIAN_POINT ( 'NONE',  ( 1796.839999349614800, 1929.907778584152100, -69.27908125983728400 ) ) ;
#5582 = B_SPLINE_CURVE_WITH_KNOTS ( 'NONE', 3,
 ( #5132, #4439, #3738, #3068 ),
 .UNSPECIFIED., .F., .F.,
 ( 4, 4 ),
 ( 0.0000000000000000000, 1.000000000000000000 ),
 .UNSPECIFIED. ) ;
#5583 = DIRECTION ( 'NONE',  ( -0.0000000000000000000, -0.0000000000000000000, -1.000000000000000000 ) ) ;
#5584 = CARTESIAN_POINT ( 'NONE',  ( 1613.387914245506600, 2053.176444520805500, 120.7339465294591000 ) ) ;
#5585 = VECTOR ( 'NONE', #3111, 1000.000000000000000 ) ;
#5586 = ADVANCED_FACE ( 'NONE', ( #2480 ), #3174, .T. ) ;
#5587 = CARTESIAN_POINT ( 'NONE',  ( 1698.333748355590200, 1909.991843620223100, -78.40205347054087800 ) ) ;
#5588 = CARTESIAN_POINT ( 'NONE',  ( 1551.113350775237700, 2036.959734785373500, 120.7339465294590900 ) ) ;
#5589 = DIRECTION ( 'NONE',  ( -0.0000000000000000000, -0.0000000000000000000, -1.000000000000000000 ) ) ;
#5590 = CARTESIAN_POINT ( 'NONE',  ( 1635.641483957181900, 1930.712918220341600, -78.40205347054089200 ) ) ;
#5591 = CARTESIAN_POINT ( 'NONE',  ( 1596.513611874856500, 1973.447356406235300, 120.7339465294591000 ) ) ;
#5592 = VECTOR ( 'NONE', #5478, 1000.000000000000000 ) ;
#5593 = EDGE_CURVE ( 'NONE', #5000, #2126, #6171, .T. ) ;
#5594 = CARTESIAN_POINT ( 'NONE',  ( 1767.629999349615000, 2040.496932482496300, 37.96491705821915700 ) ) ;
#5595 = CARTESIAN_POINT ( 'NONE',  ( 1767.629999349615000, 1948.022746719655300, -76.77482346837777500 ) ) ;
#5596 = AXIS2_PLACEMENT_3D ( 'NONE', #4396, #3699, #3021 ) ;
#5597 = CARTESIAN_POINT ( 'NONE',  ( 1544.155152997900800, 2003.963197885212800, -78.40205347054089200 ) ) ;
#5598 = CARTESIAN_POINT ( 'NONE',  ( 1732.612108971966100, 1919.645545833170400, -90.78455347054091400 ) ) ;
#5599 = LINE ( 'NONE', #4912, #3157 ) ;
#5600 = EDGE_CURVE ( 'NONE', #6219, #2293, #2556, .T. ) ;
#5601 = CARTESIAN_POINT ( 'NONE',  ( 1743.442182580930400, 2005.658369451704600, -114.5970534705410000 ) ) ;
#5602 = CARTESIAN_POINT ( 'NONE',  ( 1723.545976594248000, 1880.552805463220700, -62.29636673178738700 ) ) ;
#5603 = VERTEX_POINT ( 'NONE', #1240 ) ;
#5604 = CIRCLE ( 'NONE', #3821, 85.88242951849922200 ) ;
#5605 = FACE_OUTER_BOUND ( 'NONE', #5722, .T. ) ;
#5606 = B_SPLINE_CURVE_WITH_KNOTS ( 'NONE', 3,
 ( #5516, #1392, #708, #27 ),
 .UNSPECIFIED., .F., .F.,
 ( 4, 4 ),
 ( 0.0000000000000000000, 0.9999999437024380500 ),
 .UNSPECIFIED. ) ;
#5607 = ORIENTED_EDGE ( 'NONE', *, *, #5961, .F. ) ;
#5608 = EDGE_CURVE ( 'NONE', #80, #5730, #555, .T. ) ;
#5609 = CARTESIAN_POINT ( 'NONE',  ( 1659.488291326373000, 2010.887005064263600, 120.7339465294591300 ) ) ;
#5610 = DIRECTION ( 'NONE',  ( 0.0000000000000000000, 0.0000000000000000000, -1.000000000000000000 ) ) ;
#5611 = ORIENTED_EDGE ( 'NONE', *, *, #6341, .T. ) ;
#5612 = CARTESIAN_POINT ( 'NONE',  ( 1531.030043289452100, 1940.751947981289300, -78.40205347054090600 ) ) ;
#5613 = DIRECTION ( 'NONE',  ( -0.0000000000000000000, 0.0000000000000000000, -1.000000000000000000 ) ) ;
#5614 = CARTESIAN_POINT ( 'NONE',  ( 1580.808449837752100, 1889.787144307280600, 111.2089465294591100 ) ) ;
#5615 = EDGE_CURVE ( 'NONE', #2097, #526, #5212, .T. ) ;
#5616 = DIRECTION ( 'NONE',  ( 0.0000000000000000000, -6.829619984160648200E-017, 1.000000000000000000 ) ) ;
#5617 = ORIENTED_EDGE ( 'NONE', *, *, #429, .T. ) ;
#5618 = EDGE_LOOP ( 'NONE', ( #4165, #4496, #2206 ) ) ;
#5619 = CARTESIAN_POINT ( 'NONE',  ( 1704.943730349614300, 2048.999832433316400, 66.82244652945910000 ) ) ;
#5620 = CIRCLE ( 'NONE', #4371, 85.88242951849922200 ) ;
#5621 = DIRECTION ( 'NONE',  ( -1.000000000000000000, 0.0000000000000000000, 0.0000000000000000000 ) ) ;
#5622 = CARTESIAN_POINT ( 'NONE',  ( 1767.629999349615200, 1921.931467671016700, 64.09612915392497700 ) ) ;
#5623 = VERTEX_POINT ( 'NONE', #3146 ) ;
#5624 = CARTESIAN_POINT ( 'NONE',  ( 1727.263389497649500, 2045.365585051912100, -78.71955347054094400 ) ) ;
#5625 = DIRECTION ( 'NONE',  ( -0.0000000000000000000, -0.0000000000000000000, 1.000000000000000000 ) ) ;
#5626 = EDGE_CURVE ( 'NONE', #3953, #2458, #5138, .T. ) ;
#5627 = CARTESIAN_POINT ( 'NONE',  ( 1743.499999349615100, 1969.999832439667200, 0.1474465294591179000 ) ) ;
#5628 = DIRECTION ( 'NONE',  ( -0.0000000000000000000, -0.0000000000000000000, 1.000000000000000000 ) ) ;
#5629 = CARTESIAN_POINT ( 'NONE',  ( 1543.297280928957700, 2034.693065608813000, 120.7339465294591000 ) ) ;
#5630 = B_SPLINE_CURVE_WITH_KNOTS ( 'NONE', 3,
 ( #844, #155, #6183, #5491, #4809, #4126, #3432, #2739, #2063, #1368, #681, #6710, #6019, #5332, #4652, #3960, #3271, #2582 ),
 .UNSPECIFIED., .F., .F.,
 ( 4, 2, 2, 2, 2, 2, 2, 2, 4 ),
 ( 0.0000000000000000000, 0.1249999999999962300, 0.2499999999999924500, 0.3749999999999886800, 0.4999999999999849000, 0.6249999999999811300, 0.7499999999999773500, 0.8749999999999886800, 1.000000000000000000 ),
 .UNSPECIFIED. ) ;
#5631 = LINE ( 'NONE', #4945, #2219 ) ;
#5632 = ADVANCED_FACE ( 'NONE', ( #4558 ), #4192, .F. ) ;
#5633 = CARTESIAN_POINT ( 'NONE',  ( 1605.930976731747700, 1913.002561150503900, -78.40205347054087800 ) ) ;
#5634 = VERTEX_POINT ( 'NONE', #1443 ) ;
#5635 = CARTESIAN_POINT ( 'NONE',  ( 1591.999999384806000, 1969.999832337318600, -78.40205347054089200 ) ) ;
#5636 = CARTESIAN_POINT ( 'NONE',  ( 1796.839999349615000, 2030.270777267954600, -52.71869341603892400 ) ) ;
#5637 = FACE_OUTER_BOUND ( 'NONE', #6139, .T. ) ;
#5638 = EDGE_CURVE ( 'NONE', #5405, #2783, #6692, .T. ) ;
#5639 = CARTESIAN_POINT ( 'NONE',  ( 1767.629999349615000, 2047.883513473023000, -18.14012187799086500 ) ) ;
#5640 = CARTESIAN_POINT ( 'NONE',  ( 1767.629999349615400, 1916.145447251485800, -59.01129208403345000 ) ) ;
#5641 = CARTESIAN_POINT ( 'NONE',  ( 1569.341217812616600, 2024.140826682709100, -78.40205347054087800 ) ) ;
#5642 = CARTESIAN_POINT ( 'NONE',  ( 1656.419164849530300, 2018.725259401927800, 111.2089465294591000 ) ) ;
#5643 = DIRECTION ( 'NONE',  ( -0.0000000000000000000, 8.079526793559758100E-017, -1.000000000000000000 ) ) ;
#5644 = CIRCLE ( 'NONE', #1561, 85.88242951849922200 ) ;
#5645 = FACE_OUTER_BOUND ( 'NONE', #1336, .T. ) ;
#5646 = ORIENTED_EDGE ( 'NONE', *, *, #5568, .T. ) ;
#5647 = CARTESIAN_POINT ( 'NONE',  ( 1702.536043218027300, 1905.935839949418800, -90.78455347054080000 ) ) ;
#5648 = CARTESIAN_POINT ( 'NONE',  ( 1510.435578715619200, 1981.491287648571200, 111.2089465294590800 ) ) ;
#5649 = ORIENTED_EDGE ( 'NONE', *, *, #1186, .T. ) ;
#5650 = ORIENTED_EDGE ( 'NONE', *, *, #3893, .F. ) ;
#5651 = CARTESIAN_POINT ( 'NONE',  ( 1548.374945407511600, 2043.977169025242600, 120.7339465294591000 ) ) ;
#5652 = CARTESIAN_POINT ( 'NONE',  ( 1715.275837694231500, 1889.801040471269100, -74.10107364398349700 ) ) ;
#5653 = ORIENTED_EDGE ( 'NONE', *, *, #672, .F. ) ;
#5654 = CARTESIAN_POINT ( 'NONE',  ( 1568.703451960139100, 1907.466829018314500, -78.40205347054089200 ) ) ;
#5655 = CARTESIAN_POINT ( 'NONE',  ( 1591.999999384806000, 1969.999832439667200, -53.00205347054088600 ) ) ;
#5656 = CARTESIAN_POINT ( 'NONE',  ( 1513.616215476993400, 1981.721212591644200, 120.7339465294590800 ) ) ;
#5657 = CARTESIAN_POINT ( 'NONE',  ( 1722.399504418445100, 1894.634079827422300, -78.71955347054093000 ) ) ;
#5658 = VERTEX_POINT ( 'NONE', #4724 ) ;
#5659 = ORIENTED_EDGE ( 'NONE', *, *, #672, .T. ) ;
#5660 = CARTESIAN_POINT ( 'NONE',  ( 1636.516198729908600, 1906.670144914688500, 120.7339465294590900 ) ) ;
#5661 = CARTESIAN_POINT ( 'NONE',  ( 1591.999999384806000, 1868.399832439667100, 87.14744652945916000 ) ) ;
#5662 = CARTESIAN_POINT ( 'NONE',  ( 1767.629999349615000, 1959.271272954787300, 79.42480509121304500 ) ) ;
#5663 = ORIENTED_EDGE ( 'NONE', *, *, #175, .T. ) ;
#5664 = CARTESIAN_POINT ( 'NONE',  ( 1796.839999349615000, 1969.999832439667200, 70.00000000000005700 ) ) ;
#5665 = EDGE_CURVE ( 'NONE', #2047, #213, #5241, .T. ) ;
#5666 = DIRECTION ( 'NONE',  ( -0.8314696123372801200, -0.5555702329676177600, -0.0000000000000000000 ) ) ;
#5667 = DIRECTION ( 'NONE',  ( -0.0000000000000000000, -0.0000000000000000000, -1.000000000000000000 ) ) ;
#5668 = CARTESIAN_POINT ( 'NONE',  ( 1595.809083737649400, 1965.786818471032300, 120.7339465294591000 ) ) ;
#5669 = CARTESIAN_POINT ( 'NONE',  ( 1533.325999384806000, 1969.999832439667400, -78.40205347054087800 ) ) ;
#5670 = CARTESIAN_POINT ( 'NONE',  ( 1567.016126524450100, 1916.910767960937600, -78.40205347054092000 ) ) ;
#5671 = CARTESIAN_POINT ( 'NONE',  ( 1580.751077124537700, 1888.934810584389700, 111.2089465294590800 ) ) ;
#5672 = CARTESIAN_POINT ( 'NONE',  ( 1748.500493865758700, 1984.438751524404100, -90.78455347054091400 ) ) ;
#5673 = CYLINDRICAL_SURFACE ( 'NONE', #6188, 19.99999926449591600 ) ;
#5674 = CARTESIAN_POINT ( 'NONE',  ( 1767.629999349615000, 2030.335089524650400, -52.38500823102021500 ) ) ;
#5675 = B_SPLINE_CURVE_WITH_KNOTS ( 'NONE', 3,
 ( #1926, #5206, #4511, #3817, #3140, #2448, #1757, #1075, #391, #6406, #5720, #5045, #4352, #3657, #2974, #2286, #1598, #916 ),
 .UNSPECIFIED., .F., .F.,
 ( 4, 2, 2, 2, 2, 2, 2, 2, 4 ),
 ( 0.5000000000000000000, 0.5625000000000000000, 0.6250000000000000000, 0.6875000000000000000, 0.7500000000000000000, 0.8125000000000000000, 0.8750000000000000000, 0.9375000000000000000, 1.000000000000000000 ),
 .UNSPECIFIED. ) ;
#5676 = CARTESIAN_POINT ( 'NONE',  ( 1610.678446332567500, 2025.621630126763400, -78.40205347054090600 ) ) ;
#5677 = DIRECTION ( 'NONE',  ( -0.0000000000000000000, 0.0000000000000000000, -1.000000000000000000 ) ) ;
#5678 = CARTESIAN_POINT ( 'NONE',  ( 1673.607642652379800, 1958.721326410273800, 120.7339465294590900 ) ) ;
#5679 = CARTESIAN_POINT ( 'NONE',  ( 1557.754463592317300, 1986.883893402287900, -51.92255347054097600 ) ) ;
#5680 = EDGE_CURVE ( 'NONE', #6495, #4892, #2658, .T. ) ;
#5681 = CARTESIAN_POINT ( 'NONE',  ( 1597.643161698843900, 1969.257004703703200, 111.2089465294591000 ) ) ;
#5682 = CARTESIAN_POINT ( 'NONE',  ( 1746.812375402455700, 1943.478686147134600, -90.78455347054088500 ) ) ;
#5683 = CARTESIAN_POINT ( 'NONE',  ( 1588.510835974319000, 1974.542751358331800, 111.2089465294590800 ) ) ;
#5684 = LINE ( 'NONE', #4999, #493 ) ;
#5685 = CARTESIAN_POINT ( 'NONE',  ( 1686.927265703549000, 1982.699832439667000, 24.57466653699779600 ) ) ;
#5686 = CARTESIAN_POINT ( 'NONE',  ( 1606.045711875768600, 2046.068519520679300, 120.7339465294590900 ) ) ;
#5687 = ORIENTED_EDGE ( 'NONE', *, *, #5728, .T. ) ;
#5688 = CARTESIAN_POINT ( 'NONE',  ( 1723.524584161778600, 2059.435920148889200, 62.60692671301709600 ) ) ;
#5689 = CARTESIAN_POINT ( 'NONE',  ( 1643.652239563765100, 1901.386147328786600, 114.0664465294591000 ) ) ;
#5690 = CARTESIAN_POINT ( 'NONE',  ( 1722.606804289327100, 2058.821122200475700, -63.18326985877929800 ) ) ;
#5691 = ORIENTED_EDGE ( 'NONE', *, *, #146, .F. ) ;
#5692 = ORIENTED_EDGE ( 'NONE', *, *, #146, .T. ) ;
#5693 = DIRECTION ( 'NONE',  ( 0.5555702329675076300, -0.8314696123373538400, 0.0000000000000000000 ) ) ;
#5694 = CARTESIAN_POINT ( 'NONE',  ( 1528.498092953348300, 1986.773301395740400, -90.78455347054092800 ) ) ;
#5695 = CARTESIAN_POINT ( 'NONE',  ( 1524.793524043939400, 1929.282631054122500, 120.7339465294590900 ) ) ;
#5696 = CARTESIAN_POINT ( 'NONE',  ( 1701.550812990331900, 2033.841665076932500, -78.71955347054093000 ) ) ;
#5697 = ORIENTED_EDGE ( 'NONE', *, *, #5354, .T. ) ;
#5698 = CARTESIAN_POINT ( 'NONE',  ( 1572.052881778542800, 2033.148557456025200, -78.40205347054086400 ) ) ;
#5699 = DIRECTION ( 'NONE',  ( 0.0000000000000000000, 1.000000000000000000, 0.0000000000000000000 ) ) ;
#5700 = CARTESIAN_POINT ( 'NONE',  ( 1767.629999349614300, 1895.560564425885600, -29.15805866126766000 ) ) ;
#5701 = CARTESIAN_POINT ( 'NONE',  ( 1587.901819993964900, 1966.058632848187000, 120.7339465294590900 ) ) ;
#5702 = CARTESIAN_POINT ( 'NONE',  ( 1591.999999384806000, 1969.999832439667200, 120.7339465294591200 ) ) ;
#5703 = CARTESIAN_POINT ( 'NONE',  ( 1541.771288960062700, 1939.584090307104600, -78.40205347054090600 ) ) ;
#5704 = ORIENTED_EDGE ( 'NONE', *, *, #6621, .F. ) ;
#5705 = CARTESIAN_POINT ( 'NONE',  ( 1720.224970953829100, 2056.096376384211900, 66.82244652945908600 ) ) ;
#5706 = CARTESIAN_POINT ( 'NONE',  ( 1767.629999349615000, 2003.016241512985700, -72.75707623818566100 ) ) ;
#5707 = CARTESIAN_POINT ( 'NONE',  ( 1638.348175298253600, 2005.978800052874500, -78.40205347054090600 ) ) ;
#5708 = LINE ( 'NONE', #3647, #360 ) ;
#5709 = LINE ( 'NONE', #5031, #343 ) ;
#5710 = ORIENTED_EDGE ( 'NONE', *, *, #6617, .T. ) ;
#5711 = CARTESIAN_POINT ( 'NONE',  ( 1587.443420934786700, 1973.390362093286300, 120.7339465294591000 ) ) ;
#5712 = CYLINDRICAL_SURFACE ( 'NONE', #5363, 50.80000000000018200 ) ;
#5713 = CARTESIAN_POINT ( 'NONE',  ( 1767.629999349614800, 2009.686425469742700, 69.61429347968312700 ) ) ;
#5714 = CARTESIAN_POINT ( 'NONE',  ( 1767.629999349615000, 1888.753272742793300, -61.89369995867341600 ) ) ;
#5715 = CARTESIAN_POINT ( 'NONE',  ( 1546.704421239243200, 2033.411512649078300, 111.2089465294591100 ) ) ;
#5716 = CARTESIAN_POINT ( 'NONE',  ( 1516.364319508705600, 1987.165285275905500, 111.2089465294591100 ) ) ;
#5717 = VECTOR ( 'NONE', #6531, 1000.000000000000000 ) ;
#5718 = VECTOR ( 'NONE', #3705, 1000.000000000000000 ) ;
#5719 = CARTESIAN_POINT ( 'NONE',  ( 1657.352858384379000, 2019.493873553022000, 120.7339465294590900 ) ) ;
#5720 = CARTESIAN_POINT ( 'NONE',  ( 1631.967356356863500, 2000.661945312595000, -53.00205347054087900 ) ) ;
#5721 = VERTEX_POINT ( 'NONE', #6615 ) ;
#5722 = EDGE_LOOP ( 'NONE', ( #4507, #4775, #281, #810, #3187, #4038, #1815, #6559 ) ) ;
#5723 = CARTESIAN_POINT ( 'NONE',  ( 1652.107035753127500, 1982.699832439667500, -55.14910730128214300 ) ) ;
#5724 = CYLINDRICAL_SURFACE ( 'NONE', #1529, 38.09999999999980200 ) ;
#5725 = APPROVAL_PERSON_ORGANIZATION ( #4685, #4747, #3302 ) ;
#5726 = CARTESIAN_POINT ( 'NONE',  ( 1667.698386372103400, 1953.064850990766900, 120.7339465294590900 ) ) ;
#5727 = APPROVAL_DATE_TIME ( #6412, #5273 ) ;
#5728 = EDGE_CURVE ( 'NONE', #6180, #5623, #5926, .T. ) ;
#5729 = CARTESIAN_POINT ( 'NONE',  ( 1524.559702176159100, 1929.338845304464300, 111.2089465294591100 ) ) ;
#5730 = VERTEX_POINT ( 'NONE', #3186 ) ;
#5731 = ORIENTED_EDGE ( 'NONE', *, *, #5856, .T. ) ;
#5732 = DIRECTION ( 'NONE',  ( -1.268686778034173600E-008, -1.000000000000000000, 0.0000000000000000000 ) ) ;
#5733 = CARTESIAN_POINT ( 'NONE',  ( 1722.001379402814100, 2058.213885292362200, -78.71955347054093000 ) ) ;
#5734 = DIRECTION ( 'NONE',  ( -1.000000000000000000, 0.0000000000000000000, 0.0000000000000000000 ) ) ;
#5735 = CARTESIAN_POINT ( 'NONE',  ( 1579.723582801206700, 2006.153917024538700, 28.72244652945910900 ) ) ;
#5736 = VERTEX_POINT ( 'NONE', #2497 ) ;
#5737 = VERTEX_POINT ( 'NONE', #1806 ) ;
#5738 = CARTESIAN_POINT ( 'NONE',  ( 1532.382048358527800, 2002.837460675519900, -78.40205347054087800 ) ) ;
#5739 = CARTESIAN_POINT ( 'NONE',  ( 1574.391297870686700, 1894.244366089575800, 120.7339465294591000 ) ) ;
#5740 = CARTESIAN_POINT ( 'NONE',  ( 1767.629999349614800, 1894.927882391180700, 27.79696623738025700 ) ) ;
#5741 = CARTESIAN_POINT ( 'NONE',  ( 1607.991149954676300, 2050.425469751560700, 111.2089465294590800 ) ) ;
#5742 = CIRCLE ( 'NONE', #3642, 70.00000000000005700 ) ;
#5743 = CARTESIAN_POINT ( 'NONE',  ( 1591.999999384806000, 1969.999832439667200, -51.92255347054089000 ) ) ;
#5744 = CARTESIAN_POINT ( 'NONE',  ( 1732.612108965068500, 2020.354119150146300, -90.78455347054092800 ) ) ;
#5745 = CARTESIAN_POINT ( 'NONE',  ( 1548.377055529329700, 1944.808691962388100, -53.00205347054088600 ) ) ;
#5746 = DIRECTION ( 'NONE',  ( 0.9807852803909403700, -0.1950903220779146000, 0.0000000000000000000 ) ) ;
#5747 = CARTESIAN_POINT ( 'NONE',  ( 1704.943730349614300, 1890.999832446017100, 87.14744652945916000 ) ) ;
#5748 = CARTESIAN_POINT ( 'NONE',  ( 1640.064377013276500, 1936.331109092146100, -78.40205347054089200 ) ) ;
#5749 = CARTESIAN_POINT ( 'NONE',  ( 1595.442927669870400, 1974.519274953973500, 120.7339465294590900 ) ) ;
#5750 = CARTESIAN_POINT ( 'NONE',  ( 1767.629999349614800, 2035.578662858868300, 45.96700642468296400 ) ) ;
#5751 = EDGE_CURVE ( 'NONE', #1281, #4892, #504, .T. ) ;
#5752 = CARTESIAN_POINT ( 'NONE',  ( 1767.629999349615000, 1959.573079731384500, -79.17019331085124600 ) ) ;
#5753 = CARTESIAN_POINT ( 'NONE',  ( 1538.900833774046300, 1994.962143749859500, -78.40205347054090600 ) ) ;
#5754 = CARTESIAN_POINT ( 'NONE',  ( 1591.999999384806000, 2008.099832439667100, -51.92255347054089000 ) ) ;
#5755 = CARTESIAN_POINT ( 'NONE',  ( 1724.530186713323200, 1880.172169955933700, 62.04244986661509400 ) ) ;
#5756 = AXIS2_PLACEMENT_3D ( 'NONE', #5176, #2415, #1728 ) ;
#5757 = CIRCLE ( 'NONE', #2908, 106.9999624967876700 ) ;
#5758 = LINE ( 'NONE', #4390, #3214 ) ;
#5759 = FACE_OUTER_BOUND ( 'NONE', #2401, .T. ) ;
#5760 = CARTESIAN_POINT ( 'NONE',  ( 1724.662947647281700, 1880.138209653261800, -61.69824308421612400 ) ) ;
#5761 = VERTEX_POINT ( 'NONE', #5093 ) ;
#5762 = CARTESIAN_POINT ( 'NONE',  ( 1590.514876830180600, 1964.467343119826000, 111.2089465294590800 ) ) ;
#5763 = FACE_OUTER_BOUND ( 'NONE', #4481, .T. ) ;
#5764 = CARTESIAN_POINT ( 'NONE',  ( 1661.409649975329100, 2011.031349770202000, 120.7339465294590900 ) ) ;
#5765 = CARTESIAN_POINT ( 'NONE',  ( 1642.266599384806100, 1969.999832439667400, -53.00205347054087900 ) ) ;
#5766 = ORIENTED_EDGE ( 'NONE', *, *, #6565, .F. ) ;
#5767 = CARTESIAN_POINT ( 'NONE',  ( 1528.906847959850900, 1950.037324227169400, -78.40205347054090600 ) ) ;
#5768 = DIRECTION ( 'NONE',  ( -1.000000000000000000, -0.0000000000000000000, -0.0000000000000000000 ) ) ;
#5769 = CARTESIAN_POINT ( 'NONE',  ( 1546.339284994820700, 1992.511913723161300, 28.72244652945909500 ) ) ;
#5770 = CARTESIAN_POINT ( 'NONE',  ( 1704.943730349614300, 2048.999832433316400, 87.14744652945913100 ) ) ;
#5771 = EDGE_LOOP ( 'NONE', ( #2064, #2531, #1956, #4225 ) ) ;
#5772 = LOCAL_TIME ( 18, 46, 3.000000000000000000, #5897 ) ;
#5773 = ORIENTED_EDGE ( 'NONE', *, *, #5160, .F. ) ;
#5774 = CARTESIAN_POINT ( 'NONE',  ( 1722.001379402814300, 2058.213885292362200, 64.32128259301360600 ) ) ;
#5775 = CARTESIAN_POINT ( 'NONE',  ( 1580.590812767368800, 1891.210232458926800, 120.7339465294591000 ) ) ;
#5776 = CARTESIAN_POINT ( 'NONE',  ( 1767.629999349615200, 1915.573425410173100, 58.77992949018887700 ) ) ;
#5777 = CARTESIAN_POINT ( 'NONE',  ( 1570.612906838158100, 1886.823008914205000, 120.7339465294591000 ) ) ;
#5778 = CARTESIAN_POINT ( 'NONE',  ( 1767.629999349615000, 2026.382455441593300, 85.14744614636008200 ) ) ;
#5779 = DIRECTION ( 'NONE',  ( -0.0000000000000000000, -0.0000000000000000000, -1.000000000000000000 ) ) ;
#5780 = CARTESIAN_POINT ( 'NONE',  ( 1721.488866666980100, 2057.603092466165900, 65.16088505341267000 ) ) ;
#5781 = CARTESIAN_POINT ( 'NONE',  ( 1545.243713247929000, 2033.594854617484800, 120.7339465294590900 ) ) ;
#5782 = CARTESIAN_POINT ( 'NONE',  ( 1575.803313772177500, 2017.699121368641700, -53.00205347054088600 ) ) ;
#5783 = CARTESIAN_POINT ( 'NONE',  ( 1614.492324970597100, 1915.790992939870200, -78.40205347054089200 ) ) ;
#5784 = CARTESIAN_POINT ( 'NONE',  ( 1715.807840104889900, 2052.174471825092000, 71.89390343225667800 ) ) ;
#5785 = B_SPLINE_CURVE_WITH_KNOTS ( 'NONE', 3,
 ( #6362, #2925, #2242, #1557, #866, #180, #6208, #5514, #4833, #4147, #3451, #2761, #2084, #1390, #705, #24 ),
 .UNSPECIFIED., .F., .F.,
 ( 4, 2, 2, 2, 2, 2, 2, 4 ),
 ( 2.371437420133773600E-016, 0.004170597117655791200, 0.005213246397069829600, 0.006255895676483866400, 0.008341194235311686500, 0.01042649279413950500, 0.01251179135296732200, 0.01668238847062368900 ),
 .UNSPECIFIED. ) ;
#5786 = CARTESIAN_POINT ( 'NONE',  ( 1796.839999349615000, 2047.441164186646100, 20.89005197057609200 ) ) ;
#5787 = CARTESIAN_POINT ( 'NONE',  ( 1767.629999349615000, 2049.999844743089900, -1.519020888582238000 ) ) ;
#5788 = ORIENTED_EDGE ( 'NONE', *, *, #4834, .F. ) ;
#5789 = CARTESIAN_POINT ( 'NONE',  ( 1767.629999349615000, 1922.914429556595000, -64.52983595263994200 ) ) ;
#5790 = CARTESIAN_POINT ( 'NONE',  ( 1561.274058622712800, 2019.985421445005200, -78.40205347054090600 ) ) ;
#5791 = CARTESIAN_POINT ( 'NONE',  ( 1668.402933949676000, 1956.902393148138100, 111.2089465294591100 ) ) ;
#5792 = CARTESIAN_POINT ( 'NONE',  ( 1528.498092979527700, 1983.500809044675000, -114.5970534705409000 ) ) ;
#5793 = ORIENTED_EDGE ( 'NONE', *, *, #5091, .T. ) ;
#5794 = CARTESIAN_POINT ( 'NONE',  ( 1720.264613344747700, 2056.144073243749500, 76.98494652945909400 ) ) ;
#5795 = LINE ( 'NONE', #5125, #4428 ) ;
#5796 = ORIENTED_EDGE ( 'NONE', *, *, #802, .T. ) ;
#5797 = FACE_OUTER_BOUND ( 'NONE', #5771, .T. ) ;
#5798 = ORIENTED_EDGE ( 'NONE', *, *, #2433, .F. ) ;
#5799 = FACE_OUTER_BOUND ( 'NONE', #4158, .T. ) ;
#5800 = CARTESIAN_POINT ( 'NONE',  ( 1655.367025145026900, 2015.165418543897000, 120.7339465294590900 ) ) ;
#5801 = CARTESIAN_POINT ( 'NONE',  ( 1748.500534579525700, 1956.498855844675700, -102.6908034705409100 ) ) ;
#5802 = ORIENTED_EDGE ( 'NONE', *, *, #2469, .T. ) ;
#5803 = CARTESIAN_POINT ( 'NONE',  ( 1558.727141841381800, 1910.570276964442400, -78.40205347054089200 ) ) ;
#5804 = VECTOR ( 'NONE', #3058, 1000.000000000000000 ) ;
#5805 = DIRECTION ( 'NONE',  ( -1.000000000000000000, 0.0000000000000000000, 0.0000000000000000000 ) ) ;
#5806 = CARTESIAN_POINT ( 'NONE',  ( 1515.535711484516700, 1983.259522274217500, 120.7339465294591200 ) ) ;
#5807 = CARTESIAN_POINT ( 'NONE',  ( 1591.999999384806000, 1969.999832439667200, 111.2089465294591100 ) ) ;
#5808 = ORIENTED_EDGE ( 'NONE', *, *, #580, .T. ) ;
#5809 = ORIENTED_EDGE ( 'NONE', *, *, #637, .F. ) ;
#5810 = CARTESIAN_POINT ( 'NONE',  ( 1633.519048220389500, 1904.589806962069400, 120.7339465294590900 ) ) ;
#5811 = CARTESIAN_POINT ( 'NONE',  ( 1608.196684997434900, 1922.300543510693200, -53.00205347054088600 ) ) ;
#5812 = CARTESIAN_POINT ( 'NONE',  ( 1767.629999349614800, 1947.531750728931700, 76.92755800443725900 ) ) ;
#5813 = VERTEX_POINT ( 'NONE', #5765 ) ;
#5814 = DIRECTION ( 'NONE',  ( 0.0000000000000000000, -1.000000000000000000, 0.0000000000000000000 ) ) ;
#5815 = CARTESIAN_POINT ( 'NONE',  ( 1527.520872671005200, 1921.475806791078600, 120.7339465294591200 ) ) ;
#5816 = CARTESIAN_POINT ( 'NONE',  ( 1516.371418980839100, 1987.128420255870900, 120.7339465294590900 ) ) ;
#5817 = ORIENTED_EDGE ( 'NONE', *, *, #2999, .F. ) ;
#5818 = ADVANCED_FACE ( 'NONE', ( #4735 ), #4902, .T. ) ;
#5819 = CARTESIAN_POINT ( 'NONE',  ( 1596.718467072597200, 1966.836197324194900, 120.7339465294591000 ) ) ;
#5820 = CARTESIAN_POINT ( 'NONE',  ( 1485.000036888018300, 1969.999832439667200, 66.82244652945908600 ) ) ;
#5821 = CARTESIAN_POINT ( 'NONE',  ( 1573.763750998125000, 1914.230591917442800, -78.40205347054092000 ) ) ;
#5822 = DIRECTION ( 'NONE',  ( 0.0000000000000000000, 0.0000000000000000000, 1.000000000000000000 ) ) ;
#5823 = DIRECTION ( 'NONE',  ( -0.7660446713162630800, 0.6427873377315069800, 0.0000000000000000000 ) ) ;
#5824 = EDGE_CURVE ( 'NONE', #186, #1923, #2327, .T. ) ;
#5825 = CARTESIAN_POINT ( 'NONE',  ( 1767.629999349615200, 2035.874812085668300, -45.24516575206474300 ) ) ;
#5826 = CARTESIAN_POINT ( 'NONE',  ( 1603.191762818573400, 2027.600982937471100, -78.40205347054090600 ) ) ;
#5827 = CARTESIAN_POINT ( 'NONE',  ( 1767.629999349614800, 2032.040979358057700, 81.39400588556797800 ) ) ;
#5828 = B_SPLINE_CURVE_WITH_KNOTS ( 'NONE', 3,
 ( #3494, #2123, #1432, #746 ),
 .UNSPECIFIED., .F., .F.,
 ( 4, 4 ),
 ( 0.0000000000000000000, 1.000000000000000000 ),
 .UNSPECIFIED. ) ;
#5829 = CARTESIAN_POINT ( 'NONE',  ( 1671.865112813523900, 1958.869531605071000, 120.7339465294591000 ) ) ;
#5830 = CARTESIAN_POINT ( 'NONE',  ( 1587.012782707374800, 2007.854236491461500, -51.92255347054098300 ) ) ;
#5831 = AXIS2_PLACEMENT_3D ( 'NONE', #5509, #4827, #4142 ) ;
#5832 = DIRECTION ( 'NONE',  ( 1.000000000000000000, -0.0000000000000000000, 0.0000000000000000000 ) ) ;
#5833 = CARTESIAN_POINT ( 'NONE',  ( 1597.532354221548100, 1971.484899295534000, 111.2089465294591000 ) ) ;
#5834 = CARTESIAN_POINT ( 'NONE',  ( 1603.234473120731500, 2050.425469081103500, 120.7339465294591000 ) ) ;
#5835 = AXIS2_PLACEMENT_3D ( 'NONE', #6512, #5823, #5151 ) ;
#5836 = ADVANCED_FACE ( 'NONE', ( #5763 ), #5937, .T. ) ;
#5837 = CARTESIAN_POINT ( 'NONE',  ( 1708.242510413572700, 1902.599306792875500, -78.71955347054094400 ) ) ;
#5838 = VECTOR ( 'NONE', #926, 1000.000000000000000 ) ;
#5839 = CARTESIAN_POINT ( 'NONE',  ( 1608.927425475644400, 2045.759728790561700, 120.7339465294591000 ) ) ;
#5840 = ORIENTED_EDGE ( 'NONE', *, *, #4523, .T. ) ;
#5841 = CARTESIAN_POINT ( 'NONE',  ( 1724.624190501722300, 2059.851996096668700, 62.00687648882306000 ) ) ;
#5842 = CARTESIAN_POINT ( 'NONE',  ( 1603.234771530248100, 2050.425469751560700, 111.2089465294590800 ) ) ;
#5843 = CARTESIAN_POINT ( 'NONE',  ( 1658.104426463628700, 1982.699832439667000, -4.561423404464625800 ) ) ;
#5844 = ORIENTED_EDGE ( 'NONE', *, *, #4556, .F. ) ;
#5845 = ORIENTED_EDGE ( 'NONE', *, *, #5177, .F. ) ;
#5846 = ADVANCED_FACE ( 'NONE', ( #6636, #269 ), #4921, .T. ) ;
#5847 = VECTOR ( 'NONE', #6394, 1000.000000000000000 ) ;
#5848 = CARTESIAN_POINT ( 'NONE',  ( 1632.767287221963700, 1902.019912898659000, 111.2089465294591000 ) ) ;
#5849 = AXIS2_PLACEMENT_3D ( 'NONE', #4363, #3667, #2987 ) ;
#5850 = CARTESIAN_POINT ( 'NONE',  ( 1743.499999349615100, 1879.999861042323800, -90.78455347054089900 ) ) ;
#5851 = CARTESIAN_POINT ( 'NONE',  ( 1523.138286199485300, 1929.295523551182400, 120.7339465294591200 ) ) ;
#5852 = CARTESIAN_POINT ( 'NONE',  ( 1541.199999384805800, 1969.999832439667200, 66.82244652945912800 ) ) ;
#5853 = ORIENTED_EDGE ( 'NONE', *, *, #3431, .T. ) ;
#5854 = EDGE_CURVE ( 'NONE', #5876, #5549, #3593, .T. ) ;
#5855 = CARTESIAN_POINT ( 'NONE',  ( 1580.699807327097900, 1890.954357642677700, 111.2089465294591100 ) ) ;
#5856 = EDGE_CURVE ( 'NONE', #5412, #4193, #5444, .T. ) ;
#5857 = CARTESIAN_POINT ( 'NONE',  ( 1637.338800128756000, 1906.801101409764700, 111.2089465294591100 ) ) ;
#5858 = CARTESIAN_POINT ( 'NONE',  ( 1767.629999349615200, 1899.732003783019100, -38.09517393744582100 ) ) ;
#5859 = CARTESIAN_POINT ( 'NONE',  ( 1589.377986522167700, 1964.961595000847400, 120.7339465294590900 ) ) ;
#5860 = LINE ( 'NONE', #5187, #2954 ) ;
#5861 = CARTESIAN_POINT ( 'NONE',  ( 1546.205592183735000, 1933.296428594009700, -78.40205347054089200 ) ) ;
#5862 = ORIENTED_EDGE ( 'NONE', *, *, #2769, .T. ) ;
#5863 = PLANE ( 'NONE',  #1724 ) ;
#5864 = CARTESIAN_POINT ( 'NONE',  ( 1767.629999349615000, 2010.489221539775600, -68.86074932233698600 ) ) ;
#5865 = CARTESIAN_POINT ( 'NONE',  ( 1631.243903433889000, 2013.618113524921700, -78.40205347054090600 ) ) ;
#5866 = DIRECTION ( 'NONE',  ( -0.0000000000000000000, -0.0000000000000000000, -1.000000000000000000 ) ) ;
#5867 = CARTESIAN_POINT ( 'NONE',  ( 1656.248381209102000, 2012.795949930110700, 111.2089465294591100 ) ) ;
#5868 = ORIENTED_EDGE ( 'NONE', *, *, #6330, .T. ) ;
#5869 = CARTESIAN_POINT ( 'NONE',  ( 1586.542867430304600, 1971.573905943729400, 120.7339465294590900 ) ) ;
#5870 = EDGE_CURVE ( 'NONE', #2178, #2293, #6131, .T. ) ;
#5871 = CARTESIAN_POINT ( 'NONE',  ( 1767.629999349614500, 2003.263245896635500, 72.90818208153263000 ) ) ;
#5872 = LINE ( 'NONE', #5199, #3256 ) ;
#5873 = CARTESIAN_POINT ( 'NONE',  ( 1551.275933999095300, 2038.192701160191700, 111.2089465294591100 ) ) ;
#5874 = DIRECTION ( 'NONE',  ( 0.0000000000000000000, 1.000000000000000000, 0.0000000000000000000 ) ) ;
#5875 = EDGE_CURVE ( 'NONE', #5967, #6233, #4635, .T. ) ;
#5876 = VERTEX_POINT ( 'NONE', #5285 ) ;
#5877 = CARTESIAN_POINT ( 'NONE',  ( 1656.041910855042500, 2018.083190945025300, 120.7339465294590900 ) ) ;
#5878 = DIRECTION ( 'NONE',  ( -1.000000000000000000, -0.0000000000000000000, -0.0000000000000000000 ) ) ;
#5879 = ORIENTED_EDGE ( 'NONE', *, *, #4002, .F. ) ;
#5880 = VECTOR ( 'NONE', #938, 1000.000000000000000 ) ;
#5881 = CARTESIAN_POINT ( 'NONE',  ( 1649.275560274872100, 1982.699832439667000, -56.48724762161314300 ) ) ;
#5882 = EDGE_CURVE ( 'NONE', #4360, #4354, #4602, .T. ) ;
#5883 = VECTOR ( 'NONE', #5171, 1000.000000000000000 ) ;
#5884 = CARTESIAN_POINT ( 'NONE',  ( 1669.094290020990900, 1950.657854344341300, 120.7339465294590900 ) ) ;
#5885 = PERSON_AND_ORGANIZATION_ROLE ( 'design_supplier' ) ;
#5886 = DIRECTION ( 'NONE',  ( -1.000000000000000000, -0.0000000000000000000, -0.0000000000000000000 ) ) ;
#5887 = ORIENTED_EDGE ( 'NONE', *, *, #1754, .T. ) ;
#5888 = ADVANCED_FACE ( 'NONE', ( #965 ), #5966, .T. ) ;
#5889 = VERTEX_POINT ( 'NONE', #477 ) ;
#5890 = CARTESIAN_POINT ( 'NONE',  ( 1603.234742729350300, 2050.425469753478400, 111.2089465294591000 ) ) ;
#5891 = VECTOR ( 'NONE', #968, 1000.000000000000000 ) ;
#5892 = EDGE_CURVE ( 'NONE', #5149, #1635, #6488, .T. ) ;
#5893 = CARTESIAN_POINT ( 'NONE',  ( 1633.312658253099900, 1899.761106654740400, 120.7339465294591000 ) ) ;
#5894 = CARTESIAN_POINT ( 'NONE',  ( 1528.691594977655800, 1924.604251920089800, 120.7339465294591000 ) ) ;
#5895 = CARTESIAN_POINT ( 'NONE',  ( 1555.118565069873500, 1979.878498299864800, 28.72244652945909800 ) ) ;
#5896 = ORIENTED_EDGE ( 'NONE', *, *, #336, .F. ) ;
#5897 = COORDINATED_UNIVERSAL_TIME_OFFSET ( 1, 0, .AHEAD. ) ;
#5898 = CARTESIAN_POINT ( 'NONE',  ( 1537.641975677887600, 2012.349052974999900, -78.40205347054090600 ) ) ;
#5899 = CARTESIAN_POINT ( 'NONE',  ( 1573.309925673248200, 1893.674888902362500, 120.7339465294591000 ) ) ;
#5900 = CARTESIAN_POINT ( 'NONE',  ( 1767.629999349615400, 1891.212555001787500, 14.19611724169123700 ) ) ;
#5901 = DIRECTION ( 'NONE',  ( 1.000000000000000000, -1.017739762824782800E-015, -0.0000000000000000000 ) ) ;
#5902 = CARTESIAN_POINT ( 'NONE',  ( 1710.645599734907600, 1999.127920903737000, -78.40205347054089200 ) ) ;
#5903 = CARTESIAN_POINT ( 'NONE',  ( 1533.837666664270700, 1962.267990482869200, -78.40205347054089200 ) ) ;
#5904 = DIRECTION ( 'NONE',  ( 0.0000000000000000000, 0.0000000000000000000, -1.000000000000000000 ) ) ;
#5905 = CARTESIAN_POINT ( 'NONE',  ( 1588.710058108119500, 1919.733232439666800, -53.00205347054087200 ) ) ;
#5906 = ORIENTED_EDGE ( 'NONE', *, *, #1721, .F. ) ;
#5907 = CARTESIAN_POINT ( 'NONE',  ( 1796.839999349615000, 1969.999832439667200, 0.0000000000000000000 ) ) ;
#5908 = LINE ( 'NONE', #5231, #1918 ) ;
#5909 = CARTESIAN_POINT ( 'NONE',  ( 1644.189394515685500, 1943.183146416238300, -78.40205347054090600 ) ) ;
#5910 = CARTESIAN_POINT ( 'NONE',  ( 1593.342502553615100, 1975.518790887664400, 120.7339465294590800 ) ) ;
#5911 = EDGE_CURVE ( 'NONE', #1733, #1607, #1540, .T. ) ;
#5912 = CARTESIAN_POINT ( 'NONE',  ( 1767.629999349615200, 2029.860359457830300, 53.22073110057660700 ) ) ;
#5913 = DIRECTION ( 'NONE',  ( 1.000000000000000000, 0.0000000000000000000, 0.0000000000000000000 ) ) ;
#5914 = CARTESIAN_POINT ( 'NONE',  ( 1535.570386925951700, 1986.072704142236000, -78.40205347054090600 ) ) ;
#5915 = CARTESIAN_POINT ( 'NONE',  ( 1656.499989384794200, 1957.299832439667400, -48.10094732419002400 ) ) ;
#5916 = CARTESIAN_POINT ( 'NONE',  ( 1723.441790439574300, 1880.607838838910800, 62.67002147751399100 ) ) ;
#5917 = EDGE_CURVE ( 'NONE', #3562, #1365, #4116, .T. ) ;
#5918 = B_SPLINE_CURVE_WITH_KNOTS ( 'NONE', 3,
 ( #3984, #3291, #2604, #1922 ),
 .UNSPECIFIED., .F., .F.,
 ( 4, 4 ),
 ( 0.0000000000000000000, 1.000000000000000000 ),
 .UNSPECIFIED. ) ;
#5919 = CARTESIAN_POINT ( 'NONE',  ( 1700.415936349614600, 2049.021112356349000, 66.82244652945908600 ) ) ;
#5920 = LINE ( 'NONE', #5244, #4778 ) ;
#5921 = EDGE_LOOP ( 'NONE', ( #4529, #4669, #6612, #1569, #5692, #6174, #6014, #3808, #305 ) ) ;
#5922 = AXIS2_PLACEMENT_3D ( 'NONE', #2225, #1541, #846 ) ;
#5923 = CARTESIAN_POINT ( 'NONE',  ( 1743.499999349615100, 2026.382454498699900, -84.85255371288654700 ) ) ;
#5924 = CARTESIAN_POINT ( 'NONE',  ( 1591.999999384806000, 2071.599832439667400, 107.3989465294591000 ) ) ;
#5925 = FACE_OUTER_BOUND ( 'NONE', #4598, .T. ) ;
#5926 = LINE ( 'NONE', #5251, #5422 ) ;
#5927 = EDGE_LOOP ( 'NONE', ( #3946, #5844 ) ) ;
#5928 = ORIENTED_EDGE ( 'NONE', *, *, #97, .F. ) ;
#5929 = CARTESIAN_POINT ( 'NONE',  ( 1636.085844615201500, 1944.541378192796400, 28.72244652945909800 ) ) ;
#5930 = VECTOR ( 'NONE', #668, 1000.000000000000100 ) ;
#5931 = CARTESIAN_POINT ( 'NONE',  ( 1604.276415968405200, 2006.153917024538700, -51.92255347054099700 ) ) ;
#5932 = CARTESIAN_POINT ( 'NONE',  ( 1585.350377148231000, 2020.472371175392500, 28.72244652945910200 ) ) ;
#5933 = CARTESIAN_POINT ( 'NONE',  ( 1553.442799384806200, 1931.442630332826600, -51.92255347054089000 ) ) ;
#5934 = EDGE_LOOP ( 'NONE', ( #1197, #1726, #4263, #3415, #1052, #3491, #2086 ) ) ;
#5935 = ORIENTED_EDGE ( 'NONE', *, *, #656, .T. ) ;
#5936 = CARTESIAN_POINT ( 'NONE',  ( 1566.822500187680400, 1941.295794910378200, 28.72244652945911300 ) ) ;
#5937 = CYLINDRICAL_SURFACE ( 'NONE', #5255, 79.99999984722097700 ) ;
#5938 = CARTESIAN_POINT ( 'NONE',  ( 1579.754821387319000, 1892.774376708741100, 120.7339465294590900 ) ) ;
#5939 = CARTESIAN_POINT ( 'NONE',  ( 1767.629999349614100, 1909.511701607360000, 52.50392749828803600 ) ) ;
#5940 = EDGE_CURVE ( 'NONE', #5087, #5453, #6269, .T. ) ;
#5941 = CARTESIAN_POINT ( 'NONE',  ( 1796.839999349615500, 1917.133692494169500, 60.41839135774655000 ) ) ;
#5942 = CARTESIAN_POINT ( 'NONE',  ( 1720.264578950536800, 2056.144031861156700, 66.82244652945908600 ) ) ;
#5943 = B_SPLINE_CURVE_WITH_KNOTS ( 'NONE', 3,
 ( #2682, #2004, #1314, #624 ),
 .UNSPECIFIED., .F., .F.,
 ( 4, 4 ),
 ( 0.0000000000000000000, 1.000000000000000000 ),
 .UNSPECIFIED. ) ;
#5944 = CARTESIAN_POINT ( 'NONE',  ( 1553.440559271977500, 1913.107275893498400, -114.5970534705408400 ) ) ;
#5945 = EDGE_CURVE ( 'NONE', #4720, #591, #1526, .T. ) ;
#5946 = CARTESIAN_POINT ( 'NONE',  ( 1736.169875169143600, 1923.457518315638700, -114.5970534705410000 ) ) ;
#5947 = CARTESIAN_POINT ( 'NONE',  ( 1548.322782749895900, 2033.749362666775100, 120.7339465294591300 ) ) ;
#5948 = CARTESIAN_POINT ( 'NONE',  ( 1543.341093711971600, 1983.033085597888700, -53.00205347054087200 ) ) ;
#5949 = CARTESIAN_POINT ( 'NONE',  ( 1622.168917753440200, 1919.676124518185100, -78.40205347054087800 ) ) ;
#5950 = ORIENTED_EDGE ( 'NONE', *, *, #913, .F. ) ;
#5951 = PLANE ( 'NONE',  #4934 ) ;
#5952 = CARTESIAN_POINT ( 'NONE',  ( 1796.839999349614800, 1995.777085059414000, 76.06153475166716800 ) ) ;
#5953 = EDGE_CURVE ( 'NONE', #6126, #3030, #593, .T. ) ;
#5954 = CARTESIAN_POINT ( 'NONE',  ( 1767.629999349615000, 2047.512854054300300, 19.93991997374873300 ) ) ;
#5955 = ORIENTED_EDGE ( 'NONE', *, *, #3311, .T. ) ;
#5956 = CARTESIAN_POINT ( 'NONE',  ( 1767.629999349615400, 1930.313239354210100, -69.31940039268447200 ) ) ;
#5957 = CARTESIAN_POINT ( 'NONE',  ( 1556.042738606723800, 2016.364878018657200, -78.40205347054092000 ) ) ;
#5958 = DIRECTION ( 'NONE',  ( 0.0000000000000000000, 0.0000000000000000000, 1.000000000000000000 ) ) ;
#5959 = CARTESIAN_POINT ( 'NONE',  ( 1547.998603173993600, 2023.256190463971300, -114.5970534705409800 ) ) ;
#5960 = DIRECTION ( 'NONE',  ( -1.000000000000000000, 0.0000000000000000000, 0.0000000000000000000 ) ) ;
#5961 = EDGE_CURVE ( 'NONE', #5355, #88, #2060, .T. ) ;
#5962 = CARTESIAN_POINT ( 'NONE',  ( 1644.580274286768800, 1969.999832439667400, -56.85265513870665900 ) ) ;
#5963 = ORIENTED_EDGE ( 'NONE', *, *, #199, .T. ) ;
#5964 = EDGE_LOOP ( 'NONE', ( #1753, #2335 ) ) ;
#5965 = CARTESIAN_POINT ( 'NONE',  ( 1656.111493322303900, 2013.021708159421000, 120.7339465294590900 ) ) ;
#5966 = PLANE ( 'NONE',  #1831 ) ;
#5967 = VERTEX_POINT ( 'NONE', #1235 ) ;
#5968 = EDGE_CURVE ( 'NONE', #5736, #5441, #550, .T. ) ;
#5969 = CARTESIAN_POINT ( 'NONE',  ( 1548.658442783780600, 1916.362365293951100, -78.40205347054089200 ) ) ;
#5970 = VECTOR ( 'NONE', #890, 1000.000000000000000 ) ;
#5971 =( GEOMETRIC_REPRESENTATION_CONTEXT ( 3 ) GLOBAL_UNCERTAINTY_ASSIGNED_CONTEXT ( ( #2619 ) ) GLOBAL_UNIT_ASSIGNED_CONTEXT ( ( #517, #5172, #3107 ) ) REPRESENTATION_CONTEXT ( 'NONE', 'WORKASPACE' ) );
#5972 = CARTESIAN_POINT ( 'NONE',  ( 1591.999999384806000, 2020.266432439667100, -53.00205347054087900 ) ) ;
#5973 = CARTESIAN_POINT ( 'NONE',  ( 1516.318686620911200, 1984.915655282208700, 120.7339465294591200 ) ) ;
#5974 = CARTESIAN_POINT ( 'NONE',  ( 1698.502970668910600, 2033.500809351728800, -90.78455347054088500 ) ) ;
#5975 = ORIENTED_EDGE ( 'NONE', *, *, #6621, .T. ) ;
#5976 = EDGE_CURVE ( 'NONE', #3941, #5813, #5675, .T. ) ;
#5977 = VERTEX_POINT ( 'NONE', #6251 ) ;
#5978 = CARTESIAN_POINT ( 'NONE',  ( 1632.796472704914500, 1902.564149181757800, 120.7339465294591000 ) ) ;
#5979 = FACE_OUTER_BOUND ( 'NONE', #845, .T. ) ;
#5980 = CARTESIAN_POINT ( 'NONE',  ( 1640.658905057639900, 1956.966579281446500, -53.00205347054085800 ) ) ;
#5981 = CARTESIAN_POINT ( 'NONE',  ( 1767.629999349615200, 1934.909010940331700, 72.04066277281442900 ) ) ;
#5982 = ORIENTED_EDGE ( 'NONE', *, *, #2792, .T. ) ;
#5983 = DIRECTION ( 'NONE',  ( 0.0000000000000000000, 1.000000000000000000, 0.0000000000000000000 ) ) ;
#5984 = ORIENTED_EDGE ( 'NONE', *, *, #184, .T. ) ;
#5985 = AXIS2_PLACEMENT_3D ( 'NONE', #1678, #995, #304 ) ;
#5986 = CARTESIAN_POINT ( 'NONE',  ( 1528.691506222530700, 1924.397514454595000, 120.7339465294590900 ) ) ;
#5987 = EDGE_CURVE ( 'NONE', #68, #6329, #225, .T. ) ;
#5988 = CARTESIAN_POINT ( 'NONE',  ( 1514.074376995532500, 1990.198745535378100, 120.7339465294591000 ) ) ;
#5989 = CARTESIAN_POINT ( 'NONE',  ( 1597.514472818181000, 1968.637159612220800, 120.7339465294590900 ) ) ;
#5990 = LINE ( 'NONE', #5304, #6028 ) ;
#5991 = CARTESIAN_POINT ( 'NONE',  ( 1587.790211701873700, 1911.436066463102400, -78.40205347054089200 ) ) ;
#5992 = DIRECTION ( 'NONE',  ( 2.585448573939125700E-015, -1.000000000000000000, 0.0000000000000000000 ) ) ;
#5993 = DIRECTION ( 'NONE',  ( -1.000000000000000000, 0.0000000000000000000, 0.0000000000000000000 ) ) ;
#5994 = EDGE_CURVE ( 'NONE', #541, #5184, #6193, .T. ) ;
#5995 = CARTESIAN_POINT ( 'NONE',  ( 1767.629999349615000, 2040.751383476997000, -37.19201334744648300 ) ) ;
#5996 = CARTESIAN_POINT ( 'NONE',  ( 1591.895120476184000, 2028.674367229026800, -78.40205347054089200 ) ) ;
#5997 = CARTESIAN_POINT ( 'NONE',  ( 1620.704036914094800, 1944.822333242541600, -51.92255347054099700 ) ) ;
#5998 = EDGE_CURVE ( 'NONE', #4636, #6138, #3099, .T. ) ;
#5999 = CARTESIAN_POINT ( 'NONE',  ( 1669.109474539799500, 1957.632131517618700, 120.7339465294591000 ) ) ;
#6000 = CARTESIAN_POINT ( 'NONE',  ( 1570.612906837458200, 1886.823008910686700, 114.0664465294591000 ) ) ;
#6001 = CARTESIAN_POINT ( 'NONE',  ( 1743.499999349614900, 1901.414126244674400, -90.78455347054088500 ) ) ;
#6002 = ORIENTED_EDGE ( 'NONE', *, *, #1399, .F. ) ;
#6003 = ADVANCED_FACE ( 'NONE', ( #3567 ), #5397, .F. ) ;
#6004 = VERTEX_POINT ( 'NONE', #2651 ) ;
#6005 = DIRECTION ( 'NONE',  ( 0.0000000000000000000, 1.000000000000000000, 0.0000000000000000000 ) ) ;
#6006 = CARTESIAN_POINT ( 'NONE',  ( 1611.322772063807400, 2047.017718123497800, 120.7339465294590900 ) ) ;
#6007 = ORIENTED_EDGE ( 'NONE', *, *, #5856, .F. ) ;
#6008 = ADVANCED_FACE ( 'NONE', ( #3218 ), #1968, .F. ) ;
#6009 = CARTESIAN_POINT ( 'NONE',  ( 1713.876801169605600, 1978.477976205515900, 51.52424011553841900 ) ) ;
#6010 = CARTESIAN_POINT ( 'NONE',  ( 1643.652239563764900, 1901.386147328786100, 111.2089465294591000 ) ) ;
#6011 = CARTESIAN_POINT ( 'NONE',  ( 1698.500534379524900, 2033.500809244672200, -78.40205347054087800 ) ) ;
#6012 = VECTOR ( 'NONE', #3929, 1000.000000000000000 ) ;
#6013 = CARTESIAN_POINT ( 'NONE',  ( 1656.592298636035100, 1982.699832439666800, -8.622019435639561600 ) ) ;
#6014 = ORIENTED_EDGE ( 'NONE', *, *, #1455, .T. ) ;
#6015 = ORIENTED_EDGE ( 'NONE', *, *, #6209, .T. ) ;
#6016 = CARTESIAN_POINT ( 'NONE',  ( 1591.999999384806000, 2055.882261958166500, 120.7339465294591300 ) ) ;
#6017 = DIRECTION ( 'NONE',  ( 0.0000000000000000000, -1.000000000000000000, 0.0000000000000000000 ) ) ;
#6018 = EDGE_CURVE ( 'NONE', #1827, #2664, #5920, .T. ) ;
#6019 = CARTESIAN_POINT ( 'NONE',  ( 1533.914237195482000, 2006.404449515401200, -90.78455347054082800 ) ) ;
#6020 = VERTEX_POINT ( 'NONE', #3180 ) ;
#6021 = CARTESIAN_POINT ( 'NONE',  ( 1573.687528675575800, 1893.955210253962200, 111.2089465294591000 ) ) ;
#6022 = VECTOR ( 'NONE', #1960, 1000.000000000000000 ) ;
#6023 = EDGE_CURVE ( 'NONE', #4367, #3562, #2, .T. ) ;
#6024 = CARTESIAN_POINT ( 'NONE',  ( 1632.767287221963700, 1902.019912898659000, 111.2089465294591000 ) ) ;
#6025 = CARTESIAN_POINT ( 'NONE',  ( 1767.629999349615000, 1904.985266350414600, -46.47177520443600000 ) ) ;
#6026 = CARTESIAN_POINT ( 'NONE',  ( 1591.411451034268100, 1964.342020998053200, 120.7339465294590900 ) ) ;
#6027 = LINE ( 'NONE', #3968, #14 ) ;
#6028 = VECTOR ( 'NONE', #4622, 1000.000000000000000 ) ;
#6029 = CARTESIAN_POINT ( 'NONE',  ( 1554.281167524429100, 1925.036657859840000, -78.40205347054089200 ) ) ;
#6030 = DIRECTION ( 'NONE',  ( 0.0000000000000000000, 0.0000000000000000000, 1.000000000000000000 ) ) ;
#6031 = CARTESIAN_POINT ( 'NONE',  ( 1767.629999349615000, 2018.032346731894700, -63.82816712100332500 ) ) ;
#6032 = CARTESIAN_POINT ( 'NONE',  ( 1622.088346881820800, 2020.371754488937500, -78.40205347054092000 ) ) ;
#6033 = B_SPLINE_CURVE_WITH_KNOTS ( 'NONE', 3,
 ( #1125, #440, #6453, #5767, #5095, #4399, #3702, #3023, #2329, #1645, #964, #274, #6295, #5612, #4924, #4231, #3549, #2856, #2173, #1489, #796, #110, #6133, #5447, #4764, #4077, #3382, #2693, #2016, #1324, #636, #6662, #5969, #5287, #4604, #3907, #3226, #2541, #1850, #1162, #479, #6491, #5803, #5131, #4438, #3737, #3067, #2367, #1685, #1003, #312, #6331, #5654, #4965, #4271, #3587, #2892, #2211, #1528, #834, #147 ),
 .UNSPECIFIED., .F., .F.,
 ( 4, 1, 1, 1, 1, 1, 1, 2, 2, 1, 1, 1, 1, 1, 2, 2, 1, 1, 1, 1, 2, 2, 2, 1, 1, 1, 1, 1, 2, 2, 1, 1, 1, 1, 1, 2, 2, 1, 1, 1, 1, 1, 1, 2, 2, 4 ),
 ( 0.0000000000000000000, 0.06250000000032288100, 0.09375000000048390500, 0.1093750000005650500, 0.1171875000006048800, 0.1210937500006211000, 0.1230468750006239500, 0.1240234375006200700, 0.1250000000006162000, 0.1875000000003823100, 0.2187500000002706400, 0.2343750000002121600, 0.2421875000001844100, 0.2460937500001745300, 0.2480468750001695600, 0.2500000000001645900, 0.3125000000001025800, 0.3437500000000679500, 0.3593750000000541800, 0.3671875000000451300, 0.3710937500000462400, 0.3750000000000474100, 0.5000000000001156900, 0.5625000000001442200, 0.5937500000001640900, 0.6093750000001773000, 0.6171875000001816300, 0.6210937500001827400, 0.6230468750001810800, 0.6250000000001793000, 0.6875000000002015100, 0.7187500000002180500, 0.7343750000002246000, 0.7421875000002278200, 0.7460937500002294800, 0.7480468750002288200, 0.7500000000002281500, 0.8125000000000977000, 0.8437500000000295300, 0.8593749999999964500, 0.8671874999999799000, 0.8710937499999766900, 0.8730468749999700200, 0.8740234374999674700, 0.8749999999999649200, 1.000000000000000000 ),
 .UNSPECIFIED. ) ;
#6034 = LINE ( 'NONE', #5346, #1140 ) ;
#6035 = CARTESIAN_POINT ( 'NONE',  ( 1662.006433080653300, 2011.226316163635800, 111.2089465294591300 ) ) ;
#6036 = CARTESIAN_POINT ( 'NONE',  ( 1700.546667553926700, 1906.385163419001400, -78.40205347054089200 ) ) ;
#6037 = CARTESIAN_POINT ( 'NONE',  ( 1767.629999349614800, 1991.553579126756400, 77.18995991814460900 ) ) ;
#6038 = DIRECTION ( 'NONE',  ( 1.000000000000000000, 0.0000000000000000000, 0.0000000000000000000 ) ) ;
#6039 = CARTESIAN_POINT ( 'NONE',  ( 1621.521513593235600, 1906.498855844674800, -78.40205347054089200 ) ) ;
#6040 = LINE ( 'NONE', #5353, #4700 ) ;
#6041 = ADVANCED_FACE ( 'NONE', ( #4952 ), #2010, .T. ) ;
#6042 = EDGE_LOOP ( 'NONE', ( #5060, #6584, #5367, #3776 ) ) ;
#6043 = EDGE_CURVE ( 'NONE', #3997, #3769, #521, .T. ) ;
#6044 = CARTESIAN_POINT ( 'NONE',  ( 1655.351624102500000, 2015.608362139614700, 120.7339465294591000 ) ) ;
#6045 = CARTESIAN_POINT ( 'NONE',  ( 1603.272006934968700, 2049.830354975825200, 120.7339465294591000 ) ) ;
#6046 = EDGE_LOOP ( 'NONE', ( #5562, #923, #3886, #2823 ) ) ;
#6047 = ORIENTED_EDGE ( 'NONE', *, *, #1490, .T. ) ;
#6048 = CARTESIAN_POINT ( 'NONE',  ( 1656.499989384793700, 1957.299832439667600, -46.85265347054797800 ) ) ;
#6049 = CARTESIAN_POINT ( 'NONE',  ( 1670.926019273688800, 1949.588775524534200, 120.7339465294591000 ) ) ;
#6050 = DATE_AND_TIME ( #5381, #2673 ) ;
#6051 = CARTESIAN_POINT ( 'NONE',  ( 1724.530232193726300, 2059.827640756418500, -61.74734516101447900 ) ) ;
#6052 = ORIENTED_EDGE ( 'NONE', *, *, #6564, .F. ) ;
#6053 = VERTEX_POINT ( 'NONE', #2533 ) ;
#6054 = CARTESIAN_POINT ( 'NONE',  ( 1608.697185055010800, 2045.685707043190900, 111.2089465294591000 ) ) ;
#6055 = B_SPLINE_CURVE_WITH_KNOTS ( 'NONE', 3,
 ( #4943, #2871, #2188, #1506, #812, #123 ),
 .UNSPECIFIED., .F., .F.,
 ( 4, 2, 4 ),
 ( 0.0000000000000000000, 0.5000000000000000000, 1.000000000000000000 ),
 .UNSPECIFIED. ) ;
#6056 = CARTESIAN_POINT ( 'NONE',  ( 1660.614045597815400, 2021.651592935113700, 114.0664465294590700 ) ) ;
#6057 = CARTESIAN_POINT ( 'NONE',  ( 1528.214669810139400, 1926.690741889472500, 120.7339465294590800 ) ) ;
#6058 = EDGE_CURVE ( 'NONE', #591, #6691, #2575, .T. ) ;
#6059 = CARTESIAN_POINT ( 'NONE',  ( 1675.203747044033900, 1948.717725507798600, 111.2089465294591000 ) ) ;
#6060 = ORIENTED_EDGE ( 'NONE', *, *, #4891, .T. ) ;
#6061 = CARTESIAN_POINT ( 'NONE',  ( 1552.986733473257600, 2026.545096802657600, -78.40205347054090600 ) ) ;
#6062 = CARTESIAN_POINT ( 'NONE',  ( 1572.163935521379000, 1892.551301013900900, 120.7339465294590900 ) ) ;
#6063 = CARTESIAN_POINT ( 'NONE',  ( 1767.629999349615000, 1890.207380204617700, -6.506663711111935200 ) ) ;
#6064 = CARTESIAN_POINT ( 'NONE',  ( 1586.320386721956300, 1969.999832439667400, 120.7339465294591000 ) ) ;
#6065 = CARTESIAN_POINT ( 'NONE',  ( 1591.999999384806000, 1969.999832439667200, 120.7339465294591200 ) ) ;
#6066 = CARTESIAN_POINT ( 'NONE',  ( 1535.583362705653600, 1953.881473353709500, -78.40205347054090600 ) ) ;
#6067 = FACE_OUTER_BOUND ( 'NONE', #475, .T. ) ;
#6068 = PLANE ( 'NONE',  #3986 ) ;
#6069 = APPLICATION_CONTEXT ( 'configuration controlled 3d designs of mechanical parts and assemblies' ) ;
#6070 = CARTESIAN_POINT ( 'NONE',  ( 1767.629999349614800, 1980.681641757819100, -79.13621560116121100 ) ) ;
#6071 = CALENDAR_DATE ( 2013, 29, 7 ) ;
#6072 = CARTESIAN_POINT ( 'NONE',  ( 1646.907667462239500, 1990.684206555741600, -78.40205347054089200 ) ) ;
#6073 = CARTESIAN_POINT ( 'NONE',  ( 1628.154083969677500, 1982.276249023266900, 28.72244652945910900 ) ) ;
#6074 = CARTESIAN_POINT ( 'NONE',  ( 1647.315899743249900, 1950.433666976191700, -78.40205347054089200 ) ) ;
#6075 = CARTESIAN_POINT ( 'NONE',  ( 1590.380913005129300, 1975.444112172105900, 120.7339465294591000 ) ) ;
#6076 = EDGE_CURVE ( 'NONE', #996, #5977, #5795, .T. ) ;
#6077 = CARTESIAN_POINT ( 'NONE',  ( 1767.629999349614800, 2023.411078312429700, 59.70787528823670700 ) ) ;
#6078 = B_SPLINE_CURVE_WITH_KNOTS ( 'NONE', 3,
 ( #4078, #3385, #2694, #2017 ),
 .UNSPECIFIED., .F., .F.,
 ( 4, 4 ),
 ( 0.0000000000000000000, 1.000000000000000000 ),
 .UNSPECIFIED. ) ;
#6079 = CARTESIAN_POINT ( 'NONE',  ( 1707.939999349615200, 2035.479694647906900, 87.14744652945910300 ) ) ;
#6080 = CARTESIAN_POINT ( 'NONE',  ( 1533.830305968852600, 1977.676104194900300, -78.40205347054089200 ) ) ;
#6081 = CARTESIAN_POINT ( 'NONE',  ( 1612.656135901323800, 2049.497546352816200, 111.2089465294590800 ) ) ;
#6082 = CARTESIAN_POINT ( 'NONE',  ( 1722.555386120369300, 1881.222371889947700, 63.53960784091548700 ) ) ;
#6083 = CARTESIAN_POINT ( 'NONE',  ( 1579.723582801207200, 1933.845747854795500, -51.92255347054099700 ) ) ;
#6084 = CARTESIAN_POINT ( 'NONE',  ( 1698.333793330088600, 2030.007741359838300, 66.82244652945912800 ) ) ;
#6085 = ORIENTED_EDGE ( 'NONE', *, *, #6301, .T. ) ;
#6086 = CARTESIAN_POINT ( 'NONE',  ( 1656.109267771496200, 1982.699832439667500, -49.65517670100563700 ) ) ;
#6087 = DIRECTION ( 'NONE',  ( -0.0000000000000000000, 8.079526793559758100E-017, -1.000000000000000000 ) ) ;
#6088 = CARTESIAN_POINT ( 'NONE',  ( 1714.097565307839200, 1965.755021905362100, 51.74500456598031000 ) ) ;
#6089 = ORIENTED_EDGE ( 'NONE', *, *, #3463, .T. ) ;
#6090 = EDGE_CURVE ( 'NONE', #1916, #6705, #6483, .T. ) ;
#6091 = ORIENTED_EDGE ( 'NONE', *, *, #595, .F. ) ;
#6092 = CARTESIAN_POINT ( 'NONE',  ( 1595.324851609855200, 1919.199832439667000, 28.72244652945909800 ) ) ;
#6093 = CARTESIAN_POINT ( 'NONE',  ( 1628.881433699738200, 1979.878498299864800, -51.92255347054095400 ) ) ;
#6094 = CARTESIAN_POINT ( 'NONE',  ( 1630.272049423858300, 2003.569831369168700, 28.72244652945910200 ) ) ;
#6095 = ADVANCED_FACE ( 'NONE', ( #5295 ), #2359, .F. ) ;
#6096 = DIRECTION ( 'NONE',  ( 0.0000000000000000000, 0.0000000000000000000, 1.000000000000000000 ) ) ;
#6097 = ORIENTED_EDGE ( 'NONE', *, *, #4437, .F. ) ;
#6098 = VECTOR ( 'NONE', #5983, 1000.000000000000000 ) ;
#6099 = ORIENTED_EDGE ( 'NONE', *, *, #4366, .T. ) ;
#6100 = B_SPLINE_CURVE_WITH_KNOTS ( 'NONE', 3,
 ( #2369, #1005, #314, #6332 ),
 .UNSPECIFIED., .F., .F.,
 ( 4, 4 ),
 ( 0.9123601753374958000, 1.000000000000000000 ),
 .UNSPECIFIED. ) ;
#6101 = LINE ( 'NONE', #5414, #2985 ) ;
#6102 = AXIS2_PLACEMENT_3D ( 'NONE', #4321, #3630, #2941 ) ;
#6103 = CARTESIAN_POINT ( 'NONE',  ( 1578.477439105234500, 1893.878893146489200, 120.7339465294591200 ) ) ;
#6104 = CARTESIAN_POINT ( 'NONE',  ( 1767.629999349614800, 1903.851652560160800, 45.14171357481553300 ) ) ;
#6105 = CARTESIAN_POINT ( 'NONE',  ( 1796.839999349615000, 1890.515519621816100, -10.32439949239301100 ) ) ;
#6106 = DIRECTION ( 'NONE',  ( 0.0000000000000000000, 0.0000000000000000000, -1.000000000000000000 ) ) ;
#6107 = CARTESIAN_POINT ( 'NONE',  ( 1528.498092979527400, 1953.226363497186200, -114.5970534705407900 ) ) ;
#6108 = AXIS2_PLACEMENT_3D ( 'NONE', #6698, #6005, #5318 ) ;
#6109 = CIRCLE ( 'NONE', #3815, 85.88242951849922200 ) ;
#6110 = CARTESIAN_POINT ( 'NONE',  ( 1713.435310899424600, 1957.299832439667600, -78.40205347054087800 ) ) ;
#6111 = CARTESIAN_POINT ( 'NONE',  ( 1550.514267432665100, 2035.610898635710300, 120.7339465294590900 ) ) ;
#6112 = DIRECTION ( 'NONE',  ( 1.000000000000000000, 0.0000000000000000000, 0.0000000000000000000 ) ) ;
#6113 = CARTESIAN_POINT ( 'NONE',  ( 1631.299182189018900, 1926.431349468489500, -78.40205347054089200 ) ) ;
#6114 = CARTESIAN_POINT ( 'NONE',  ( 1597.441779431642300, 1971.626243603503600, 120.7339465294590800 ) ) ;
#6115 = CARTESIAN_POINT ( 'NONE',  ( 1578.498092779528200, 2033.500809244671500, -102.6908034705409100 ) ) ;
#6116 = CARTESIAN_POINT ( 'NONE',  ( 1767.629999349614800, 2044.493556456752000, 29.31399290418673000 ) ) ;
#6117 = CARTESIAN_POINT ( 'NONE',  ( 1767.629999349615000, 1936.736418971366000, -72.61328901825190500 ) ) ;
#6118 = CARTESIAN_POINT ( 'NONE',  ( 1551.374694354686200, 2012.334788197466000, -78.40205347054087800 ) ) ;
#6119 = CARTESIAN_POINT ( 'NONE',  ( 1707.939999349615200, 1904.519970231427800, 87.39644652945908400 ) ) ;
#6120 = CARTESIAN_POINT ( 'NONE',  ( 1591.999999384806000, 2071.599832439667400, 87.14744652945916000 ) ) ;
#6121 = EDGE_CURVE ( 'NONE', #5563, #5876, #6323, .T. ) ;
#6122 = VERTEX_POINT ( 'NONE', #3582 ) ;
#6123 = B_SPLINE_CURVE_WITH_KNOTS ( 'NONE', 3,
 ( #3656, #914, #224, #6250, #5560, #4874, #4185, #3497, #2807, #2127, #1438, #751, #66, #6083, #5396, #4718, #4027, #3335 ),
 .UNSPECIFIED., .F., .F.,
 ( 4, 2, 2, 2, 2, 2, 2, 2, 4 ),
 ( 0.0000000000000000000, 0.06250000000000000000, 0.1250000000000000000, 0.1875000000000000000, 0.2500000000000000000, 0.3125000000000000000, 0.3750000000000000000, 0.4375000000000000000, 0.5000000000000000000 ),
 .UNSPECIFIED. ) ;
#6124 = CARTESIAN_POINT ( 'NONE',  ( 1711.464662856837500, 2031.901641672571000, -114.5970534705409600 ) ) ;
#6125 = CARTESIAN_POINT ( 'NONE',  ( 1722.690361210706900, 1881.109740178386600, -63.08665809829003000 ) ) ;
#6126 = VERTEX_POINT ( 'NONE', #2885 ) ;
#6127 = ORIENTED_EDGE ( 'NONE', *, *, #5477, .T. ) ;
#6128 = CIRCLE ( 'NONE', #5152, 85.88242951849922200 ) ;
#6129 = ADVANCED_FACE ( 'NONE', ( #6162 ), #4265, .F. ) ;
#6130 = CARTESIAN_POINT ( 'NONE',  ( 1657.408701912917400, 2011.690554353311400, 120.7339465294590600 ) ) ;
#6131 = LINE ( 'NONE', #3380, #1311 ) ;
#6132 = ORIENTED_EDGE ( 'NONE', *, *, #3216, .T. ) ;
#6133 = CARTESIAN_POINT ( 'NONE',  ( 1535.096327065356300, 1931.647863438116000, -78.40205347054090600 ) ) ;
#6134 = CARTESIAN_POINT ( 'NONE',  ( 1667.678901858648700, 1953.047328785555700, 111.2089465294591100 ) ) ;
#6135 = CARTESIAN_POINT ( 'NONE',  ( 1698.333748355590200, 1909.991843620223100, -5.789803470540907600 ) ) ;
#6136 = ADVANCED_FACE ( 'NONE', ( #6326, #313 ), #138, .T. ) ;
#6137 = DIRECTION ( 'NONE',  ( 0.0000000000000000000, 0.0000000000000000000, -1.000000000000000000 ) ) ;
#6138 = VERTEX_POINT ( 'NONE', #4109 ) ;
#6139 = EDGE_LOOP ( 'NONE', ( #6358, #398, #3926, #5059 ) ) ;
#6140 = CARTESIAN_POINT ( 'NONE',  ( 1515.640287419604900, 1983.310220912462700, 111.2089465294591100 ) ) ;
#6141 = CIRCLE ( 'NONE', #2684, 85.88242951849922200 ) ;
#6142 = DIRECTION ( 'NONE',  ( 0.0000000000000000000, 1.000000000000000000, 0.0000000000000000000 ) ) ;
#6143 = CARTESIAN_POINT ( 'NONE',  ( 1767.629999349615200, 1928.387331738216300, 68.47314679635648800 ) ) ;
#6144 = ORIENTED_EDGE ( 'NONE', *, *, #6359, .F. ) ;
#6145 = CARTESIAN_POINT ( 'NONE',  ( 1521.983470513139100, 1928.943533674932500, 120.7339465294590900 ) ) ;
#6146 = B_SPLINE_CURVE_WITH_KNOTS ( 'NONE', 3,
 ( #3851, #3173, #2485, #1794, #1110, #424, #6437, #5752, #5078, #4384, #3690, #3009, #2317, #1631, #946, #256, #6281, #5595, #4909, #4219, #3535, #2840, #2159, #1472, #784, #98, #6117, #5435, #4750, #4063, #3368, #2680, #2002, #1309, #622, #6649, #5956, #5275, #4585, #3890, #3211, #2526, #1837, #1150, #466, #6478, #5789, #5117, #4422, #3724, #3052, #2354, #1672, #989, #298, #6317, #5640, #4951, #4259, #3577, #2879, #2197, #1514, #6191, #5498, #4816, #4132, #3437, #2743, #2067, #1374, #687, #6, #6025, #5339, #4656, #3966, #3275, #2587, #1903, #1214, #530, #6545, #5858, #5185, #4490, #3792, #3120, #2426, #1737, #1057, #371, #6387, #5700, #5021, #4331, #3638, #2951, #2265, #1579, #892, #201, #6229, #5537, #4855, #4169, #3476, #2787, #2107, #1413, #728, #45, #6063, #5376, #4699, #4008, #3314, #2627, #1946, #1255, #568, #6588, #5900, #5223, #4532, #3836, #3158, #2471, #1778, #1096, #413, #6426, #5740, #5063, #4372, #3676, #2995, #2306, #1617, #935, #245, #6267, #5580, #4895, #4207, #3523, #2829, #2146, #1458, #769, #84, #6104, #5417, #4737, #4049, #3357, #2668, #1987, #1295, #609, #6632, #5939, #5263, #4573, #3876, #3196, #2510, #1821, #1136, #451, #6463, #5776, #5104, #4407, #3710, #3035, #2340, #1657, #973, #284, #6305, #5622, #4935, #4240, #3561, #2866, #2182, #1500, #806, #118, #6143, #5456, #4774, #4088, #3394, #2702, #2025, #1333, #645, #6672, #5981, #5297, #4614, #3917, #3235, #2549, #1860, #1172, #489, #6501, #5812, #5141, #4447, #3746, #3076, #2379, #1695, #1014, #323, #6339, #5662, #4975, #4281, #3596, #2904, #2223, #1538 ),
 .UNSPECIFIED., .F., .F.,
 ( 4, 1, 1, 1, 1, 1, 1, 1, 2, 2, 1, 1, 1, 1, 1, 1, 1, 2, 2, 1, 1, 1, 1, 1, 1, 1, 2, 2, 1, 1, 1, 1, 1, 2, 2, 1, 1, 1, 1, 1, 2, 2, 1, 1, 1, 1, 1, 2, 2, 1, 1, 1, 1, 1, 2, 2, 1, 1, 1, 1, 1, 2, 2, 1, 1, 1, 1, 1, 2, 2, 1, 1, 1, 1, 1, 2, 2, 1, 1, 1, 1, 2, 2, 1, 1, 1, 2, 2, 2, 1, 1, 1, 2, 2, 1, 1, 1, 1, 2, 2, 1, 1, 1, 1, 1, 2, 2, 1, 1, 1, 1, 1, 2, 2, 1, 1, 1, 1, 1, 2, 2, 1, 1, 1, 1, 1, 2, 2, 1, 1, 1, 1, 1, 2, 2, 1, 1, 1, 1, 1, 2, 2, 1, 1, 1, 1, 1, 2, 2, 1, 1, 1, 1, 1, 1, 2, 2, 1, 1, 1, 1, 1, 1, 1, 2, 2, 1, 1, 1, 1, 1, 1, 1, 2, 2, 4 ),
 ( 0.0000000000000000000, 0.03125000000026673800, 0.04687500000040011100, 0.05468750000046485700, 0.05859375000049723400, 0.06054687500051341600, 0.06152343750052151300, 0.06201171875052555900, 0.06225585937552567000, 0.06250000000052577400, 0.09375000000031097300, 0.1093750000002052500, 0.1171875000001523900, 0.1210937500001242900, 0.1230468750001118800, 0.1240234375001073200, 0.1245117187501050300, 0.1247558593751038500, 0.1250000000001026700, 0.1562500000000424700, 0.1718750000000138200, 0.1796874999999995300, 0.1835937499999923900, 0.1855468749999888100, 0.1865234374999856200, 0.1870117187499854000, 0.1872558593749852900, 0.1874999999999851800, 0.2031249999999858200, 0.2109374999999848500, 0.2148437499999831800, 0.2167968749999811000, 0.2177734374999787900, 0.2182617187499776800, 0.2187499999999765500, 0.2343749999999340500, 0.2421874999999139600, 0.2460937499999039400, 0.2480468749998978300, 0.2490234374998948600, 0.2495117187498933100, 0.2499999999998917500, 0.2656249999998467300, 0.2734374999998232000, 0.2773437499998114300, 0.2792968749998046600, 0.2802734374998012100, 0.2807617187497994900, 0.2812499999997977700, 0.2968749999997464800, 0.3046874999997200000, 0.3085937499997067900, 0.3105468749997001800, 0.3115234374996977400, 0.3120117187496956900, 0.3124999999996936300, 0.3281249999996200300, 0.3359374999995832200, 0.3398437499995648500, 0.3417968749995549100, 0.3427734374995493000, 0.3432617187495464700, 0.3437499999995436400, 0.3593749999994759200, 0.3671874999994426100, 0.3710937499994260100, 0.3730468749994171900, 0.3740234374994127500, 0.3745117187494105300, 0.3749999999994083100, 0.3906249999993264800, 0.3984374999992855200, 0.4023437499992650300, 0.4042968749992552100, 0.4052734374992503200, 0.4057617187492479300, 0.4062499999992454900, 0.4218749999991798800, 0.4296874999991470700, 0.4335937499991310300, 0.4355468749991229800, 0.4365234374991189800, 0.4374999999991149300, 0.4531249999990479800, 0.4609374999990143400, 0.4648437499989976400, 0.4667968749989894800, 0.4687499999989812600, 0.4999999999988521400, 0.5156249999987875300, 0.5234374999987553300, 0.5273437499987391200, 0.5292968749987309000, 0.5312499999987228000, 0.5468749999986581800, 0.5546874999986256500, 0.5585937499986096700, 0.5605468749986019000, 0.5615234374985977900, 0.5624999999985936800, 0.5781249999985269600, 0.5859374999984936500, 0.5898437499984768900, 0.5917968749984682300, 0.5927734374984639000, 0.5932617187484616700, 0.5937499999984595700, 0.6093749999984068300, 0.6171874999983809600, 0.6210937499983679700, 0.6230468749983619800, 0.6240234374983589800, 0.6245117187483570900, 0.6249999999983550900, 0.6406249999982914800, 0.6484374999982601700, 0.6523437499982451800, 0.6542968749982384100, 0.6552734374982356300, 0.6557617187482348600, 0.6562499999982341900, 0.6718749999982301900, 0.6796874999982283100, 0.6835937499982279700, 0.6855468749982270800, 0.6865234374982258600, 0.6870117187482260900, 0.6874999999982262000, 0.7031249999982464000, 0.7109374999982571700, 0.7148437499982635000, 0.7167968749982675000, 0.7177734374982686100, 0.7182617187482690500, 0.7187499999982696100, 0.7343749999982975800, 0.7421874999983125700, 0.7460937499983190100, 0.7480468749983222300, 0.7490234374983239000, 0.7495117187483237900, 0.7499999999983235600, 0.7656249999983100200, 0.7734374999983020200, 0.7773437499982992500, 0.7792968749982967000, 0.7802734374982954700, 0.7807617187482949200, 0.7812499999982942500, 0.7968749999982757100, 0.8046874999982665000, 0.8085937499982618300, 0.8105468749982595000, 0.8115234374982583900, 0.8120117187482590600, 0.8122558593732593900, 0.8124999999982597300, 0.8437499999985576000, 0.8593749999987079200, 0.8671874999987817500, 0.8710937499988200500, 0.8730468749988379300, 0.8740234374988453700, 0.8745117187488475900, 0.8747558593738472600, 0.8749999999988469200, 0.9062499999988449200, 0.9218749999988457000, 0.9296874999988460300, 0.9335937499988462600, 0.9355468749988463700, 0.9365234374988463700, 0.9370117187488480300, 0.9372558593738489200, 0.9374999999988498100, 1.000000000000000000 ),
 .UNSPECIFIED. ) ;
#6147 = CARTESIAN_POINT ( 'NONE',  ( 1707.997242436337500, 2041.524278599332800, -78.71955347054093000 ) ) ;
#6148 = ORIENTED_EDGE ( 'NONE', *, *, #2903, .F. ) ;
#6149 = DIRECTION ( 'NONE',  ( 0.0000000000000000000, 0.0000000000000000000, 1.000000000000000000 ) ) ;
#6150 = AXIS2_PLACEMENT_3D ( 'NONE', #283, #6304, #5621 ) ;
#6151 = LINE ( 'NONE', #5462, #3895 ) ;
#6152 = VERTEX_POINT ( 'NONE', #3414 ) ;
#6153 = CARTESIAN_POINT ( 'NONE',  ( 1591.999999384806000, 1969.999832439667200, -53.00205347054088600 ) ) ;
#6154 = DIRECTION ( 'NONE',  ( -1.000000000000000000, 0.0000000000000000000, 0.0000000000000000000 ) ) ;
#6155 = CARTESIAN_POINT ( 'NONE',  ( 1599.213856011192100, 1911.770829572077000, -78.40205347054087800 ) ) ;
#6156 = DIRECTION ( 'NONE',  ( 0.0000000000000000000, 0.0000000000000000000, -1.000000000000000000 ) ) ;
#6157 = AXIS2_PLACEMENT_3D ( 'NONE', #137, #6168, #5474 ) ;
#6158 = CARTESIAN_POINT ( 'NONE',  ( 1796.839999349615300, 1969.999832439667400, -79.85255331776186000 ) ) ;
#6159 = ADVANCED_FACE ( 'NONE', ( #5645 ), #830, .T. ) ;
#6160 = CARTESIAN_POINT ( 'NONE',  ( 1767.629999349615000, 2044.821413210315500, -28.16870098684406900 ) ) ;
#6161 = AXIS2_PLACEMENT_3D ( 'NONE', #1702, #1020, #331 ) ;
#6162 = FACE_OUTER_BOUND ( 'NONE', #1033, .T. ) ;
#6163 = CARTESIAN_POINT ( 'NONE',  ( 1578.076637937027300, 2026.998551495727500, -78.40205347054089200 ) ) ;
#6164 = DIRECTION ( 'NONE',  ( 0.8314696123372801200, 0.5555702329676177600, 0.0000000000000000000 ) ) ;
#6165 = CARTESIAN_POINT ( 'NONE',  ( 1667.734236866610000, 1955.333530443410200, 120.7339465294591200 ) ) ;
#6166 = CIRCLE ( 'NONE', #2212, 101.6000000000001400 ) ;
#6167 = VERTEX_POINT ( 'NONE', #666 ) ;
#6168 = DIRECTION ( 'NONE',  ( 0.0000000000000000000, 0.0000000000000000000, 1.000000000000000000 ) ) ;
#6169 = CARTESIAN_POINT ( 'NONE',  ( 1721.840769006013300, 1861.654626918906400, 66.82244652945908600 ) ) ;
#6170 = ORIENTED_EDGE ( 'NONE', *, *, #470, .F. ) ;
#6171 = B_SPLINE_CURVE_WITH_KNOTS ( 'NONE', 3,
 ( #1362, #676, #6704, #6013, #5326, #4646, #3952, #3265, #2577, #1889, #1202, #518, #6532, #5843, #5173, #4479, #3779, #3108 ),
 .UNSPECIFIED., .F., .F.,
 ( 4, 1, 1, 2, 2, 2, 1, 1, 2, 2, 4 ),
 ( 0.0000000000000000000, 0.1250000000000116300, 0.1875000000000171000, 0.2187500000000260600, 0.2500000000000350300, 0.5000000000000709400, 0.6250000000000889300, 0.6875000000001179100, 0.7187500000001109100, 0.7500000000001040300, 1.000000000000000000 ),
 .UNSPECIFIED. ) ;
#6172 = CARTESIAN_POINT ( 'NONE',  ( 1722.001330402813400, 1881.785922692288100, -78.71955347054093000 ) ) ;
#6173 = DIRECTION ( 'NONE',  ( 0.0000000000000000000, 0.0000000000000000000, 1.000000000000000000 ) ) ;
#6174 = ORIENTED_EDGE ( 'NONE', *, *, #6442, .T. ) ;
#6175 = CARTESIAN_POINT ( 'NONE',  ( 1591.999999384806000, 1969.999832439667200, 111.2089465294591100 ) ) ;
#6176 = CARTESIAN_POINT ( 'NONE',  ( 1644.580274286768800, 1969.999832439667400, -56.85265513870665900 ) ) ;
#6177 = CARTESIAN_POINT ( 'NONE',  ( 1512.038802585648200, 1981.325348114130300, 120.7339465294591000 ) ) ;
#6178 = DIRECTION ( 'NONE',  ( -0.0000000000000000000, 8.079526793559758100E-017, -1.000000000000000000 ) ) ;
#6179 = VERTEX_POINT ( 'NONE', #6694 ) ;
#6180 = VERTEX_POINT ( 'NONE', #6001 ) ;
#6181 = CARTESIAN_POINT ( 'NONE',  ( 1639.899468665942100, 1906.142666228545700, 120.7339465294590900 ) ) ;
#6182 = CARTESIAN_POINT ( 'NONE',  ( 1643.023477399990000, 1957.299832439667600, -56.85265513870663100 ) ) ;
#6183 = CARTESIAN_POINT ( 'NONE',  ( 1574.500969480242700, 2033.523972064837200, -90.78455347054078600 ) ) ;
#6184 = ORIENTED_EDGE ( 'NONE', *, *, #5961, .T. ) ;
#6185 = CARTESIAN_POINT ( 'NONE',  ( 1659.428915990569500, 1982.699832439667000, -2.923722064607858300 ) ) ;
#6186 = ADVANCED_FACE ( 'NONE', ( #1012, #1182 ), #5315, .T. ) ;
#6187 = CARTESIAN_POINT ( 'NONE',  ( 1591.999999384806000, 1931.899832439667500, 28.72244652945911300 ) ) ;
#6188 = AXIS2_PLACEMENT_3D ( 'NONE', #3246, #2560, #1870 ) ;
#6189 = EDGE_CURVE ( 'NONE', #1881, #5087, #2569, .T. ) ;
#6190 = CARTESIAN_POINT ( 'NONE',  ( 1580.165800266967200, 1886.153253824846800, 120.7339465294590900 ) ) ;
#6191 = CARTESIAN_POINT ( 'NONE',  ( 1767.629999349615000, 1911.397654115440700, -54.31986620815529700 ) ) ;
#6192 = CARTESIAN_POINT ( 'NONE',  ( 1594.698043756504400, 1965.001898694562000, 120.7339465294590900 ) ) ;
#6193 = B_SPLINE_CURVE_WITH_KNOTS ( 'NONE', 3,
 ( #4186, #3498, #2809, #2129 ),
 .UNSPECIFIED., .F., .F.,
 ( 4, 4 ),
 ( 0.0000000000000000000, 0.9999999412673157300 ),
 .UNSPECIFIED. ) ;
#6194 = CARTESIAN_POINT ( 'NONE',  ( 1620.704036914094800, 1944.822333242541800, 28.72244652945911300 ) ) ;
#6195 = CARTESIAN_POINT ( 'NONE',  ( 1561.385239652887800, 1919.946073065581700, -78.40205347054089200 ) ) ;
#6196 = CARTESIAN_POINT ( 'NONE',  ( 1746.668459565174800, 1996.969792509185300, -90.78455347054089900 ) ) ;
#6197 = CARTESIAN_POINT ( 'NONE',  ( 1767.629999349615400, 2024.360617315660200, -58.54588314528571400 ) ) ;
#6198 = CARTESIAN_POINT ( 'NONE',  ( 1616.608716967158000, 2023.263828813450300, -78.40205347054090600 ) ) ;
#6199 = CARTESIAN_POINT ( 'NONE',  ( 1591.999999384806000, 1969.999832439667200, 120.7339465294591200 ) ) ;
#6200 = VECTOR ( 'NONE', #5913, 1000.000000000000000 ) ;
#6201 = CARTESIAN_POINT ( 'NONE',  ( 1767.629999349615000, 1913.617209437741600, 85.14744614636023800 ) ) ;
#6202 = DIRECTION ( 'NONE',  ( 0.0000000000000000000, 1.000000000000000000, 0.0000000000000000000 ) ) ;
#6203 = CARTESIAN_POINT ( 'NONE',  ( 1767.629999349614500, 1980.233841301730300, 79.49028782077475300 ) ) ;
#6204 = VECTOR ( 'NONE', #340, 1000.000000000000000 ) ;
#6205 = FACE_OUTER_BOUND ( 'NONE', #2165, .T. ) ;
#6206 = CARTESIAN_POINT ( 'NONE',  ( 1748.500534579525700, 1956.498855844675500, -90.78455347054089900 ) ) ;
#6207 = CARTESIAN_POINT ( 'NONE',  ( 1722.001379402814600, 2058.213885292362200, -64.02638953409521600 ) ) ;
#6208 = CARTESIAN_POINT ( 'NONE',  ( 1713.345471110409300, 1889.152272317529900, 73.38483140356727600 ) ) ;
#6209 = EDGE_CURVE ( 'NONE', #492, #3597, #4138, .T. ) ;
#6210 = DIRECTION ( 'NONE',  ( -1.000000000000000000, 6.540352898394424400E-015, 0.0000000000000000000 ) ) ;
#6211 = CARTESIAN_POINT ( 'NONE',  ( 1604.140464175361100, 2047.629136191214500, 120.7339465294591000 ) ) ;
#6212 = ORIENTED_EDGE ( 'NONE', *, *, #3781, .T. ) ;
#6213 = ORIENTED_EDGE ( 'NONE', *, *, #4923, .T. ) ;
#6214 = CARTESIAN_POINT ( 'NONE',  ( 1722.673828473257600, 2058.876622276955900, 63.40024661382057000 ) ) ;
#6215 = B_SPLINE_CURVE_WITH_KNOTS ( 'NONE', 3,
 ( #4378, #3682, #3003, #2312, #1625, #940, #250, #6274, #5588, #4900, #4213, #3529, #2834, #2153, #1463, #776, #91, #6111, #5426, #4742, #4056, #3362, #2674, #1994, #1301, #615, #6640, #5947, #5268, #4579, #3882, #3205, #2517, #1828, #1144, #457, #6471, #5781, #5110, #4414, #3716, #3044, #2347, #1665, #981, #290, #6311, #5629, #4944, #4250, #3570, #2873, #2189, #1507, #813, #124 ),
 .UNSPECIFIED., .F., .F.,
 ( 4, 1, 1, 1, 1, 1, 2, 2, 1, 1, 1, 1, 2, 2, 1, 1, 1, 1, 2, 2, 2, 1, 1, 1, 1, 2, 2, 1, 1, 1, 1, 2, 2, 1, 1, 1, 1, 1, 2, 2, 4 ),
 ( 0.0000000000000000000, 0.06250000000142454100, 0.09375000000220248800, 0.1093750000025849200, 0.1171875000027837200, 0.1210937500028831100, 0.1230468750029244700, 0.1250000000029658200, 0.1875000000028770300, 0.2187500000028326500, 0.2343750000027612600, 0.2421875000027398600, 0.2460937500027439200, 0.2500000000027479700, 0.3125000000023787100, 0.3437500000021579400, 0.3593750000020291500, 0.3671875000019647600, 0.3710937500019325700, 0.3750000000019003100, 0.5000000000013531400, 0.5625000000010459400, 0.5937500000008892900, 0.6093750000008108000, 0.6171875000007681600, 0.6210937500007695000, 0.6250000000007708300, 0.6875000000006472600, 0.7187500000006001900, 0.7343750000005766500, 0.7421875000005442300, 0.7460937500005500000, 0.7500000000005556700, 0.8125000000009037200, 0.8437500000010775800, 0.8593750000011858300, 0.8671875000011813900, 0.8710937500011991500, 0.8730468750012080300, 0.8750000000012169200, 1.000000000000000000 ),
 .UNSPECIFIED. ) ;
#6216 = CARTESIAN_POINT ( 'NONE',  ( 1510.740409104602300, 1991.116769113468500, 111.2089465294590800 ) ) ;
#6217 = PERSON_AND_ORGANIZATION ( #3143, #4345 ) ;
#6218 = CARTESIAN_POINT ( 'NONE',  ( 1723.441834866677500, 2059.391971366945200, -62.37492063673445100 ) ) ;
#6219 = VERTEX_POINT ( 'NONE', #6207 ) ;
#6220 = VERTEX_POINT ( 'NONE', #5513 ) ;
#6221 = CARTESIAN_POINT ( 'NONE',  ( 1612.656135901324200, 2049.497546352815800, 111.2089465294590800 ) ) ;
#6222 = EDGE_CURVE ( 'NONE', #6179, #2178, #4658, .T. ) ;
#6223 = CARTESIAN_POINT ( 'NONE',  ( 1547.998603173993400, 2023.256190463971300, -90.78455347054092800 ) ) ;
#6224 = CARTESIAN_POINT ( 'NONE',  ( 1527.266316183915000, 1927.999510516932300, 120.7339465294590900 ) ) ;
#6225 = DIRECTION ( 'NONE',  ( 0.0000000000000000000, 0.0000000000000000000, 1.000000000000000000 ) ) ;
#6226 = VERTEX_POINT ( 'NONE', #2083 ) ;
#6227 = CARTESIAN_POINT ( 'NONE',  ( 1562.481207187118600, 2030.919164654616000, -78.40205347054089200 ) ) ;
#6228 = CARTESIAN_POINT ( 'NONE',  ( 1571.430561456448000, 1890.933226747656600, 120.7339465294590900 ) ) ;
#6229 = CARTESIAN_POINT ( 'NONE',  ( 1767.629999349615400, 1892.562524986842200, -19.93921134419418800 ) ) ;
#6230 = CARTESIAN_POINT ( 'NONE',  ( 1586.740483559020500, 1967.843011937511400, 120.7339465294590900 ) ) ;
#6231 = CARTESIAN_POINT ( 'NONE',  ( 1521.292714283887300, 1928.559036044779100, 120.7339465294590900 ) ) ;
#6232 = CARTESIAN_POINT ( 'NONE',  ( 1538.927321081166200, 1944.981254743358500, -78.40205347054087800 ) ) ;
#6233 = VERTEX_POINT ( 'NONE', #1389 ) ;
#6234 = CARTESIAN_POINT ( 'NONE',  ( 1591.999999384806000, 1969.999832439667200, 111.2089465294590800 ) ) ;
#6235 = AXIS2_PLACEMENT_3D ( 'NONE', #3713, #3039, #2345 ) ;
#6236 = CARTESIAN_POINT ( 'NONE',  ( 1767.629999349614500, 1992.433876459788500, -76.64261734815305300 ) ) ;
#6237 = ADVANCED_BREP_SHAPE_REPRESENTATION ( '5-Asix', ( #3062, #3473 ), #5971 ) ;
#6238 = CARTESIAN_POINT ( 'NONE',  ( 1643.435717748220000, 1998.231422343954100, -78.40205347054084900 ) ) ;
#6239 = CARTESIAN_POINT ( 'NONE',  ( 1601.878665245002600, 2006.881266754599200, 28.72244652945909800 ) ) ;
#6240 = DIRECTION ( 'NONE',  ( 0.0000000000000000000, 0.0000000000000000000, 1.000000000000000000 ) ) ;
#6241 = CARTESIAN_POINT ( 'NONE',  ( 1588.428301086796000, 1974.421140734159700, 120.7339465294591200 ) ) ;
#6242 = CARTESIAN_POINT ( 'NONE',  ( 1767.629999349614800, 2016.162911147953100, 65.49050034704572500 ) ) ;
#6243 = DIRECTION ( 'NONE',  ( -1.000000000000000000, -0.0000000000000000000, -0.0000000000000000000 ) ) ;
#6244 = AXIS2_PLACEMENT_3D ( 'NONE', #5807, #2371, #1688 ) ;
#6245 = CARTESIAN_POINT ( 'NONE',  ( 1533.326050949232500, 1971.286839029462700, -78.40205347054089200 ) ) ;
#6246 = CARTESIAN_POINT ( 'NONE',  ( 1550.935575664863600, 2040.020254311628800, 111.2089465294591300 ) ) ;
#6247 = DIRECTION ( 'NONE',  ( -0.0000000000000000000, 0.0000000000000000000, -1.000000000000000000 ) ) ;
#6248 = FACE_OUTER_BOUND ( 'NONE', #2652, .T. ) ;
#6249 = CC_DESIGN_APPROVAL ( #4747, ( #5553 ) ) ;
#6250 = CARTESIAN_POINT ( 'NONE',  ( 1555.118565069873100, 1960.121166579468800, -51.92255347054095400 ) ) ;
#6251 = CARTESIAN_POINT ( 'NONE',  ( 1591.999999384806000, 1884.117402921167900, 120.7339465294591200 ) ) ;
#6252 = VERTEX_POINT ( 'NONE', #703 ) ;
#6253 = CARTESIAN_POINT ( 'NONE',  ( 1654.926369165087400, 1982.699832439667300, -52.24683083099207400 ) ) ;
#6254 = DIRECTION ( 'NONE',  ( -1.000000000000000000, 0.0000000000000000000, 0.0000000000000000000 ) ) ;
#6255 = EDGE_CURVE ( 'NONE', #3747, #3339, #23, .T. ) ;
#6256 = CARTESIAN_POINT ( 'NONE',  ( 1528.633464855392500, 1925.460300808774500, 111.2089465294591100 ) ) ;
#6257 = EDGE_LOOP ( 'NONE', ( #1521, #2579, #519, #6489 ) ) ;
#6258 = ORIENTED_EDGE ( 'NONE', *, *, #1294, .T. ) ;
#6259 = CARTESIAN_POINT ( 'NONE',  ( 1551.608532005262800, 1939.012351011746000, 28.72244652945909800 ) ) ;
#6260 = CARTESIAN_POINT ( 'NONE',  ( 1642.601006398993100, 1957.299832439667600, -78.40205347054089200 ) ) ;
#6261 = CARTESIAN_POINT ( 'NONE',  ( 1701.550705222319300, 1906.158024397350800, -78.71955347054093000 ) ) ;
#6262 = DIRECTION ( 'NONE',  ( -1.000000000000000000, 0.0000000000000000000, 0.0000000000000000000 ) ) ;
#6263 = ORIENTED_EDGE ( 'NONE', *, *, #3311, .F. ) ;
#6264 = ORIENTED_EDGE ( 'NONE', *, *, #4630, .F. ) ;
#6265 = CARTESIAN_POINT ( 'NONE',  ( 1529.525415087302000, 1993.595786291723700, -78.40205347054087800 ) ) ;
#6266 = CARTESIAN_POINT ( 'NONE',  ( 1576.961649420468800, 1894.461849171955700, 120.7339465294591000 ) ) ;
#6267 = CARTESIAN_POINT ( 'NONE',  ( 1767.629999349615700, 1898.765414486619600, 36.56087894821728700 ) ) ;
#6268 = CARTESIAN_POINT ( 'NONE',  ( 1796.839999349614800, 1934.547735997932000, -71.75919016783981900 ) ) ;
#6269 = CIRCLE ( 'NONE', #1484, 50.80000000000018200 ) ;
#6270 = CARTESIAN_POINT ( 'NONE',  ( 1713.435310878016900, 1982.699832439667000, -5.789803470540907600 ) ) ;
#6271 = DIRECTION ( 'NONE',  ( 1.000000000000000000, 0.0000000000000000000, 0.0000000000000000000 ) ) ;
#6272 = AXIS2_PLACEMENT_3D ( 'NONE', #5106, #4409, #3712 ) ;
#6273 = DIRECTION ( 'NONE',  ( 0.0000000000000000000, 0.0000000000000000000, -1.000000000000000000 ) ) ;
#6274 = CARTESIAN_POINT ( 'NONE',  ( 1551.116750183318600, 2036.972475950682800, 120.7339465294590900 ) ) ;
#6275 = CARTESIAN_POINT ( 'NONE',  ( 1743.499999349615100, 2035.479694647907300, 87.27194652945911500 ) ) ;
#6276 = CARTESIAN_POINT ( 'NONE',  ( 1637.335121276510100, 1932.711295084222200, -78.40205347054087800 ) ) ;
#6277 = CARTESIAN_POINT ( 'NONE',  ( 1596.490898408779900, 1973.477026497520200, 120.7339465294590900 ) ) ;
#6278 = CYLINDRICAL_SURFACE ( 'NONE', #6102, 58.67399999999989300 ) ;
#6279 = CARTESIAN_POINT ( 'NONE',  ( 1767.629999349614800, 2040.428385653600600, 38.09260596084632800 ) ) ;
#6280 = ORIENTED_EDGE ( 'NONE', *, *, #5626, .T. ) ;
#6281 = CARTESIAN_POINT ( 'NONE',  ( 1767.629999349615000, 1948.446085749577200, -76.89506685885331200 ) ) ;
#6282 = CARTESIAN_POINT ( 'NONE',  ( 1544.099740546987700, 2003.885060946283100, -78.40205347054090600 ) ) ;
#6283 = CARTESIAN_POINT ( 'NONE',  ( 1738.841316728187200, 1926.592547781504400, -90.78455347054094200 ) ) ;
#6284 = DIRECTION ( 'NONE',  ( -1.000000000000000000, 0.0000000000000000000, 0.0000000000000000000 ) ) ;
#6285 = APPROVAL ( #3460, 'UNSPECIFIED' ) ;
#6286 = EDGE_LOOP ( 'NONE', ( #5445, #6127, #156, #2545 ) ) ;
#6287 = CARTESIAN_POINT ( 'NONE',  ( 1745.946839798800700, 1999.611592027227300, -114.5970534705409600 ) ) ;
#6288 = CARTESIAN_POINT ( 'NONE',  ( 1723.578173483715300, 1880.536302760827300, -62.27272531340583600 ) ) ;
#6289 = ORIENTED_EDGE ( 'NONE', *, *, #6043, .F. ) ;
#6290 = CARTESIAN_POINT ( 'NONE',  ( 1597.497798066998700, 1968.526585248986700, 111.2089465294590800 ) ) ;
#6291 = CARTESIAN_POINT ( 'NONE',  ( 1659.826634317690200, 2010.858899949506400, 120.7339465294591000 ) ) ;
#6292 = DIRECTION ( 'NONE',  ( 1.000000000000000000, 0.0000000000000000000, 0.0000000000000000000 ) ) ;
#6293 = VERTEX_POINT ( 'NONE', #2760 ) ;
#6294 = FACE_OUTER_BOUND ( 'NONE', #5260, .T. ) ;
#6295 = CARTESIAN_POINT ( 'NONE',  ( 1530.183526922302200, 1943.447503852925400, -78.40205347054090600 ) ) ;
#6296 = CARTESIAN_POINT ( 'NONE',  ( 1698.500534379524700, 2033.500809244672200, -90.78455347054084300 ) ) ;
#6297 = DIRECTION ( 'NONE',  ( 1.000000000000000000, 0.0000000000000000000, 0.0000000000000000000 ) ) ;
#6298 = CARTESIAN_POINT ( 'NONE',  ( 1642.799999384806100, 1969.999832439667200, 66.82244652945912800 ) ) ;
#6299 = ORIENTED_EDGE ( 'NONE', *, *, #6496, .F. ) ;
#6300 = LOCAL_TIME ( 18, 46, 3.000000000000000000, #409 ) ;
#6301 = EDGE_CURVE ( 'NONE', #5235, #718, #4672, .T. ) ;
#6302 = VERTEX_POINT ( 'NONE', #1921 ) ;
#6303 = CARTESIAN_POINT ( 'NONE',  ( 1695.888142349615200, 2049.042392279382100, 66.82244652945912800 ) ) ;
#6304 = DIRECTION ( 'NONE',  ( -0.0000000000000000000, -0.0000000000000000000, -1.000000000000000000 ) ) ;
#6305 = CARTESIAN_POINT ( 'NONE',  ( 1767.629999349615200, 1921.863168741957700, 64.04473329694488400 ) ) ;
#6306 = ORIENTED_EDGE ( 'NONE', *, *, #6607, .F. ) ;
#6307 = LINE ( 'NONE', #5624, #15 ) ;
#6308 = CARTESIAN_POINT ( 'NONE',  ( 1743.499999349615100, 1884.999832439667200, -1.159510470540900500 ) ) ;
#6309 = DIRECTION ( 'NONE',  ( 1.000000000000000000, 0.0000000000000000000, 0.0000000000000000000 ) ) ;
#6310 = CARTESIAN_POINT ( 'NONE',  ( 1528.498092979527700, 1983.500809044675200, -96.49955347054090300 ) ) ;
#6311 = CARTESIAN_POINT ( 'NONE',  ( 1543.458754076560100, 2034.548022294083900, 120.7339465294590900 ) ) ;
#6312 = LINE ( 'NONE', #2190, #671 ) ;
#6313 = CARTESIAN_POINT ( 'NONE',  ( 1606.826904685120600, 1913.225784929062200, -78.40205347054090600 ) ) ;
#6314 = CARTESIAN_POINT ( 'NONE',  ( 1707.939999349615200, 2049.213607247534100, 75.14863476337099300 ) ) ;
#6315 = CARTESIAN_POINT ( 'NONE',  ( 1796.839999349615000, 2033.608442364715500, -48.65173672840347800 ) ) ;
#6316 = CARTESIAN_POINT ( 'NONE',  ( 1767.629999349614800, 2048.206722697481400, -16.73126927723482600 ) ) ;
#6317 = CARTESIAN_POINT ( 'NONE',  ( 1767.629999349615000, 1916.588586555790900, -59.41298222179910500 ) ) ;
#6318 = CARTESIAN_POINT ( 'NONE',  ( 1567.866463606843800, 2023.491592897258200, -78.40205347054089200 ) ) ;
#6319 = CARTESIAN_POINT ( 'NONE',  ( 1655.577183905374800, 2017.279963384661200, 111.2089465294591300 ) ) ;
#6320 = CARTESIAN_POINT ( 'NONE',  ( 1591.999999384806000, 1969.999832439667200, 120.7339465294591200 ) ) ;
#6321 = AXIS2_PLACEMENT_3D ( 'NONE', #117, #6142, #5455 ) ;
#6322 = CARTESIAN_POINT ( 'NONE',  ( 1700.544479337630700, 1906.384927462342400, -90.78455347054081400 ) ) ;
#6323 = LINE ( 'NONE', #5648, #6499 ) ;
#6324 = ORIENTED_EDGE ( 'NONE', *, *, #4905, .T. ) ;
#6325 = ORIENTED_EDGE ( 'NONE', *, *, #6658, .F. ) ;
#6326 = FACE_BOUND ( 'NONE', #5964, .T. ) ;
#6327 = DIRECTION ( 'NONE',  ( 0.0000000000000000000, 0.0000000000000000000, 1.000000000000000000 ) ) ;
#6328 = CARTESIAN_POINT ( 'NONE',  ( 1718.869466303018500, 1885.518320635036200, -69.15715699443192900 ) ) ;
#6329 = VERTEX_POINT ( 'NONE', #1230 ) ;
#6330 = EDGE_CURVE ( 'NONE', #1161, #6252, #5757, .T. ) ;
#6331 = CARTESIAN_POINT ( 'NONE',  ( 1568.009348014525400, 1907.608320307928800, -78.40205347054089200 ) ) ;
#6332 = CARTESIAN_POINT ( 'NONE',  ( 1603.406591303148800, 2051.692338997801500, 120.7339465294590900 ) ) ;
#6333 = CARTESIAN_POINT ( 'NONE',  ( 1513.662470257724200, 1981.741811796825900, 120.7339465294590900 ) ) ;
#6334 = LINE ( 'NONE', #5657, #2304 ) ;
#6335 = ORIENTED_EDGE ( 'NONE', *, *, #1417, .F. ) ;
#6336 = ORIENTED_EDGE ( 'NONE', *, *, #2921, .T. ) ;
#6337 = CARTESIAN_POINT ( 'NONE',  ( 1636.152017745889900, 1906.586739191233200, 120.7339465294591200 ) ) ;
#6338 = DIRECTION ( 'NONE',  ( 0.0000000000000000000, 0.0000000000000000000, 1.000000000000000000 ) ) ;
#6339 = CARTESIAN_POINT ( 'NONE',  ( 1767.629999349614800, 1959.162209497395700, 79.41000183641251900 ) ) ;
#6340 = ORIENTED_EDGE ( 'NONE', *, *, #868, .T. ) ;
#6341 = EDGE_CURVE ( 'NONE', #5293, #2386, #1042, .T. ) ;
#6342 = PLANE ( 'NONE',  #83 ) ;
#6343 = CARTESIAN_POINT ( 'NONE',  ( 1664.324778968508300, 2012.705472857351000, 120.7339465294590900 ) ) ;
#6344 = CARTESIAN_POINT ( 'NONE',  ( 1698.500534579524800, 1906.498855844675100, -102.6908034705409100 ) ) ;
#6345 = EDGE_CURVE ( 'NONE', #956, #1916, #1559, .T. ) ;
#6346 = CARTESIAN_POINT ( 'NONE',  ( 1595.864358983830900, 1965.837003865773800, 120.7339465294590900 ) ) ;
#6347 = CARTESIAN_POINT ( 'NONE',  ( 1630.099999384806100, 1969.999832439667400, 28.72244652945911300 ) ) ;
#6348 = CARTESIAN_POINT ( 'NONE',  ( 1567.137839031610600, 1916.853659863101300, -78.40205347054090600 ) ) ;
#6349 = CARTESIAN_POINT ( 'NONE',  ( 1580.636630064851500, 1888.520275061040600, 111.2089465294590800 ) ) ;
#6350 = B_SPLINE_CURVE_WITH_KNOTS ( 'NONE', 3,
 ( #4714, #4022, #3332, #2644, #1963, #1271, #584, #6605, #5915, #5238 ),
 .UNSPECIFIED., .F., .F.,
 ( 4, 2, 2, 2, 4 ),
 ( 0.0000000000000000000, 0.2500000000000000000, 0.5000000000000000000, 0.7500000000000000000, 1.000000000000000000 ),
 .UNSPECIFIED. ) ;
#6351 = CARTESIAN_POINT ( 'NONE',  ( 1748.500534579525700, 1983.500809044674700, -90.78455347054092800 ) ) ;
#6352 = CARTESIAN_POINT ( 'NONE',  ( 1767.629999349615000, 2030.396277623624700, -52.31464861414797000 ) ) ;
#6353 = CARTESIAN_POINT ( 'NONE',  ( 1610.240288336353600, 2025.767680989754800, -78.40205347054089200 ) ) ;
#6354 = CARTESIAN_POINT ( 'NONE',  ( 1705.036789291522600, 2068.800266775732800, 66.82244652945908600 ) ) ;
#6355 = CARTESIAN_POINT ( 'NONE',  ( 1673.442239621794200, 1958.766984762036100, 120.7339465294591000 ) ) ;
#6356 = CARTESIAN_POINT ( 'NONE',  ( 1558.935615462009100, 1989.093673124819600, -51.92255347054099700 ) ) ;
#6357 = FACE_OUTER_BOUND ( 'NONE', #5618, .T. ) ;
#6358 = ORIENTED_EDGE ( 'NONE', *, *, #4502, .F. ) ;
#6359 = EDGE_CURVE ( 'NONE', #213, #2047, #4732, .T. ) ;
#6360 = CARTESIAN_POINT ( 'NONE',  ( 1746.287674292376600, 1941.668066426067100, -90.78455347054089900 ) ) ;
#6361 = CARTESIAN_POINT ( 'NONE',  ( 1589.138078904025400, 1974.962033386523700, 111.2089465294591000 ) ) ;
#6362 = CARTESIAN_POINT ( 'NONE',  ( 1707.939999349615200, 1890.774118117581100, 75.13602263252467100 ) ) ;
#6363 = VECTOR ( 'NONE', #5571, 1000.000000000000000 ) ;
#6364 = EDGE_CURVE ( 'NONE', #4939, #6329, #2080, .T. ) ;
#6365 = ORIENTED_EDGE ( 'NONE', *, *, #3971, .T. ) ;
#6366 = LINE ( 'NONE', #5685, #959 ) ;
#6367 = CARTESIAN_POINT ( 'NONE',  ( 1606.434783399228300, 2045.921754175929200, 120.7339465294590900 ) ) ;
#6368 = VERTEX_POINT ( 'NONE', #418 ) ;
#6369 = ORIENTED_EDGE ( 'NONE', *, *, #318, .T. ) ;
#6370 = CARTESIAN_POINT ( 'NONE',  ( 1723.546020748800200, 2059.447004741622500, 62.59105162010074300 ) ) ;
#6371 = AXIS2_PLACEMENT_3D ( 'NONE', #3011, #2319, #1633 ) ;
#6372 = VECTOR ( 'NONE', #3711, 1000.000000000000000 ) ;
#6373 = LINE ( 'NONE', #5689, #221 ) ;
#6374 = APPLICATION_PROTOCOL_DEFINITION ( 'international standard', 'config_control_design', 1994, #6069 ) ;
#6375 = CARTESIAN_POINT ( 'NONE',  ( 1722.555432438101700, 2058.777437067291900, -63.24451300807115900 ) ) ;
#6376 = ORIENTED_EDGE ( 'NONE', *, *, #4243, .T. ) ;
#6377 = ORIENTED_EDGE ( 'NONE', *, *, #1754, .F. ) ;
#6378 = CARTESIAN_POINT ( 'NONE',  ( 1523.293874858462500, 1918.470615944841900, 111.2089465294590800 ) ) ;
#6379 = CARTESIAN_POINT ( 'NONE',  ( 1528.498092979527900, 1983.500809044674700, -90.78455347054089900 ) ) ;
#6380 = CARTESIAN_POINT ( 'NONE',  ( 1524.737644590353700, 1929.292550640373700, 120.7339465294591000 ) ) ;
#6381 = LINE ( 'NONE', #5696, #1219 ) ;
#6382 = EDGE_LOOP ( 'NONE', ( #5457, #6407 ) ) ;
#6383 = ADVANCED_FACE ( 'NONE', ( #2049 ), #1103, .F. ) ;
#6384 = CARTESIAN_POINT ( 'NONE',  ( 1572.223772912021800, 2033.170829738361800, -78.40205347054089200 ) ) ;
#6385 = EDGE_CURVE ( 'NONE', #4443, #541, #6215, .T. ) ;
#6386 = CARTESIAN_POINT ( 'NONE',  ( 1743.499999349615100, 1884.999832439667200, -56.23517589492200100 ) ) ;
#6387 = CARTESIAN_POINT ( 'NONE',  ( 1767.629999349615200, 1895.688511713126000, -29.48188809476056300 ) ) ;
#6388 = CARTESIAN_POINT ( 'NONE',  ( 1588.115461968506000, 1965.851550245940200, 120.7339465294590900 ) ) ;
#6389 = DIRECTION ( 'NONE',  ( 1.809814001757388100E-014, -1.000000000000000000, 0.0000000000000000000 ) ) ;
#6390 = CARTESIAN_POINT ( 'NONE',  ( 1543.194504007070900, 1937.384928586094900, -78.40205347054089200 ) ) ;
#6391 = CARTESIAN_POINT ( 'NONE',  ( 1542.381971228532400, 2035.846740483843000, 111.2089465294590800 ) ) ;
#6392 = CARTESIAN_POINT ( 'NONE',  ( 1767.629999349615200, 2005.071947856086600, -71.75489686037587900 ) ) ;
#6393 = CARTESIAN_POINT ( 'NONE',  ( 1638.289401656565600, 2006.054440333525500, -78.40205347054089200 ) ) ;
#6394 = DIRECTION ( 'NONE',  ( -0.0000000000000000000, -1.000000000000000000, -0.0000000000000000000 ) ) ;
#6395 = DIRECTION ( 'NONE',  ( -1.000000000000000000, 0.0000000000000000000, 0.0000000000000000000 ) ) ;
#6396 = CARTESIAN_POINT ( 'NONE',  ( 1587.430613456747100, 1973.373084131130100, 120.7339465294590900 ) ) ;
#6397 = FACE_OUTER_BOUND ( 'NONE', #4201, .T. ) ;
#6398 = EDGE_CURVE ( 'NONE', #2777, #2947, #5463, .T. ) ;
#6399 = CARTESIAN_POINT ( 'NONE',  ( 1767.629999349615000, 2007.806282925527500, 70.66934496624197900 ) ) ;
#6400 = CARTESIAN_POINT ( 'NONE',  ( 1767.629999349615000, 1893.073523606914700, -67.17602879310297200 ) ) ;
#6401 = CARTESIAN_POINT ( 'NONE',  ( 1547.229477025896600, 2033.460899132863500, 111.2089465294591000 ) ) ;
#6402 = CARTESIAN_POINT ( 'NONE',  ( 1515.997256169630900, 1988.191158584315000, 111.2089465294591100 ) ) ;
#6403 = ORIENTED_EDGE ( 'NONE', *, *, #5917, .T. ) ;
#6404 = FACE_OUTER_BOUND ( 'NONE', #841, .T. ) ;
#6405 = CARTESIAN_POINT ( 'NONE',  ( 1657.126941004054100, 2019.315892067885900, 120.7339465294590900 ) ) ;
#6406 = CARTESIAN_POINT ( 'NONE',  ( 1629.870192898448100, 2003.217346380409000, -53.00205347054088600 ) ) ;
#6407 = ORIENTED_EDGE ( 'NONE', *, *, #2248, .F. ) ;
#6408 = CARTESIAN_POINT ( 'NONE',  ( 1651.907686601145500, 1982.699832439667700, -55.28344167783797800 ) ) ;
#6409 = ADVANCED_FACE ( 'NONE', ( #3768 ), #3687, .T. ) ;
#6410 = AXIS2_PLACEMENT_3D ( 'NONE', #5291, #4609, #3911 ) ;
#6411 = CARTESIAN_POINT ( 'NONE',  ( 1667.768547374292900, 1952.796696028008200, 120.7339465294590900 ) ) ;
#6412 = DATE_AND_TIME ( #575, #6300 ) ;
#6413 = CARTESIAN_POINT ( 'NONE',  ( 1524.129359858877500, 1929.375904169099200, 111.2089465294591000 ) ) ;
#6414 = ORIENTED_EDGE ( 'NONE', *, *, #6543, .F. ) ;
#6415 = EDGE_CURVE ( 'NONE', #285, #1429, #26, .T. ) ;
#6416 = ORIENTED_EDGE ( 'NONE', *, *, #818, .F. ) ;
#6417 = CARTESIAN_POINT ( 'NONE',  ( 1581.290984568811600, 2033.500810731693900, -90.78455347054089900 ) ) ;
#6418 = SECURITY_CLASSIFICATION ( '', '', #5210 ) ;
#6419 = LINE ( 'NONE', #5733, #5495 ) ;
#6420 = DIRECTION ( 'NONE',  ( -0.0000000000000000000, 0.0000000000000000000, -1.000000000000000000 ) ) ;
#6421 = CARTESIAN_POINT ( 'NONE',  ( 1575.115938422185300, 2004.245368232155900, 28.72244652945910600 ) ) ;
#6422 = EDGE_LOOP ( 'NONE', ( #2972, #5167, #3304, #953 ) ) ;
#6423 = EDGE_LOOP ( 'NONE', ( #265, #1068, #2270, #4928 ) ) ;
#6424 = CARTESIAN_POINT ( 'NONE',  ( 1532.530884593019900, 2003.190897599755500, -78.40205347054087800 ) ) ;
#6425 = CARTESIAN_POINT ( 'NONE',  ( 1574.354156383834600, 1894.230333211575700, 120.7339465294591200 ) ) ;
#6426 = CARTESIAN_POINT ( 'NONE',  ( 1767.629999349614500, 1894.442665360327300, 26.45878023724647600 ) ) ;
#6427 = DIRECTION ( 'NONE',  ( 0.0000000000000000000, -1.000000000000000000, 0.0000000000000000000 ) ) ;
#6428 = DIRECTION ( 'NONE',  ( 0.9999999999927665600, -3.803533858605790600E-006, 0.0000000000000000000 ) ) ;
#6429 = ADVANCED_FACE ( 'NONE', ( #1698, #4129 ), #5378, .T. ) ;
#6430 = CARTESIAN_POINT ( 'NONE',  ( 1729.008514678462200, 2023.388515478045700, -90.78455347054092800 ) ) ;
#6431 = CARTESIAN_POINT ( 'NONE',  ( 1552.032642412747900, 1939.337719566739700, -53.00205347054087900 ) ) ;
#6432 = CARTESIAN_POINT ( 'NONE',  ( 1579.930385319647500, 1884.969742963540300, 111.2089465294590800 ) ) ;
#6433 = CARTESIAN_POINT ( 'NONE',  ( 1701.925201016295400, 1890.985645830662600, 87.14744652945910300 ) ) ;
#6434 = CARTESIAN_POINT ( 'NONE',  ( 1641.627097353383500, 1938.627121215421800, -78.40205347054090600 ) ) ;
#6435 = CARTESIAN_POINT ( 'NONE',  ( 1595.139266416896600, 1974.741753466559400, 120.7339465294591000 ) ) ;
#6436 = CARTESIAN_POINT ( 'NONE',  ( 1767.629999349615000, 2035.391471800921600, 46.23426267317837100 ) ) ;
#6437 = CARTESIAN_POINT ( 'NONE',  ( 1767.629999349615200, 1959.765823577702300, -79.19539476185647700 ) ) ;
#6438 = CARTESIAN_POINT ( 'NONE',  ( 1538.884962683230900, 1994.928373383351800, -78.40205347054087800 ) ) ;
#6439 = LINE ( 'NONE', #5754, #1830 ) ;
#6440 = CARTESIAN_POINT ( 'NONE',  ( 1724.495546149087200, 1880.181548777960600, 62.05606056790397700 ) ) ;
#6441 = VECTOR ( 'NONE', #6202, 1000.000000000000000 ) ;
#6442 = EDGE_CURVE ( 'NONE', #5407, #753, #2594, .T. ) ;
#6443 = DIRECTION ( 'NONE',  ( -1.000000000000000000, 0.0000000000000000000, 2.365236358150881500E-016 ) ) ;
#6444 = CARTESIAN_POINT ( 'NONE',  ( 1724.753618447495900, 1880.116906668757800, -61.66728291010961300 ) ) ;
#6445 = ORIENTED_EDGE ( 'NONE', *, *, #656, .F. ) ;
#6446 = ORIENTED_EDGE ( 'NONE', *, *, #1855, .T. ) ;
#6447 = EDGE_CURVE ( 'NONE', #3518, #2149, #1120, .T. ) ;
#6448 = CARTESIAN_POINT ( 'NONE',  ( 1589.138134602784200, 1965.037765975911000, 111.2089465294590800 ) ) ;
#6449 = EDGE_CURVE ( 'NONE', #4521, #3913, #3837, .T. ) ;
#6450 = CARTESIAN_POINT ( 'NONE',  ( 1661.663028052254700, 2011.109527643477600, 120.7339465294591000 ) ) ;
#6451 = CARTESIAN_POINT ( 'NONE',  ( 1523.293874986678900, 1918.470616030513400, 120.7339465294591000 ) ) ;
#6452 = ORIENTED_EDGE ( 'NONE', *, *, #4916, .F. ) ;
#6453 = CARTESIAN_POINT ( 'NONE',  ( 1528.602546842063200, 1952.685283126655100, -78.40205347054090600 ) ) ;
#6454 = VECTOR ( 'NONE', #961, 1000.000000000000000 ) ;
#6455 = CARTESIAN_POINT ( 'NONE',  ( 1806.999999349615100, 1969.999832439667200, 0.0000000000000000000 ) ) ;
#6456 = CARTESIAN_POINT ( 'NONE',  ( 1547.914154154410200, 1995.458286686537600, 28.72244652945909800 ) ) ;
#6457 = DIRECTION ( 'NONE',  ( -0.8314696123373918100, -0.5555702329674505600, 0.0000000000000000000 ) ) ;
#6458 = ORIENTED_EDGE ( 'NONE', *, *, #5600, .T. ) ;
#6459 = VERTEX_POINT ( 'NONE', #1779 ) ;
#6460 = CARTESIAN_POINT ( 'NONE',  ( 1553.899999384806100, 1969.999832439667000, 28.72244652945911300 ) ) ;
#6461 = B_SPLINE_CURVE_WITH_KNOTS ( 'NONE', 3,
 ( #1257, #570, #6590, #5902, #5225, #4534, #3937, #3251, #2566, #1876 ),
 .UNSPECIFIED., .F., .F.,
 ( 4, 2, 2, 2, 4 ),
 ( 0.0000000000000000000, 0.2500000000000000000, 0.5000000000000000000, 0.7500000000000000000, 1.000000000000000000 ),
 .UNSPECIFIED. ) ;
#6462 = CARTESIAN_POINT ( 'NONE',  ( 1580.554267603632100, 1891.324160405223200, 120.7339465294590900 ) ) ;
#6463 = CARTESIAN_POINT ( 'NONE',  ( 1767.629999349614500, 1915.475073033539700, 58.68858127304805100 ) ) ;
#6464 = CARTESIAN_POINT ( 'NONE',  ( 1720.264613344747700, 1883.855591635584700, 66.82244652945910000 ) ) ;
#6465 = CARTESIAN_POINT ( 'NONE',  ( 1541.199999384805800, 1969.999832439667400, 28.72244652945910600 ) ) ;
#6466 = VERTEX_POINT ( 'NONE', #1097 ) ;
#6467 = CARTESIAN_POINT ( 'NONE',  ( 1633.568881668640600, 1899.377410629308300, 111.2089465294590800 ) ) ;
#6468 = EDGE_CURVE ( 'NONE', #5977, #6302, #1623, .T. ) ;
#6469 = CARTESIAN_POINT ( 'NONE',  ( 1722.001379402814300, 2058.213885292362200, 64.32128259301360600 ) ) ;
#6470 = ORIENTED_EDGE ( 'NONE', *, *, #2339, .T. ) ;
#6471 = CARTESIAN_POINT ( 'NONE',  ( 1545.655656507826100, 2033.506779476000700, 120.7339465294591300 ) ) ;
#6472 = CARTESIAN_POINT ( 'NONE',  ( 1569.724294954788500, 2015.181109328556900, -53.00205347054087900 ) ) ;
#6473 = CARTESIAN_POINT ( 'NONE',  ( 1615.908588947012700, 1916.408026997388600, -78.40205347054087800 ) ) ;
#6474 = ADVANCED_FACE ( 'NONE', ( #4297 ), #5505, .F. ) ;
#6475 = CARTESIAN_POINT ( 'NONE',  ( 1716.303863164536800, 2052.507585684316400, 71.51093063850436200 ) ) ;
#6476 = CARTESIAN_POINT ( 'NONE',  ( 1796.839999349615500, 2045.913920661875600, 25.92469914920613800 ) ) ;
#6477 = CARTESIAN_POINT ( 'NONE',  ( 1767.629999349615400, 2049.999807374487800, 3.480381365541909600 ) ) ;
#6478 = CARTESIAN_POINT ( 'NONE',  ( 1767.629999349615000, 1923.836753699459200, -65.19560726285449400 ) ) ;
#6479 = CARTESIAN_POINT ( 'NONE',  ( 1561.220477290761200, 2019.952443202348600, -78.40205347054089200 ) ) ;
#6480 = CARTESIAN_POINT ( 'NONE',  ( 1667.755108105753600, 1955.595170011954900, 111.2089465294591300 ) ) ;
#6481 = CARTESIAN_POINT ( 'NONE',  ( 1528.498092953347600, 1986.773301395739500, -114.5970534705409100 ) ) ;
#6482 = LINE ( 'NONE', #5794, #5461 ) ;
#6483 = LINE ( 'NONE', #3731, #5804 ) ;
#6484 = EDGE_LOOP ( 'NONE', ( #605, #5950, #917, #234 ) ) ;
#6485 = VERTEX_POINT ( 'NONE', #3677 ) ;
#6486 = CARTESIAN_POINT ( 'NONE',  ( 1655.428889488571500, 2014.726349089681200, 120.7339465294590900 ) ) ;
#6487 = AXIS2_PLACEMENT_3D ( 'NONE', #4280, #3595, #2902 ) ;
#6488 = LINE ( 'NONE', #5801, #2527 ) ;
#6489 = ORIENTED_EDGE ( 'NONE', *, *, #2476, .F. ) ;
#6490 = EDGE_CURVE ( 'NONE', #6459, #3517, #1063, .T. ) ;
#6491 = CARTESIAN_POINT ( 'NONE',  ( 1557.378117171475200, 1911.164192542967600, -78.40205347054089200 ) ) ;
#6492 = DIRECTION ( 'NONE',  ( 0.0000000000000000000, 0.0000000000000000000, 1.000000000000000000 ) ) ;
#6493 = CARTESIAN_POINT ( 'NONE',  ( 1515.619500493312900, 1983.374690393907700, 120.7339465294590900 ) ) ;
#6494 = DIRECTION ( 'NONE',  ( 0.0000000000000000000, 0.0000000000000000000, 1.000000000000000000 ) ) ;
#6495 = VERTEX_POINT ( 'NONE', #5777 ) ;
#6496 = EDGE_CURVE ( 'NONE', #1404, #3696, #5105, .T. ) ;
#6497 = VERTEX_POINT ( 'NONE', #3036 ) ;
#6498 = CARTESIAN_POINT ( 'NONE',  ( 1633.378096635812000, 1904.363346134906600, 120.7339465294590900 ) ) ;
#6499 = VECTOR ( 'NONE', #4958, 1000.000000000000000 ) ;
#6500 = CARTESIAN_POINT ( 'NONE',  ( 1614.275703814823800, 1924.818555550777100, -53.00205347054087900 ) ) ;
#6501 = CARTESIAN_POINT ( 'NONE',  ( 1767.629999349615000, 1947.480700563737200, 76.91261297299894300 ) ) ;
#6502 = EDGE_LOOP ( 'NONE', ( #3389, #3750, #3043, #2810, #969 ) ) ;
#6503 = CARTESIAN_POINT ( 'NONE',  ( 1709.209148379516400, 2038.585538644671900, -78.71955347054093000 ) ) ;
#6504 = B_SPLINE_CURVE_WITH_KNOTS ( 'NONE', 3,
 ( #6347, #4291, #3603, #2912, #2229, #1545, #851, #164, #6194, #5500, #4818, #4134, #3439, #2746, #2069, #1376, #690, #8 ),
 .UNSPECIFIED., .F., .F.,
 ( 4, 2, 2, 2, 2, 2, 2, 2, 4 ),
 ( 0.0000000000000000000, 0.06250000000000000000, 0.1250000000000000000, 0.1875000000000000000, 0.2500000000000000000, 0.3125000000000000000, 0.3750000000000000000, 0.4375000000000000000, 0.5000000000000000000 ),
 .UNSPECIFIED. ) ;
#6505 = CARTESIAN_POINT ( 'NONE',  ( 1527.758943507143800, 1921.761080801182700, 120.7339465294590800 ) ) ;
#6506 = EDGE_CURVE ( 'NONE', #6126, #753, #4160, .T. ) ;
#6507 = CARTESIAN_POINT ( 'NONE',  ( 1516.186401930380300, 1987.662776750694100, 120.7339465294590900 ) ) ;
#6508 = CARTESIAN_POINT ( 'NONE',  ( 1596.881172269523900, 1967.086305837489100, 120.7339465294590900 ) ) ;
#6509 = DIRECTION ( 'NONE',  ( 0.0000000000000000000, 0.0000000000000000000, 1.000000000000000000 ) ) ;
#6510 = CARTESIAN_POINT ( 'NONE',  ( 1574.670018190777000, 1913.938859089646000, -78.40205347054087800 ) ) ;
#6511 = DIRECTION ( 'NONE',  ( -1.000000000000000000, -0.0000000000000000000, -0.0000000000000000000 ) ) ;
#6512 = CARTESIAN_POINT ( 'NONE',  ( 1720.429122556817700, 2056.340127829598700, 66.82244652945908600 ) ) ;
#6513 = EDGE_CURVE ( 'NONE', #5010, #6122, #6307, .T. ) ;
#6514 = CARTESIAN_POINT ( 'NONE',  ( 1767.629999349614800, 2035.957007433650500, -45.12580496957432500 ) ) ;
#6515 = CARTESIAN_POINT ( 'NONE',  ( 1601.343431516023400, 2027.942631456626900, -78.40205347054090600 ) ) ;
#6516 = CARTESIAN_POINT ( 'NONE',  ( 1767.629999349615000, 2026.382455441593300, 85.14744614636008200 ) ) ;
#6517 = CARTESIAN_POINT ( 'NONE',  ( 1671.821157135867000, 1958.864918771870200, 120.7339465294590900 ) ) ;
#6518 = CARTESIAN_POINT ( 'NONE',  ( 1589.506360216018900, 2008.099832439667100, -51.92255347054097600 ) ) ;
#6519 = CARTESIAN_POINT ( 'NONE',  ( 1707.939999349615200, 1904.187513357095000, 87.39794052945907800 ) ) ;
#6520 = CARTESIAN_POINT ( 'NONE',  ( 1597.679466271114700, 1970.746049427602900, 111.2089465294590800 ) ) ;
#6521 = DIRECTION ( 'NONE',  ( 8.531980293999116200E-014, -1.000000000000000000, 0.0000000000000000000 ) ) ;
#6522 = ORIENTED_EDGE ( 'NONE', *, *, #933, .T. ) ;
#6523 = B_SPLINE_CURVE_WITH_KNOTS ( 'NONE', 3,
 ( #6675, #5986, #5300, #4618, #3920, #3239, #2552, #1863, #1176, #494, #6505, #5815, #5144, #4450, #3751, #3079, #2383, #1699 ),
 .UNSPECIFIED., .F., .F.,
 ( 4, 1, 1, 2, 2, 2, 1, 1, 2, 2, 4 ),
 ( 0.0000000000000000000, 0.1249999999998968600, 0.1874999999999037400, 0.2187499999998941100, 0.2499999999998844800, 0.4999999999997666300, 0.6249999999997076800, 0.6874999999996265200, 0.7187499999996346300, 0.7499999999996427300, 1.000000000000000000 ),
 .UNSPECIFIED. ) ;
#6524 = DIRECTION ( 'NONE',  ( -0.0000000000000000000, -0.0000000000000000000, -1.000000000000000000 ) ) ;
#6525 = CARTESIAN_POINT ( 'NONE',  ( 1609.220019198292000, 2045.823172493657000, 120.7339465294590900 ) ) ;
#6526 = VERTEX_POINT ( 'NONE', #4242 ) ;
#6527 = FACE_OUTER_BOUND ( 'NONE', #5480, .T. ) ;
#6528 = ADVANCED_FACE ( 'NONE', ( #6205 ), #286, .F. ) ;
#6529 = CARTESIAN_POINT ( 'NONE',  ( 1724.662993229341100, 2059.861600926562900, 61.99292444017876100 ) ) ;
#6530 = AXIS2_PLACEMENT_3D ( 'NONE', #4362, #2820, #2139 ) ;
#6531 = DIRECTION ( 'NONE',  ( -0.0000000000000000000, 0.0000000000000000000, -1.000000000000000000 ) ) ;
#6532 = CARTESIAN_POINT ( 'NONE',  ( 1658.015651876001400, 1982.699832439667500, -4.701074181500993100 ) ) ;
#6533 = ORIENTED_EDGE ( 'NONE', *, *, #6468, .T. ) ;
#6534 = ORIENTED_EDGE ( 'NONE', *, *, #5593, .T. ) ;
#6535 = CARTESIAN_POINT ( 'NONE',  ( 1632.767287368901200, 1901.552956538831900, 111.2089465294591100 ) ) ;
#6536 = LINE ( 'NONE', #5850, #3759 ) ;
#6537 = CARTESIAN_POINT ( 'NONE',  ( 1522.781284767589100, 1929.226950251356800, 120.7339465294590900 ) ) ;
#6538 = DIRECTION ( 'NONE',  ( 0.0000000000000000000, 0.0000000000000000000, 1.000000000000000000 ) ) ;
#6539 = ORIENTED_EDGE ( 'NONE', *, *, #1294, .F. ) ;
#6540 = AXIS2_PLACEMENT_3D ( 'NONE', #4752, #4065, #3371 ) ;
#6541 = AXIS2_PLACEMENT_3D ( 'NONE', #3563, #2868, #2185 ) ;
#6542 = CARTESIAN_POINT ( 'NONE',  ( 1580.279669136625200, 1892.043524945482900, 111.2089465294591100 ) ) ;
#6543 = EDGE_CURVE ( 'NONE', #6497, #5634, #4682, .T. ) ;
#6544 = CARTESIAN_POINT ( 'NONE',  ( 1636.813744342102800, 1906.751714925979700, 111.2089465294591000 ) ) ;
#6545 = CARTESIAN_POINT ( 'NONE',  ( 1767.629999349615000, 1900.056580772978100, -38.68817714358958400 ) ) ;
#6546 = CARTESIAN_POINT ( 'NONE',  ( 1589.428961573798200, 1964.935385804722000, 120.7339465294591000 ) ) ;
#6547 = CARTESIAN_POINT ( 'NONE',  ( 1518.022967605874300, 1926.374261163420200, 111.2089465294591000 ) ) ;
#6548 = B_SPLINE_CURVE_WITH_KNOTS ( 'NONE', 3,
 ( #6221, #3465, #2778, #2099, #1405, #719, #36, #6054, #5368, #4690, #3998, #3306, #2620, #1936, #1244, #559, #6579, #5890 ),
 .UNSPECIFIED., .F., .F.,
 ( 4, 2, 2, 2, 2, 2, 2, 2, 4 ),
 ( 0.0000000000000000000, 0.1145171611071852300, 0.2290343222143704500, 0.3435514833215556600, 0.4580686444287409000, 0.5725858055359260800, 0.6871029666431113200, 0.8016201277502965600, 0.9161372888574818000 ),
 .UNSPECIFIED. ) ;
#6549 = CARTESIAN_POINT ( 'NONE',  ( 1548.322235666626300, 1930.740632940580600, -78.40205347054089200 ) ) ;
#6550 = DIRECTION ( 'NONE',  ( 0.0000000000000000000, 1.000000000000000000, 0.0000000000000000000 ) ) ;
#6551 = CARTESIAN_POINT ( 'NONE',  ( 1767.629999349615400, 2011.575785239276000, -68.20049825410301000 ) ) ;
#6552 = VERTEX_POINT ( 'NONE', #4525 ) ;
#6553 = CARTESIAN_POINT ( 'NONE',  ( 1631.210714464222500, 2013.647966406536400, -78.40205347054089200 ) ) ;
#6554 = CARTESIAN_POINT ( 'NONE',  ( 1704.943730349614300, 2048.999832433316400, 66.82244652945908600 ) ) ;
#6555 = CARTESIAN_POINT ( 'NONE',  ( 1656.518279910302200, 2012.458722172186100, 111.2089465294591000 ) ) ;
#6556 = CARTESIAN_POINT ( 'NONE',  ( 1586.539363784417200, 1971.561738814250900, 120.7339465294590800 ) ) ;
#6557 = ORIENTED_EDGE ( 'NONE', *, *, #1396, .T. ) ;
#6558 = CARTESIAN_POINT ( 'NONE',  ( 1767.629999349615200, 2001.455357751270900, 73.71951549224716900 ) ) ;
#6559 = ORIENTED_EDGE ( 'NONE', *, *, #4645, .F. ) ;
#6560 = CARTESIAN_POINT ( 'NONE',  ( 1673.607642652379800, 1958.721326410273800, 111.2089465294590800 ) ) ;
#6561 = DIRECTION ( 'NONE',  ( -1.000000000000000000, 0.0000000000000000000, 0.0000000000000000000 ) ) ;
#6562 = CARTESIAN_POINT ( 'NONE',  ( 1707.939999349615200, 1861.715870392918300, 87.14744652945910300 ) ) ;
#6563 = ORIENTED_EDGE ( 'NONE', *, *, #6222, .T. ) ;
#6564 = EDGE_CURVE ( 'NONE', #2848, #4278, #5218, .T. ) ;
#6565 = EDGE_CURVE ( 'NONE', #1661, #4184, #1771, .T. ) ;
#6566 = CARTESIAN_POINT ( 'NONE',  ( 1655.937483247031400, 2017.897817377515100, 120.7339465294590900 ) ) ;
#6567 = CARTESIAN_POINT ( 'NONE',  ( 1725.831552379516300, 1879.999861042323800, 61.79163120479891100 ) ) ;
#6568 = ORIENTED_EDGE ( 'NONE', *, *, #6625, .F. ) ;
#6569 = AXIS2_PLACEMENT_3D ( 'NONE', #6503, #5814, #5143 ) ;
#6570 = CARTESIAN_POINT ( 'NONE',  ( 1648.938555658759900, 1982.699832439667500, -56.57417731052012000 ) ) ;
#6571 = B_SPLINE_CURVE_WITH_KNOTS ( 'NONE', 3,
 ( #6469, #5780, #5109, #4413 ),
 .UNSPECIFIED., .F., .F.,
 ( 4, 4 ),
 ( 0.0000000000000000000, 1.000000000000000000 ),
 .UNSPECIFIED. ) ;
#6572 = CARTESIAN_POINT ( 'NONE',  ( 1669.300045532318300, 1950.471295739141200, 120.7339465294591000 ) ) ;
#6573 = PERSON_AND_ORGANIZATION ( #3143, #4345 ) ;
#6574 = VECTOR ( 'NONE', #5779, 1000.000000000000000 ) ;
#6575 = CARTESIAN_POINT ( 'NONE',  ( 1578.498092779528200, 2033.500809244671500, -90.78455347054089900 ) ) ;
#6576 = ORIENTED_EDGE ( 'NONE', *, *, #1038, .T. ) ;
#6577 = FACE_OUTER_BOUND ( 'NONE', #5194, .T. ) ;
#6578 = ORIENTED_EDGE ( 'NONE', *, *, #1690, .T. ) ;
#6579 = CARTESIAN_POINT ( 'NONE',  ( 1603.234771530130700, 2049.841774302652500, 111.2089465294591300 ) ) ;
#6580 = CARTESIAN_POINT ( 'NONE',  ( 1633.568881668640600, 1899.377410629308300, 120.7339465294590900 ) ) ;
#6581 = CARTESIAN_POINT ( 'NONE',  ( 1528.691433767347000, 1924.979505669037500, 120.7339465294591300 ) ) ;
#6582 = EDGE_CURVE ( 'NONE', #4285, #5421, #86, .T. ) ;
#6583 = CARTESIAN_POINT ( 'NONE',  ( 1554.145595333012400, 1974.987049117098400, 28.72244652945910900 ) ) ;
#6584 = ORIENTED_EDGE ( 'NONE', *, *, #6607, .T. ) ;
#6585 = CARTESIAN_POINT ( 'NONE',  ( 1538.096374060787000, 2012.987891143047100, -78.40205347054089200 ) ) ;
#6586 = AXIS2_PLACEMENT_3D ( 'NONE', #800, #113, #6137 ) ;
#6587 = CARTESIAN_POINT ( 'NONE',  ( 1573.090808985870800, 1893.514987777898800, 120.7339465294590900 ) ) ;
#6588 = CARTESIAN_POINT ( 'NONE',  ( 1767.629999349615400, 1890.828276696965100, 11.74920969868335500 ) ) ;
#6589 = CARTESIAN_POINT ( 'NONE',  ( 1707.939999349615200, 1969.999832439667200, 0.1474465294591179000 ) ) ;
#6590 = CARTESIAN_POINT ( 'NONE',  ( 1712.356640293818800, 1990.963940701472400, -78.40205347054090600 ) ) ;
#6591 = COORDINATED_UNIVERSAL_TIME_OFFSET ( 1, 0, .AHEAD. ) ;
#6592 = CARTESIAN_POINT ( 'NONE',  ( 1533.842102472054200, 1962.234649609635200, -78.40205347054089200 ) ) ;
#6593 = CARTESIAN_POINT ( 'NONE',  ( 1523.293874858462500, 1918.470615944841700, 114.0664465294591000 ) ) ;
#6594 = CARTESIAN_POINT ( 'NONE',  ( 1591.999999384806200, 1919.733232439667300, -53.00205347054087900 ) ) ;
#6595 = CARTESIAN_POINT ( 'NONE',  ( 1649.283053388586000, 1982.699832439666800, -78.40205347054089200 ) ) ;
#6596 = B_SPLINE_CURVE_WITH_KNOTS ( 'NONE', 3,
 ( #6379, #5694, #5013, #4322, #3632, #2944, #2258, #1572, #884, #194, #6223, #5526, #4848, #4162, #3468, #2780, #2100, #1406 ),
 .UNSPECIFIED., .F., .F.,
 ( 4, 2, 2, 2, 2, 2, 2, 2, 4 ),
 ( 0.0000000000000000000, 0.1249999999999940900, 0.2499999999999881800, 0.3749999999999901200, 0.4999999999999921200, 0.6249999999999941200, 0.7499999999999960000, 0.8749999999999980000, 1.000000000000000000 ),
 .UNSPECIFIED. ) ;
#6597 = PLANE ( 'NONE',  #617 ) ;
#6598 = CARTESIAN_POINT ( 'NONE',  ( 1644.755596900444700, 1944.301601862690400, -78.40205347054089200 ) ) ;
#6599 = ORIENTED_EDGE ( 'NONE', *, *, #5515, .F. ) ;
#6600 = CARTESIAN_POINT ( 'NONE',  ( 1593.283166571738800, 1975.532915451224400, 120.7339465294590600 ) ) ;
#6601 = ADVANCED_FACE ( 'NONE', ( #4819 ), #5057, .F. ) ;
#6602 = CARTESIAN_POINT ( 'NONE',  ( 1767.629999349615400, 2029.443911947667200, 53.68834159555154200 ) ) ;
#6603 = CARTESIAN_POINT ( 'NONE',  ( 1796.839999349615000, 1969.999832439667200, 80.14744637668009400 ) ) ;
#6604 = CARTESIAN_POINT ( 'NONE',  ( 1535.564248651961200, 1986.051137003599300, -78.40205347054089200 ) ) ;
#6605 = CARTESIAN_POINT ( 'NONE',  ( 1656.264282489693000, 1957.299832439667600, -49.34883953907635100 ) ) ;
#6606 = CARTESIAN_POINT ( 'NONE',  ( 1723.376698048911700, 1880.643603099365000, 62.72113821971482400 ) ) ;
#6607 = EDGE_CURVE ( 'NONE', #285, #492, #2299, .T. ) ;
#6608 = ORIENTED_EDGE ( 'NONE', *, *, #780, .T. ) ;
#6609 = LINE ( 'NONE', #5919, #2857 ) ;
#6610 = DIRECTION ( 'NONE',  ( -1.000000000000000000, 0.0000000000000000000, 0.0000000000000000000 ) ) ;
#6611 = ORIENTED_EDGE ( 'NONE', *, *, #5953, .T. ) ;
#6612 = ORIENTED_EDGE ( 'NONE', *, *, #6447, .T. ) ;
#6613 = CARTESIAN_POINT ( 'NONE',  ( 1707.939999349615200, 1969.999832439667200, 0.1474465294591179000 ) ) ;
#6614 = LINE ( 'NONE', #5924, #4205 ) ;
#6615 = CARTESIAN_POINT ( 'NONE',  ( 1578.498092979527900, 1906.498855844674800, -114.5970534705408700 ) ) ;
#6616 = ORIENTED_EDGE ( 'NONE', *, *, #2737, .T. ) ;
#6617 = EDGE_CURVE ( 'NONE', #3555, #1827, #239, .T. ) ;
#6618 = VECTOR ( 'NONE', #3359, 1000.000000000000000 ) ;
#6619 = ORIENTED_EDGE ( 'NONE', *, *, #6643, .T. ) ;
#6620 = CARTESIAN_POINT ( 'NONE',  ( 1632.391466764349200, 1939.012351011746400, 28.72244652945910200 ) ) ;
#6621 = EDGE_CURVE ( 'NONE', #4591, #1881, #5203, .T. ) ;
#6622 = FACE_OUTER_BOUND ( 'NONE', #79, .T. ) ;
#6623 = CARTESIAN_POINT ( 'NONE',  ( 1608.884060347426400, 2004.245368232155900, -51.92255347054097600 ) ) ;
#6624 = CARTESIAN_POINT ( 'NONE',  ( 1588.675147159756800, 2020.799832439667200, 28.72244652945910600 ) ) ;
#6625 = EDGE_CURVE ( 'NONE', #3411, #6459, #967, .T. ) ;
#6626 = PLANE ( 'NONE',  #4691 ) ;
#6627 = VERTEX_POINT ( 'NONE', #5614 ) ;
#6628 = ORIENTED_EDGE ( 'NONE', *, *, #5558, .T. ) ;
#6629 = CARTESIAN_POINT ( 'NONE',  ( 1568.759388313865200, 1939.706231905010100, 28.72244652945911300 ) ) ;
#6630 = VECTOR ( 'NONE', #3259, 1000.000000000000000 ) ;
#6631 = CARTESIAN_POINT ( 'NONE',  ( 1579.581117347096100, 1892.982722610596300, 120.7339465294591000 ) ) ;
#6632 = CARTESIAN_POINT ( 'NONE',  ( 1767.629999349614800, 1909.298443914091900, 52.25697115810291400 ) ) ;
#6633 = CARTESIAN_POINT ( 'NONE',  ( 1796.839999349615000, 1909.728887611379800, 53.01358647495716500 ) ) ;
#6634 = DIRECTION ( 'NONE',  ( -0.9807852803910341900, 0.1950903220774429800, 0.0000000000000000000 ) ) ;
#6635 = FACE_OUTER_BOUND ( 'NONE', #3872, .T. ) ;
#6636 = FACE_BOUND ( 'NONE', #3420, .T. ) ;
#6637 = CARTESIAN_POINT ( 'NONE',  ( 1547.998603385117100, 1916.743474565597600, -114.5970534705408300 ) ) ;
#6638 = CIRCLE ( 'NONE', #658, 109.0871227772101100 ) ;
#6639 = CARTESIAN_POINT ( 'NONE',  ( 1731.541872108562100, 1918.829515255056800, -114.5970534705409600 ) ) ;
#6640 = CARTESIAN_POINT ( 'NONE',  ( 1548.864077028432300, 2034.009445923746600, 120.7339465294591500 ) ) ;
#6641 = CARTESIAN_POINT ( 'NONE',  ( 1542.057422305806100, 1976.579633642758400, -53.00205347054087900 ) ) ;
#6642 = CARTESIAN_POINT ( 'NONE',  ( 1622.193129797046800, 1919.690648524494000, -78.40205347054089200 ) ) ;
#6643 = EDGE_CURVE ( 'NONE', #3591, #1444, #4926, .T. ) ;
#6644 = DIRECTION ( 'NONE',  ( 0.0000000000000000000, -1.000000000000000000, 0.0000000000000000000 ) ) ;
#6645 = CARTESIAN_POINT ( 'NONE',  ( 1796.839999349615000, 1990.742437880784300, 77.58877827643767900 ) ) ;
#6646 = CARTESIAN_POINT ( 'NONE',  ( 1767.629999349615400, 2047.487993653288400, 20.03701851412202100 ) ) ;
#6647 = B_SPLINE_CURVE_WITH_KNOTS ( 'NONE', 3,
 ( #587, #3179, #2491, #1800 ),
 .UNSPECIFIED., .F., .F.,
 ( 4, 4 ),
 ( 0.0000000000000000000, 1.000000000000000000 ),
 .UNSPECIFIED. ) ;
#6648 = EDGE_CURVE ( 'NONE', #2407, #6126, #1581, .T. ) ;
#6649 = CARTESIAN_POINT ( 'NONE',  ( 1767.629999349615200, 1932.193381879965000, -70.37445186988321700 ) ) ;
#6650 = CARTESIAN_POINT ( 'NONE',  ( 1555.894419704292400, 2016.249726929214400, -78.40205347054086400 ) ) ;
#6651 = CARTESIAN_POINT ( 'NONE',  ( 1591.999999384806000, 1969.999832439667200, -66.99431679045453300 ) ) ;
#6652 = CARTESIAN_POINT ( 'NONE',  ( 1553.440559055892200, 2026.892389156369100, -114.5970534705409100 ) ) ;
#6653 = DIRECTION ( 'NONE',  ( -0.0000000000000000000, -0.0000000000000000000, -1.000000000000000000 ) ) ;
#6654 = DIRECTION ( 'NONE',  ( 0.9999889559186728700, 0.004699791557346506700, 0.0000000000000000000 ) ) ;
#6655 = ORIENTED_EDGE ( 'NONE', *, *, #6385, .T. ) ;
#6656 = VERTEX_POINT ( 'NONE', #112 ) ;
#6657 = CIRCLE ( 'NONE', #957, 109.0871227772101100 ) ;
#6658 = EDGE_CURVE ( 'NONE', #2407, #2664, #799, .T. ) ;
#6659 = CARTESIAN_POINT ( 'NONE',  ( 1656.224144058227000, 2012.855365302062900, 120.7339465294591000 ) ) ;
#6660 = CARTESIAN_POINT ( 'NONE',  ( 1604.070454038590700, 2055.029802343947700, 120.7339465294591000 ) ) ;
#6661 = ORIENTED_EDGE ( 'NONE', *, *, #3565, .T. ) ;
#6662 = CARTESIAN_POINT ( 'NONE',  ( 1546.277500837992600, 1918.196267394888300, -78.40205347054092000 ) ) ;
#6663 = DIRECTION ( 'NONE',  ( 0.0000000000000000000, 0.0000000000000000000, -1.000000000000000000 ) ) ;
#6664 = CARTESIAN_POINT ( 'NONE',  ( 1516.360471054174000, 1985.113338228970900, 120.7339465294591200 ) ) ;
#6665 = CARTESIAN_POINT ( 'NONE',  ( 1699.523755432931500, 2033.500989414461200, -90.78455347054081400 ) ) ;
#6666 = ORIENTED_EDGE ( 'NONE', *, *, #2963, .T. ) ;
#6667 = ORIENTED_EDGE ( 'NONE', *, *, #1909, .T. ) ;
#6668 = B_SPLINE_CURVE_WITH_KNOTS ( 'NONE', 3,
 ( #1248, #563, #6583, #5895, #5219, #4527, #3831, #3152, #2462, #1772, #1091, #405, #6421, #5735, #5058, #4364, #3668, #2988 ),
 .UNSPECIFIED., .F., .F.,
 ( 4, 2, 2, 2, 2, 2, 2, 2, 4 ),
 ( 0.0000000000000000000, 0.06250000000000000000, 0.1250000000000000000, 0.1875000000000000000, 0.2500000000000000000, 0.3125000000000000000, 0.3750000000000000000, 0.4375000000000000000, 0.5000000000000000000 ),
 .UNSPECIFIED. ) ;
#6669 = CARTESIAN_POINT ( 'NONE',  ( 1632.773083971225300, 1902.292699819500700, 120.7339465294590900 ) ) ;
#6670 = CONICAL_SURFACE ( 'NONE', #3126, 50.26660000000027400, 0.5410520681182373600 ) ;
#6671 = CARTESIAN_POINT ( 'NONE',  ( 1641.942576463805800, 1963.420031236576500, -53.00205347054088600 ) ) ;
#6672 = CARTESIAN_POINT ( 'NONE',  ( 1767.629999349614500, 1934.874379221445700, 72.02374852606327200 ) ) ;
#6673 = EDGE_LOOP ( 'NONE', ( #438, #4245, #6619, #646 ) ) ;
#6674 = CARTESIAN_POINT ( 'NONE',  ( 1767.629999349615000, 1913.617210380635000, -84.85255371288654700 ) ) ;
#6675 = CARTESIAN_POINT ( 'NONE',  ( 1528.691594977655800, 1924.604251920089800, 120.7339465294591000 ) ) ;
#6676 = VECTOR ( 'NONE', #3413, 1000.000000000000000 ) ;
#6677 = CARTESIAN_POINT ( 'NONE',  ( 1514.047334977931500, 1990.214173086969400, 120.7339465294590900 ) ) ;
#6678 = CARTESIAN_POINT ( 'NONE',  ( 1597.568256894314300, 1968.866006558633000, 120.7339465294590900 ) ) ;
#6679 = DIRECTION ( 'NONE',  ( -1.000000000000000000, 0.0000000000000000000, 0.0000000000000000000 ) ) ;
#6680 = EDGE_CURVE ( 'NONE', #4568, #5876, #543, .T. ) ;
#6681 = FACE_OUTER_BOUND ( 'NONE', #1696, .T. ) ;
#6682 = AXIS2_PLACEMENT_3D ( 'NONE', #2204, #1520, #827 ) ;
#6683 = CARTESIAN_POINT ( 'NONE',  ( 1589.976126875460700, 1911.319798328206200, -78.40205347054089200 ) ) ;
#6684 = ORIENTED_EDGE ( 'NONE', *, *, #2705, .T. ) ;
#6685 = DIRECTION ( 'NONE',  ( -0.0000000000000000000, 8.079526793559758100E-017, -1.000000000000000000 ) ) ;
#6686 = DIRECTION ( 'NONE',  ( 0.0000000000000000000, 0.0000000000000000000, 1.000000000000000000 ) ) ;
#6687 = CARTESIAN_POINT ( 'NONE',  ( 1767.629999349615400, 2040.913519236890100, -36.88387599719020200 ) ) ;
#6688 = CARTESIAN_POINT ( 'NONE',  ( 1591.619414984232000, 2028.673238266398600, -78.40205347054090600 ) ) ;
#6689 = CARTESIAN_POINT ( 'NONE',  ( 1617.177498581931800, 1941.295794910378200, -51.92255347054098300 ) ) ;
#6690 = CARTESIAN_POINT ( 'NONE',  ( 1668.841383649454000, 1957.363820720223400, 120.7339465294590900 ) ) ;
#6691 = VERTEX_POINT ( 'NONE', #6011 ) ;
#6692 = B_SPLINE_CURVE_WITH_KNOTS ( 'NONE', 3,
 ( #756, #72, #6088, #5404 ),
 .UNSPECIFIED., .F., .F.,
 ( 4, 4 ),
 ( 0.0000000000000000000, 1.000000000000000000 ),
 .UNSPECIFIED. ) ;
#6693 = LINE ( 'NONE', #6000, #487 ) ;
#6694 = CARTESIAN_POINT ( 'NONE',  ( 1743.499999349615100, 2059.999879739976200, 61.79152038698630600 ) ) ;
#6695 = VERTEX_POINT ( 'NONE', #5325 ) ;
#6696 = EDGE_CURVE ( 'NONE', #2361, #3769, #2104, .T. ) ;
#6697 = ORIENTED_EDGE ( 'NONE', *, *, #4544, .T. ) ;
#6698 = CARTESIAN_POINT ( 'NONE',  ( 1642.601006398993100, 1957.299832439667600, -78.40205347054089200 ) ) ;
#6699 = CARTESIAN_POINT ( 'NONE',  ( 1611.623746998666800, 2047.351318088037900, 120.7339465294590900 ) ) ;
#6700 = ORIENTED_EDGE ( 'NONE', *, *, #6364, .T. ) ;
#6701 = CARTESIAN_POINT ( 'NONE',  ( 1714.097565307838700, 1974.244642838066700, 51.74500456597970600 ) ) ;
#6702 = CARTESIAN_POINT ( 'NONE',  ( 1642.988576422332000, 1902.379389410857100, 111.2089465294590800 ) ) ;
#6703 = CARTESIAN_POINT ( 'NONE',  ( 1649.283053388586000, 1982.699832439667000, -66.99431679045450500 ) ) ;
#6704 = CARTESIAN_POINT ( 'NONE',  ( 1656.523615595693600, 1982.699832439667000, -9.184180604766076800 ) ) ;
#6705 = VERTEX_POINT ( 'NONE', #1888 ) ;
#6706 = ORIENTED_EDGE ( 'NONE', *, *, #2005, .T. ) ;
#6707 = CARTESIAN_POINT ( 'NONE',  ( 1635.758051221359900, 1896.101086860812500, 120.7339465294591000 ) ) ;
#6708 = FACE_OUTER_BOUND ( 'NONE', #4963, .T. ) ;
#6709 = DIRECTION ( 'NONE',  ( -0.0000000000000000000, 6.829619984160648200E-017, -1.000000000000000000 ) ) ;
#6710 = CARTESIAN_POINT ( 'NONE',  ( 1535.571619809442600, 2009.382457583395100, -90.78455347054081400 ) ) ;
ENDSEC;
END-ISO-10303-21;
