ISO-10303-21;
HEADER;
FILE_DESCRIPTION (( 'STEP AP203' ),
    '1' );
FILE_NAME ('6-Asix.STEP',
    '2013-07-29T16:57:15',
    ( 'Robert' ),
    ( '' ),
    'SwSTEP 2.0',
    'SolidWorks 2013',
    '' );
FILE_SCHEMA (( 'CONFIG_CONTROL_DESIGN' ));
ENDSEC;

DATA;
#1 = VERTEX_POINT ( 'NONE', #161 ) ;
#2 = CARTESIAN_POINT ( 'NONE',  ( 1796.839999349615000, 1981.013366043243900, 69.14610328437990500 ) ) ;
#3 = CARTESIAN_POINT ( 'NONE',  ( 1798.109999349615200, 2049.484145257518800, -10.32439949239301800 ) ) ;
#4 = CARTESIAN_POINT ( 'NONE',  ( 1796.839999349615000, 1904.766376965857900, 25.11996528491176800 ) ) ;
#5 = CARTESIAN_POINT ( 'NONE',  ( 1794.999999349615100, 2032.499652466310900, -4.702564680530949600 ) ) ;
#6 = AXIS2_PLACEMENT_3D ( 'NONE', #1268, #1083, #885 ) ;
#7 = CC_DESIGN_APPROVAL ( #583, ( #283 ) ) ;
#8 = CARTESIAN_POINT ( 'NONE',  ( 1798.109999349615200, 1969.999832439667400, -69.70255347054089200 ) ) ;
#9 = AXIS2_PLACEMENT_3D ( 'NONE', #519, #315, #128 ) ;
#10 = ORIENTED_EDGE ( 'NONE', *, *, #1797, .T. ) ;
#11 = CARTESIAN_POINT ( 'NONE',  ( 1796.839999349615300, 2017.296494657786300, 51.54831713762656200 ) ) ;
#12 = VERTEX_POINT ( 'NONE', #1878 ) ;
#13 = CARTESIAN_POINT ( 'NONE',  ( 1796.839999349615000, 1921.007565467495600, 49.94171196717119400 ) ) ;
#14 = CARTESIAN_POINT ( 'NONE',  ( 1796.839999349615000, 1950.811096097473000, -67.01531209775672000 ) ) ;
#15 = CARTESIAN_POINT ( 'NONE',  ( 1796.839999349615000, 1910.707496563926000, -36.82062446788119600 ) ) ;
#17 = CARTESIAN_POINT ( 'NONE',  ( 1806.999999349615100, 2024.126420176194600, -26.85255347054127400 ) ) ;
#16 = DATE_AND_TIME ( #104, #378 ) ;
#18 = CARTESIAN_POINT ( 'NONE',  ( 1798.109999349615200, 1929.907778584152500, 69.57397431875551800 ) ) ;
#19 = AXIS2_PLACEMENT_3D ( 'NONE', #1294, #1111, #912 ) ;
#20 = CARTESIAN_POINT ( 'NONE',  ( 1796.839999349615000, 2035.169538055571400, -24.99096511188485100 ) ) ;
#21 = AXIS2_PLACEMENT_3D ( 'NONE', #291, #1421, #1238 ) ;
#22 = ORIENTED_EDGE ( 'NONE', *, *, #1309, .F. ) ;
#23 = CARTESIAN_POINT ( 'NONE',  ( 1796.839999349615500, 1952.128503188136800, 67.69541215366582800 ) ) ;
#24 = EDGE_CURVE ( 'NONE', #1530, #1400, #40, .T. ) ;
#25 = CARTESIAN_POINT ( 'NONE',  ( 1798.109999349615700, 1907.216350153438700, 31.10155829426354800 ) ) ;
#26 = CARTESIAN_POINT ( 'NONE',  ( 1794.999999349615100, 2032.499652466310900, -4.702564680530949600 ) ) ;
#27 = CARTESIAN_POINT ( 'NONE',  ( 1798.109999349615200, 2016.158580967732000, 52.77151533315567600 ) ) ;
#28 = CARTESIAN_POINT ( 'NONE',  ( 1796.839999349614300, 2015.184866956580400, -53.14265980393214100 ) ) ;
#29 = AXIS2_PLACEMENT_3D ( 'NONE', #1292, #507, #303 ) ;
#30 = ORIENTED_EDGE ( 'NONE', *, *, #187, .T. ) ;
#31 = ORIENTED_EDGE ( 'NONE', *, *, #1511, .T. ) ;
#32 = ORIENTED_EDGE ( 'NONE', *, *, #1077, .T. ) ;
#33 = ORIENTED_EDGE ( 'NONE', *, *, #1586, .T. ) ;
#34 = ADVANCED_FACE ( 'NONE', ( #356 ), #1703, .F. ) ;
#35 = LINE ( 'NONE', #1753, #1869 ) ;
#36 = CARTESIAN_POINT ( 'NONE',  ( 1806.999999349615100, 1907.500012413023600, 4.997457739449185300 ) ) ;
#37 = CARTESIAN_POINT ( 'NONE',  ( 1683.702914359767600, 1969.999832439667200, 40.14744652945913100 ) ) ;
#38 = CARTESIAN_POINT ( 'NONE',  ( 1806.999999349615100, 1915.873244703140000, -31.10255347054135900 ) ) ;
#39 = CARTESIAN_POINT ( 'NONE',  ( 1796.839999349614800, 2031.069025566929000, 34.05581509525404700 ) ) ;
#40 = B_SPLINE_CURVE_WITH_KNOTS ( 'NONE', 3,
 ( #1681, #1489, #1296, #1114, #915, #717, #512, #308, #118, #1834, #1635, #1443, #1253, #1065, #868, #663, #465, #261 ),
 .UNSPECIFIED., .F., .F.,
 ( 4, 2, 2, 2, 2, 2, 2, 2, 4 ),
 ( 0.0000000000000000000, 0.06250000000000000000, 0.1250000000000000000, 0.1875000000000000000, 0.2500000000000000000, 0.3125000000000000000, 0.3750000000000000000, 0.4375000000000000000, 0.5000000000000000000 ),
 .UNSPECIFIED. ) ;
#41 = CONICAL_SURFACE ( 'NONE', #462, 79.99999984722097700, 0.7853981633975591900 ) ;
#42 = CARTESIAN_POINT ( 'NONE',  ( 1796.839999349615000, 1979.326388197631600, -69.07710087857604700 ) ) ;
#43 = ORIENTED_EDGE ( 'NONE', *, *, #882, .T. ) ;
#44 = ADVANCED_FACE ( 'NONE', ( #1897 ), #142, .T. ) ;
#45 = ORIENTED_EDGE ( 'NONE', *, *, #415, .T. ) ;
#46 = CARTESIAN_POINT ( 'NONE',  ( 1796.839999349615300, 1973.875575587626400, 69.92009811628941000 ) ) ;
#47 = CONICAL_SURFACE ( 'NONE', #730, 4.249999999999865000, 1.029744258676641900 ) ;
#48 = DIRECTION ( 'NONE',  ( 0.0000000000000000000, 0.0000000000000000000, -1.000000000000000000 ) ) ;
#49 = CARTESIAN_POINT ( 'NONE',  ( 1798.109999349615700, 2005.451928881402900, -71.75919016783983300 ) ) ;
#50 = CARTESIAN_POINT ( 'NONE',  ( 1796.839999349615300, 1901.997639614541400, 16.11475996820696800 ) ) ;
#51 = PLANE ( 'NONE',  #1364 ) ;
#52 = AXIS2_PLACEMENT_3D ( 'NONE', #135, #1848, #1649 ) ;
#53 = COORDINATED_UNIVERSAL_TIME_OFFSET ( 1, 0, .AHEAD. ) ;
#54 = CYLINDRICAL_SURFACE ( 'NONE', #19, 4.250000000000094100 ) ;
#55 = VECTOR ( 'NONE', #814, 1000.000000000000000 ) ;
#56 = ORIENTED_EDGE ( 'NONE', *, *, #101, .F. ) ;
#57 = CARTESIAN_POINT ( 'NONE',  ( 1796.839999349614800, 2011.812761182452500, 56.10013677483863900 ) ) ;
#58 = ORIENTED_EDGE ( 'NONE', *, *, #788, .T. ) ;
#59 = CARTESIAN_POINT ( 'NONE',  ( 1796.839999349614800, 1914.475664612085700, 42.56284288978953600 ) ) ;
#60 = CARTESIAN_POINT ( 'NONE',  ( 1796.839999349615300, 1960.895971319297600, -69.10676725833566500 ) ) ;
#61 = CARTESIAN_POINT ( 'NONE',  ( 1796.839999349615700, 1916.516771876663800, -44.80010613121049800 ) ) ;
#63 = DIRECTION ( 'NONE',  ( 1.000000000000000000, -0.0000000000000000000, -0.0000000000000000000 ) ) ;
#62 = PERSON_AND_ORGANIZATION ( #1574, #1721 ) ;
#64 = DIRECTION ( 'NONE',  ( 1.000000000000000000, -0.0000000000000000000, -0.0000000000000000000 ) ) ;
#65 = CARTESIAN_POINT ( 'NONE',  ( 1796.839999349615300, 2037.853715829919600, -16.43358149432591700 ) ) ;
#66 = VERTEX_POINT ( 'NONE', #818 ) ;
#67 = CARTESIAN_POINT ( 'NONE',  ( 1786.499999349615100, 1969.999832439667400, 62.64744652945911000 ) ) ;
#68 = AXIS2_PLACEMENT_3D ( 'NONE', #1049, #848, #644 ) ;
#69 = CARTESIAN_POINT ( 'NONE',  ( 1796.839999349615500, 1943.889365355427800, 64.98705860383236700 ) ) ;
#70 = CARTESIAN_POINT ( 'NONE',  ( 1796.839999349615000, 1900.739055077435500, -8.907923540350672900 ) ) ;
#71 = CARTESIAN_POINT ( 'NONE',  ( 1796.839999349615000, 1969.999832439667200, 0.1474465294591179000 ) ) ;
#72 = DIRECTION ( 'NONE',  ( 1.000000000000000000, 0.0000000000000000000, 0.0000000000000000000 ) ) ;
#73 = DIRECTION ( 'NONE',  ( 1.000000000000000000, -0.0000000000000000000, -0.0000000000000000000 ) ) ;
#74 = CARTESIAN_POINT ( 'NONE',  ( 1796.839999349615000, 2021.804705328996100, -46.72302936858488200 ) ) ;
#75 = ORIENTED_EDGE ( 'NONE', *, *, #288, .T. ) ;
#76 = VERTEX_POINT ( 'NONE', #615 ) ;
#77 = EDGE_LOOP ( 'NONE', ( #891, #1089, #1465 ) ) ;
#78 = CARTESIAN_POINT ( 'NONE',  ( 1806.999999349615100, 1907.500012413023600, 4.997457739449185300 ) ) ;
#79 = ADVANCED_FACE ( 'NONE', ( #1655 ), #1784, .F. ) ;
#80 = CC_DESIGN_PERSON_AND_ORGANIZATION_ASSIGNMENT ( #165, #1884, ( #155 ) ) ;
#81 = B_SPLINE_CURVE_WITH_KNOTS ( 'NONE', 3,
 ( #292, #97, #1820, #1618, #1422, #1239, #1052, #850, #646, #449, #240, #50, #1766, #1570, #1376, #1197, #1000, #803, #598, #396, #195, #4, #1723, #1527, #1871, #1675, #1482, #1289, #1105, #907, #705, #503, #300, #106, #1827, #1624, #1431, #1246, #1056, #858, #654, #456, #249, #59, #1778, #1579, #1382, #1203, #1011, #810, #606, #407, #205, #13, #1732, #1534, #1340, #1161, #962, #765, #561, #358, #162, #1879, #1683, #1490, #1297, #1115, #916, #718, #513, #309, #120, #1835, #1636, #1444, #1255, #1066, #869, #664, #466, #263, #69, #1790, #1591, #1392, #1212, #1023, #819, #616, #419, #213, #23, #1742, #1545, #1349, #1172, #972, #776, #573, #369, #172, #1894, #1693, #1500, #1308 ),
 .UNSPECIFIED., .F., .F.,
 ( 4, 1, 1, 1, 2, 2, 1, 1, 1, 1, 2, 2, 1, 1, 1, 1, 2, 2, 1, 1, 1, 1, 1, 2, 2, 1, 1, 1, 1, 1, 2, 2, 1, 1, 1, 1, 1, 2, 2, 1, 1, 1, 1, 1, 2, 2, 1, 1, 1, 1, 1, 1, 2, 2, 1, 1, 1, 1, 1, 1, 1, 2, 2, 1, 1, 1, 1, 1, 1, 1, 2, 2, 1, 1, 1, 1, 1, 1, 1, 2, 2, 4 ),
 ( 0.5000000000000000000, 0.5156249999998497900, 0.5234374999997747400, 0.5273437499997369900, 0.5292968749997181100, 0.5312499999996991300, 0.5468749999995480300, 0.5546874999994727600, 0.5585937499994353400, 0.5605468749994166900, 0.5615234374994075800, 0.5624999999993984800, 0.5781249999992508200, 0.5859374999991766600, 0.5898437499991395800, 0.5917968749991205900, 0.5927734374991107100, 0.5937499999991008300, 0.6093749999989333000, 0.6171874999988490300, 0.6210937499988075100, 0.6230468749987867500, 0.6240234374987757600, 0.6245117187487703200, 0.6249999999987648800, 0.6406249999985689200, 0.6484374999984708900, 0.6523437499984219300, 0.6542968749983967300, 0.6552734374983840700, 0.6557617187483785200, 0.6562499999983729700, 0.6718749999982245300, 0.6796874999981503700, 0.6835937499981131800, 0.6855468749980946400, 0.6865234374980862000, 0.6870117187480820900, 0.6874999999980778700, 0.7031249999979650700, 0.7109374999979086700, 0.7148437499978804700, 0.7167968749978653700, 0.7177734374978568300, 0.7182617187478525000, 0.7187499999978481700, 0.7343749999977201600, 0.7421874999976562100, 0.7460937499976253400, 0.7480468749976086900, 0.7490234374976015900, 0.7495117187475991400, 0.7497558593725991400, 0.7499999999975990300, 0.7812499999978501600, 0.7968749999979756200, 0.8046874999980384600, 0.8085937499980697700, 0.8105468749980855300, 0.8115234374980933000, 0.8120117187480986300, 0.8122558593731013000, 0.8124999999981039600, 0.8437499999984510200, 0.8593749999986244300, 0.8671874999987094800, 0.8710937499987520000, 0.8730468749987716500, 0.8740234374987814200, 0.8745117187487879700, 0.8747558593737911900, 0.8749999999987945200, 0.9062499999989446200, 0.9218749999990195600, 0.9296874999990552000, 0.9335937499990748500, 0.9355468749990827300, 0.9365234374990887300, 0.9370117187490896200, 0.9372558593740901700, 0.9374999999990907300, 1.000000000000000000 ),
 .UNSPECIFIED. ) ;
#82 = CARTESIAN_POINT ( 'NONE',  ( 1783.946341718748000, 1969.999832439667400, 62.64744652945911000 ) ) ;
#83 = CARTESIAN_POINT ( 'NONE',  ( 1786.499999349615100, 1969.999832439667400, 58.39744652945902500 ) ) ;
#84 = DIRECTION ( 'NONE',  ( 0.0000000000000000000, 0.0000000000000000000, -1.000000000000000000 ) ) ;
#85 = CARTESIAN_POINT ( 'NONE',  ( 1796.839999349615000, 2026.097790540688900, 41.77423757492173500 ) ) ;
#86 = DIRECTION ( 'NONE',  ( 0.0000000000000000000, 0.0000000000000000000, -1.000000000000000000 ) ) ;
#87 = CARTESIAN_POINT ( 'NONE',  ( 1796.839999349615000, 1989.587557601392100, -66.89987795759601900 ) ) ;
#88 = CONICAL_SURFACE ( 'NONE', #21, 4.999999999999893400, 1.029744258676633000 ) ;
#89 = APPROVAL ( #516, 'UNSPECIFIED' ) ;
#90 = ORIENTED_EDGE ( 'NONE', *, *, #489, .T. ) ;
#91 = ORIENTED_EDGE ( 'NONE', *, *, #1754, .F. ) ;
#92 = EDGE_CURVE ( 'NONE', #1667, #1532, #244, .T. ) ;
#93 = DIRECTION ( 'NONE',  ( 1.000000000000000000, -0.0000000000000000000, -0.0000000000000000000 ) ) ;
#94 = CARTESIAN_POINT ( 'NONE',  ( 1806.999999349615100, 1969.999832439667000, -62.35255347054088300 ) ) ;
#95 = CARTESIAN_POINT ( 'NONE',  ( 1806.999999349615100, 2032.499652466310900, -4.702564680530949600 ) ) ;
#96 = CARTESIAN_POINT ( 'NONE',  ( 1798.109999349615200, 1969.999832439667400, -69.70255347054089200 ) ) ;
#97 = CARTESIAN_POINT ( 'NONE',  ( 1796.839999349615000, 1900.149819981417700, 1.602455549519437300 ) ) ;
#98 = EDGE_CURVE ( 'NONE', #12, #1454, #1416, .T. ) ;
#99 = CARTESIAN_POINT ( 'NONE',  ( 1796.839999349615500, 2039.668614260052000, 5.957369163210326100 ) ) ;
#100 = CARTESIAN_POINT ( 'NONE',  ( 1798.109999349615000, 2025.538100086538200, -42.46034043393182600 ) ) ;
#101 = EDGE_CURVE ( 'NONE', #476, #640, #332, .T. ) ;
#102 = ORIENTED_EDGE ( 'NONE', *, *, #1306, .F. ) ;
#103 = CARTESIAN_POINT ( 'NONE',  ( 1796.839999349615900, 2000.552581262197000, 62.96107737062961700 ) ) ;
#104 = CALENDAR_DATE ( 2013, 29, 7 ) ;
#105 = EDGE_LOOP ( 'NONE', ( #131, #1498 ) ) ;
#106 = CARTESIAN_POINT ( 'NONE',  ( 1796.839999349614800, 1909.002551580385900, 34.20882027303387200 ) ) ;
#107 = CIRCLE ( 'NONE', #1329, 4.250000000000094100 ) ;
#108 = CARTESIAN_POINT ( 'NONE',  ( 1796.839999349615300, 1969.999832439667400, -69.70255347054089200 ) ) ;
#109 = CARTESIAN_POINT ( 'NONE',  ( 1796.839999349615000, 1922.622125361330300, -51.17873436432061100 ) ) ;
#111 = CARTESIAN_POINT ( 'NONE',  ( 1786.499999349615100, 1915.873244703140000, -35.35255347054145100 ) ) ;
#110 = APPLICATION_PROTOCOL_DEFINITION ( 'international standard', 'config_control_design', 1994, #434 ) ;
#112 = VECTOR ( 'NONE', #1803, 1000.000000000000000 ) ;
#113 = EDGE_CURVE ( 'NONE', #431, #223, #1533, .T. ) ;
#114 = CONICAL_SURFACE ( 'NONE', #499, 4.249999999999865000, 1.029744258676641900 ) ;
#115 = CARTESIAN_POINT ( 'NONE',  ( 1796.839999349615300, 2039.781906771353500, -3.485978802522660100 ) ) ;
#116 = ORIENTED_EDGE ( 'NONE', *, *, #1177, .T. ) ;
#117 = ORIENTED_EDGE ( 'NONE', *, *, #1013, .T. ) ;
#118 = CARTESIAN_POINT ( 'NONE',  ( 1798.109999349615200, 1923.841083911603400, -52.47662227423747800 ) ) ;
#119 = ADVANCED_FACE ( 'NONE', ( #601 ), #189, .F. ) ;
#120 = CARTESIAN_POINT ( 'NONE',  ( 1796.839999349614800, 1935.950968381244600, 61.15485232494604900 ) ) ;
#121 = CARTESIAN_POINT ( 'NONE',  ( 1796.839999349615000, 1931.242493514139100, -57.98256021407893000 ) ) ;
#122 = VECTOR ( 'NONE', #1278, 1000.000000000000000 ) ;
#123 = CARTESIAN_POINT ( 'NONE',  ( 1796.839999349615300, 1902.614392528740800, -18.24952922070918100 ) ) ;
#125 = LINE ( 'NONE', #1839, #1772 ) ;
#124 = DATE_AND_TIME ( #653, #1704 ) ;
#126 = CARTESIAN_POINT ( 'NONE',  ( 1798.109999349615200, 1917.133692494170000, -60.12349829882827400 ) ) ;
#127 = CIRCLE ( 'NONE', #785, 4.250000000000087000 ) ;
#128 = DIRECTION ( 'NONE',  ( 0.0000000000000000000, 0.0000000000000000000, -1.000000000000000000 ) ) ;
#129 = B_SPLINE_CURVE_WITH_KNOTS ( 'NONE', 3,
 ( #108, #1247, #1057, #859, #655, #457, #252, #60, #1779, #1580, #1383, #1204, #1012, #811, #607, #410, #206, #14, #1733, #1536, #1341, #1162, #963, #767, #563, #359, #163, #1881, #1685, #1491, #1298, #1116, #917, #719, #514, #310, #121, #1836, #1637, #1445, #1256, #1067, #871, #665, #467, #264, #1485, #1291, #1107, #910, #710, #506, #302, #109, #1829, #1626, #1433, #1248, #1058, #861, #657, #458, #254, #61, #1780, #1582, #1385, #1205, #1014, #812, #609, #411, #207, #15, #1734, #1538, #1342, #1164, #965, #768, #564, #360, #164, #1882, #1686, #1492, #1300, #1117, #918, #720, #515, #311, #123, #1837, #1639, #1447, #1257, #1069, #872, #666, #469, #265, #70, #1791, #1593, #1393, #1213 ),
 .UNSPECIFIED., .F., .F.,
 ( 4, 1, 1, 1, 1, 1, 1, 1, 2, 2, 1, 1, 1, 1, 1, 1, 1, 2, 2, 1, 1, 1, 1, 1, 1, 1, 2, 2, 1, 1, 1, 1, 1, 1, 1, 2, 2, 1, 1, 1, 1, 1, 2, 2, 1, 1, 1, 1, 1, 2, 2, 1, 1, 1, 1, 1, 2, 2, 1, 1, 1, 1, 1, 2, 2, 1, 1, 1, 1, 2, 2, 1, 1, 1, 1, 2, 2, 1, 1, 1, 2, 2, 4 ),
 ( 0.0000000000000000000, 0.03124999999988466900, 0.04687499999982701300, 0.05468749999979818900, 0.05859374999978155700, 0.06054687499977547100, 0.06152343749977021200, 0.06201171874976982300, 0.06225585937476964300, 0.06249999999976946200, 0.09374999999973947200, 0.1093749999997244800, 0.1171874999997170000, 0.1210937499997151300, 0.1230468749997141900, 0.1240234374997137300, 0.1245117187497153900, 0.1247558593747161900, 0.1249999999997169800, 0.1562500000000421300, 0.1718750000002046400, 0.1796875000002858500, 0.1835937500003248800, 0.1855468750003428100, 0.1865234375003517700, 0.1870117187503562200, 0.1872558593753568300, 0.1875000000003574100, 0.2187500000003206600, 0.2343750000003023100, 0.2421875000002944000, 0.2460937500002904300, 0.2480468750002884600, 0.2490234375002874600, 0.2495117187502869400, 0.2497558593752866600, 0.2500000000002864400, 0.2656250000003465000, 0.2734375000003765900, 0.2773437500003926900, 0.2792968750004017900, 0.2802734375004052900, 0.2807617187504071200, 0.2812500000004089000, 0.2968750000004701200, 0.3046875000005006600, 0.3085937500005168600, 0.3105468750005240800, 0.3115234375005276300, 0.3120117187505284700, 0.3125000000005293500, 0.3281250000005016500, 0.3359375000004878900, 0.3398437500004802300, 0.3417968750004771700, 0.3427734375004764000, 0.3432617187504760600, 0.3437500000004756800, 0.3593750000004685100, 0.3671875000004649600, 0.3710937500004624600, 0.3730468750004618500, 0.3740234375004609600, 0.3745117187504599700, 0.3750000000004589100, 0.3906250000004051200, 0.3984375000003776400, 0.4023437500003634900, 0.4042968750003568300, 0.4052734375003530500, 0.4062500000003492800, 0.4218750000002977100, 0.4296875000002722800, 0.4335937500002592400, 0.4355468750002524100, 0.4365234375002489700, 0.4375000000002455300, 0.4531250000001863500, 0.4609375000001566000, 0.4648437500001415000, 0.4667968750001337800, 0.4687500000001261200, 0.5000000000000000000 ),
 .UNSPECIFIED. ) ;
#130 = CARTESIAN_POINT ( 'NONE',  ( 1796.839999349615300, 2027.444180010173600, -39.59133852116600800 ) ) ;
#131 = ORIENTED_EDGE ( 'NONE', *, *, #1719, .F. ) ;
#132 = EDGE_LOOP ( 'NONE', ( #1866, #753, #544, #949 ) ) ;
#133 = DIRECTION ( 'NONE',  ( 0.0000000000000000000, 0.0000000000000000000, -1.000000000000000000 ) ) ;
#134 = DIRECTION ( 'NONE',  ( 0.5150380749100650400, 0.0000000000000000000, -0.8571673007021058900 ) ) ;
#135 = CARTESIAN_POINT ( 'NONE',  ( 1786.499999349615100, 1915.873244703140000, -31.10255347054135900 ) ) ;
#136 = CARTESIAN_POINT ( 'NONE',  ( 1806.999999349615100, 1969.999832439667000, -62.35255347054088300 ) ) ;
#137 = DIRECTION ( 'NONE',  ( 0.0000000000000000000, 0.0000000000000000000, -1.000000000000000000 ) ) ;
#138 = CARTESIAN_POINT ( 'NONE',  ( 1796.839999349615000, 2000.622173051054200, -62.63228724490785000 ) ) ;
#139 = VERTEX_POINT ( 'NONE', #851 ) ;
#140 = ADVANCED_FACE ( 'NONE', ( #1133 ), #725, .F. ) ;
#141 = ORIENTED_EDGE ( 'NONE', *, *, #225, .F. ) ;
#142 = CYLINDRICAL_SURFACE ( 'NONE', #784, 69.84999999999996600 ) ;
#143 = DIRECTION ( 'NONE',  ( 0.0000000000000000000, 0.0000000000000000000, -1.000000000000000000 ) ) ;
#144 = CIRCLE ( 'NONE', #68, 41.00000000000014900 ) ;
#145 = CARTESIAN_POINT ( 'NONE',  ( 1786.499999349615100, 2024.126420176194600, -26.85255347054127400 ) ) ;
#146 = DIRECTION ( 'NONE',  ( 1.000000000000000000, -0.0000000000000000000, -0.0000000000000000000 ) ) ;
#147 = DIRECTION ( 'NONE',  ( 1.000000000000000000, -0.0000000000000000000, -0.0000000000000000000 ) ) ;
#148 = CARTESIAN_POINT ( 'NONE',  ( 1796.839999349615500, 2037.612279688142700, 17.68561580033127700 ) ) ;
#149 = CARTESIAN_POINT ( 'NONE',  ( 1806.999999349615100, 2024.126420176194600, 31.39744652945930500 ) ) ;
#150 = EDGE_LOOP ( 'NONE', ( #1634, #1833, #117, #1442 ) ) ;
#151 = AXIS2_PLACEMENT_3D ( 'NONE', #975, #778, #575 ) ;
#152 = ORIENTED_EDGE ( 'NONE', *, *, #1090, .F. ) ;
#153 = CARTESIAN_POINT ( 'NONE',  ( 1796.839999349615300, 1989.531468868061000, 67.21113139927582800 ) ) ;
#154 = ORIENTED_EDGE ( 'NONE', *, *, #829, .T. ) ;
#155 = PRODUCT_DEFINITION_FORMATION_WITH_SPECIFIED_SOURCE ( 'ANY', '', #789, .NOT_KNOWN. ) ;
#156 = CARTESIAN_POINT ( 'NONE',  ( 1798.109999349615000, 2030.270777267954600, 53.01358647495714400 ) ) ;
#157 = CYLINDRICAL_SURFACE ( 'NONE', #948, 4.250000000000087000 ) ;
#158 = DIRECTION ( 'NONE',  ( 0.0000000000000000000, 0.0000000000000000000, -1.000000000000000000 ) ) ;
#159 = CARTESIAN_POINT ( 'NONE',  ( 1806.999999349615100, 1915.873244703140000, -31.10255347054135900 ) ) ;
#160 = ORIENTED_EDGE ( 'NONE', *, *, #1738, .T. ) ;
#161 = CARTESIAN_POINT ( 'NONE',  ( 1786.499999349615100, 1915.873244703140000, -26.85255347054127400 ) ) ;
#162 = CARTESIAN_POINT ( 'NONE',  ( 1796.839999349615000, 1926.435113926941500, 54.75299076073643100 ) ) ;
#163 = CARTESIAN_POINT ( 'NONE',  ( 1796.839999349615000, 1940.956734528195300, -63.38177843595252600 ) ) ;
#164 = CARTESIAN_POINT ( 'NONE',  ( 1796.839999349615300, 1906.788742111678200, -29.63126123637480400 ) ) ;
#166 = CARTESIAN_POINT ( 'NONE',  ( 1806.999999349615100, 1907.500012413023600, -5.002542260550601600 ) ) ;
#165 = PERSON_AND_ORGANIZATION ( #1574, #1721 ) ;
#167 = CARTESIAN_POINT ( 'NONE',  ( 1798.109999349615700, 1890.515519621816800, 10.61929255131128300 ) ) ;
#168 = FACE_OUTER_BOUND ( 'NONE', #1832, .T. ) ;
#169 = DIRECTION ( 'NONE',  ( 0.0000000000000000000, 0.0000000000000000000, -1.000000000000000000 ) ) ;
#170 = CARTESIAN_POINT ( 'NONE',  ( 1796.839999349615500, 2031.673037841815600, -32.64645591900713100 ) ) ;
#171 = EDGE_LOOP ( 'NONE', ( #1219, #1798, #75 ) ) ;
#172 = CARTESIAN_POINT ( 'NONE',  ( 1796.839999349615000, 1960.700491348485200, 69.37565535693555300 ) ) ;
#173 = ADVANCED_FACE ( 'NONE', ( #428, #738 ), #51, .F. ) ;
#174 = CARTESIAN_POINT ( 'NONE',  ( 1798.109999349614800, 1951.888945029305000, 67.76340944016853000 ) ) ;
#175 = AXIS2_PLACEMENT_3D ( 'NONE', #1424, #1240, #1053 ) ;
#176 = CARTESIAN_POINT ( 'NONE',  ( 1796.839999349615000, 1889.039829437146200, 81.10744637484675900 ) ) ;
#177 = CARTESIAN_POINT ( 'NONE',  ( 1798.109999349615200, 2039.849832439667100, 0.1474465294590989200 ) ) ;
#178 = CARTESIAN_POINT ( 'NONE',  ( 1796.839999349615500, 2010.136061674751300, -57.06290794279947000 ) ) ;
#179 = ORIENTED_EDGE ( 'NONE', *, *, #1129, .T. ) ;
#180 = EDGE_LOOP ( 'NONE', ( #1415, #1813, #1612, #91 ) ) ;
#181 = CARTESIAN_POINT ( 'NONE',  ( 1806.999999349615100, 1969.999832439667400, 66.89744652945920200 ) ) ;
#182 = VECTOR ( 'NONE', #1047, 1000.000000000000000 ) ;
#183 = DIRECTION ( 'NONE',  ( 1.000000000000000000, -0.0000000000000000000, -0.0000000000000000000 ) ) ;
#184 = LINE ( 'NONE', #1907, #1232 ) ;
#185 = CARTESIAN_POINT ( 'NONE',  ( 1806.999999349615100, 1969.999832439667200, 0.1474465294591179000 ) ) ;
#186 = CARTESIAN_POINT ( 'NONE',  ( 1796.839999349615000, 2034.656384636942700, 26.58163703715611300 ) ) ;
#187 = EDGE_CURVE ( 'NONE', #1863, #893, #127, .T. ) ;
#188 = DIRECTION ( 'NONE',  ( 0.0000000000000000000, 0.0000000000000000000, -1.000000000000000000 ) ) ;
#189 = CYLINDRICAL_SURFACE ( 'NONE', #175, 4.249999999999865000 ) ;
#190 = ORIENTED_EDGE ( 'NONE', *, *, #486, .F. ) ;
#191 = ADVANCED_FACE ( 'NONE', ( #334 ), #798, .F. ) ;
#192 = ORIENTED_EDGE ( 'NONE', *, *, #740, .T. ) ;
#193 = CARTESIAN_POINT ( 'NONE',  ( 1796.839999349615300, 1979.258351570115300, 69.38112682444627000 ) ) ;
#194 = CARTESIAN_POINT ( 'NONE',  ( 1798.109999349615200, 2047.441164186646100, -20.59515891165786500 ) ) ;
#195 = CARTESIAN_POINT ( 'NONE',  ( 1796.839999349615000, 1904.671236235607700, 24.87097236195395700 ) ) ;
#196 = DIRECTION ( 'NONE',  ( 0.0000000000000000000, 0.0000000000000000000, -1.000000000000000000 ) ) ;
#197 = CARTESIAN_POINT ( 'NONE',  ( 1798.109999349615500, 1974.571504249110800, -69.70255347054089200 ) ) ;
#198 = APPROVAL_PERSON_ORGANIZATION ( #1540, #1409, #1165 ) ;
#199 = AXIS2_PLACEMENT_3D ( 'NONE', #1250, #1060, #862 ) ;
#200 = AXIS2_PLACEMENT_3D ( 'NONE', #159, #1876, #1679 ) ;
#201 = VERTEX_POINT ( 'NONE', #5 ) ;
#202 = CARTESIAN_POINT ( 'NONE',  ( 1796.839999349614800, 2017.214096322659800, 51.62409520398230000 ) ) ;
#203 = ORIENTED_EDGE ( 'NONE', *, *, #1373, .F. ) ;
#204 = CYLINDRICAL_SURFACE ( 'NONE', #214, 4.249999999999865000 ) ;
#205 = CARTESIAN_POINT ( 'NONE',  ( 1796.839999349615000, 1919.463878952007000, 48.39556709560886800 ) ) ;
#206 = CARTESIAN_POINT ( 'NONE',  ( 1796.839999349615000, 1951.180730222497900, -67.12030101812590000 ) ) ;
#207 = CARTESIAN_POINT ( 'NONE',  ( 1796.839999349615000, 1911.810221389286900, -38.51538730579847000 ) ) ;
#209 = CARTESIAN_POINT ( 'NONE',  ( 1806.999999349615100, 2024.126420176194600, -35.35255347054100400 ) ) ;
#208 = PERSON_AND_ORGANIZATION_ROLE ( 'creator' ) ;
#210 = CARTESIAN_POINT ( 'NONE',  ( 1798.109999349615700, 1934.547735997932700, 72.05408322675812400 ) ) ;
#211 = CARTESIAN_POINT ( 'NONE',  ( 1796.839999349614600, 2035.233287915304300, -24.82507222025815700 ) ) ;
#212 = EDGE_LOOP ( 'NONE', ( #1553, #220, #31, #429 ) ) ;
#213 = CARTESIAN_POINT ( 'NONE',  ( 1796.839999349615000, 1950.428655324445100, 67.19960304801998100 ) ) ;
#214 = AXIS2_PLACEMENT_3D ( 'NONE', #1039, #838, #634 ) ;
#215 = CARTESIAN_POINT ( 'NONE',  ( 1798.109999349615200, 1903.717344034070000, 22.65421026605774200 ) ) ;
#216 = LINE ( 'NONE', #26, #1776 ) ;
#217 = CARTESIAN_POINT ( 'NONE',  ( 1798.109999349614800, 2012.607619403058200, 55.68571417633066300 ) ) ;
#218 = CARTESIAN_POINT ( 'NONE',  ( 1796.839999349615500, 2016.529477456357900, -51.96245029805253100 ) ) ;
#219 = ORIENTED_EDGE ( 'NONE', *, *, #1719, .T. ) ;
#220 = ORIENTED_EDGE ( 'NONE', *, *, #1414, .T. ) ;
#221 = EDGE_CURVE ( 'NONE', #809, #1076, #1427, .T. ) ;
#222 = EDGE_LOOP ( 'NONE', ( #1101, #1478, #1285 ) ) ;
#223 = VERTEX_POINT ( 'NONE', #955 ) ;
#224 = DIRECTION ( 'NONE',  ( 0.0000000000000000000, 0.0000000000000000000, -1.000000000000000000 ) ) ;
#225 = EDGE_CURVE ( 'NONE', #1844, #1868, #939, .T. ) ;
#226 = CIRCLE ( 'NONE', #317, 4.250000000000087000 ) ;
#227 = CARTESIAN_POINT ( 'NONE',  ( 1806.999999349615100, 1915.873244703140000, -26.85255347054127400 ) ) ;
#228 = LINE ( 'NONE', #37, #619 ) ;
#229 = CARTESIAN_POINT ( 'NONE',  ( 1783.946341718748000, 1969.999832439667000, -62.35255347054088300 ) ) ;
#230 = CARTESIAN_POINT ( 'NONE',  ( 1796.839999349615700, 2030.491302783491600, 35.08465566646366800 ) ) ;
#231 = CARTESIAN_POINT ( 'NONE',  ( 1796.839999349615000, 1979.367207667033200, -69.07159690958378900 ) ) ;
#232 = ADVANCED_FACE ( 'NONE', ( #1339 ), #41, .T. ) ;
#233 = ORIENTED_EDGE ( 'NONE', *, *, #532, .F. ) ;
#234 = ORIENTED_EDGE ( 'NONE', *, *, #731, .F. ) ;
#235 = CIRCLE ( 'NONE', #1767, 4.249999999999865000 ) ;
#236 = CARTESIAN_POINT ( 'NONE',  ( 1796.839999349615000, 1971.552248246086000, 69.99740040714215200 ) ) ;
#237 = DIRECTION ( 'NONE',  ( 1.000000000000000000, -0.0000000000000000000, -0.0000000000000000000 ) ) ;
#238 = FACE_OUTER_BOUND ( 'NONE', #354, .T. ) ;
#239 = CARTESIAN_POINT ( 'NONE',  ( 1798.109999349614800, 1995.777085059414000, -75.76664169274894800 ) ) ;
#240 = CARTESIAN_POINT ( 'NONE',  ( 1796.839999349615300, 1901.715434922032000, 14.88464142632258100 ) ) ;
#241 = ADVANCED_FACE ( 'NONE', ( #370 ), #478, .F. ) ;
#242 = DIRECTION ( 'NONE',  ( 0.0000000000000000000, 0.0000000000000000000, -1.000000000000000000 ) ) ;
#243 = CC_DESIGN_DATE_AND_TIME_ASSIGNMENT ( #16, #1735, ( #283 ) ) ;
#244 = CIRCLE ( 'NONE', #1671, 4.999999999999893400 ) ;
#245 = COORDINATED_UNIVERSAL_TIME_OFFSET ( 1, 0, .AHEAD. ) ;
#246 = ORIENTED_EDGE ( 'NONE', *, *, #1511, .F. ) ;
#247 = CARTESIAN_POINT ( 'NONE',  ( 1796.839999349615000, 2011.715596415441700, 56.17267363089546700 ) ) ;
#248 = ORIENTED_EDGE ( 'NONE', *, *, #1441, .T. ) ;
#249 = CARTESIAN_POINT ( 'NONE',  ( 1796.839999349615000, 1913.320200230207100, 40.99031065156866300 ) ) ;
#250 = EDGE_CURVE ( 'NONE', #66, #1680, #855, .T. ) ;
#251 = CIRCLE ( 'NONE', #1816, 4.999999999999893400 ) ;
#252 = CARTESIAN_POINT ( 'NONE',  ( 1796.839999349614800, 1961.064258229824400, -69.12877066525412300 ) ) ;
#253 = AXIS2_PLACEMENT_3D ( 'NONE', #1366, #1186, #989 ) ;
#254 = CARTESIAN_POINT ( 'NONE',  ( 1796.839999349615900, 1917.399880993220900, -45.81198354578542400 ) ) ;
#256 = CARTESIAN_POINT ( 'NONE',  ( 1806.999999349615100, 1915.873244703139800, 27.14744652945877600 ) ) ;
#255 = MECHANICAL_CONTEXT ( 'NONE', #434, 'mechanical' ) ;
#257 = CARTESIAN_POINT ( 'NONE',  ( 1796.839999349615000, 1969.999832439667200, -69.85255347054092600 ) ) ;
#258 = EDGE_CURVE ( 'NONE', #1868, #729, #1109, .T. ) ;
#259 = CARTESIAN_POINT ( 'NONE',  ( 1796.839999349614600, 2038.002025263998100, -15.81986690768284400 ) ) ;
#260 = EDGE_LOOP ( 'NONE', ( #571, #22 ) ) ;
#261 = CARTESIAN_POINT ( 'NONE',  ( 1798.109999349614800, 1900.149832439667300, 0.1474465294591256500 ) ) ;
#262 = ADVANCED_FACE ( 'NONE', ( #1799 ), #675, .F. ) ;
#263 = CARTESIAN_POINT ( 'NONE',  ( 1796.839999349615000, 1941.172352051241000, 63.80219757035298000 ) ) ;
#264 = CARTESIAN_POINT ( 'NONE',  ( 1796.839999349615500, 1927.134789800653800, -55.01628563050434900 ) ) ;
#265 = CARTESIAN_POINT ( 'NONE',  ( 1796.839999349615000, 1900.786755295815500, -9.265623468811012800 ) ) ;
#266 = AXIS2_PLACEMENT_3D ( 'NONE', #185, #1908, #1708 ) ;
#267 = CARTESIAN_POINT ( 'NONE',  ( 1805.999999349615300, 1969.999832439667200, -79.85255331776186000 ) ) ;
#268 = CARTESIAN_POINT ( 'NONE',  ( 1767.629999349615000, 1969.999832439667200, 0.1474465294591179000 ) ) ;
#269 = CARTESIAN_POINT ( 'NONE',  ( 1805.999999349615100, 1969.999832439667200, -39.85255347054089700 ) ) ;
#270 = CARTESIAN_POINT ( 'NONE',  ( 1796.839999349615500, 2022.652227250917600, -45.75189219461739800 ) ) ;
#271 = ORIENTED_EDGE ( 'NONE', *, *, #418, .F. ) ;
#272 = VERTEX_POINT ( 'NONE', #111 ) ;
#273 = ADVANCED_FACE ( 'NONE', ( #1156 ), #775, .T. ) ;
#274 = LINE ( 'NONE', #78, #112 ) ;
#275 = CARTESIAN_POINT ( 'NONE',  ( 1796.839999349615000, 1900.149832439667300, 0.1474465294591187100 ) ) ;
#276 = CARTESIAN_POINT ( 'NONE',  ( 1798.109999349614800, 1900.149832439667300, 0.1474465294591256500 ) ) ;
#277 = DIRECTION ( 'NONE',  ( 1.000000000000000000, -0.0000000000000000000, 0.0000000000000000000 ) ) ;
#278 = CARTESIAN_POINT ( 'NONE',  ( 1796.839999349615500, 2024.724461939200200, 43.58952270113820000 ) ) ;
#279 = DIRECTION ( 'NONE',  ( 1.000000000000000000, -0.0000000000000000000, -0.0000000000000000000 ) ) ;
#280 = UNCERTAINTY_MEASURE_WITH_UNIT (LENGTH_MEASURE( 1.000000000000000100E-005 ), #350, 'distance_accuracy_value', 'NONE');
#281 = CARTESIAN_POINT ( 'NONE',  ( 1796.839999349615000, 1989.617277197510900, -66.89118810258021600 ) ) ;
#282 = ORIENTED_EDGE ( 'NONE', *, *, #377, .F. ) ;
#283 = PRODUCT_DEFINITION ( 'UNKNOWN', '', #155, #1717 ) ;
#284 =( GEOMETRIC_REPRESENTATION_CONTEXT ( 3 ) GLOBAL_UNCERTAINTY_ASSIGNED_CONTEXT ( ( #280 ) ) GLOBAL_UNIT_ASSIGNED_CONTEXT ( ( #350, #1677, #1108 ) ) REPRESENTATION_CONTEXT ( 'NONE', 'WORKASPACE' ) );
#285 = ORIENTED_EDGE ( 'NONE', *, *, #1592, .F. ) ;
#286 = CARTESIAN_POINT ( 'NONE',  ( 1794.999999349615100, 1907.500012413023600, -0.002542260550707735700 ) ) ;
#287 = DIRECTION ( 'NONE',  ( 0.0000000000000000000, 0.0000000000000000000, -1.000000000000000000 ) ) ;
#288 = EDGE_CURVE ( 'NONE', #272, #1, #1521, .T. ) ;
#289 = B_SPLINE_CURVE_WITH_KNOTS ( 'NONE', 3,
 ( #1475, #1282, #1098, #901, #697, #498, #294, #100, #1822, #1620, #1425, #1199, #1003, #805, #600, #399, #197, #8 ),
 .UNSPECIFIED., .F., .F.,
 ( 4, 2, 2, 2, 2, 2, 2, 2, 4 ),
 ( 0.5000000000000000000, 0.5625000000000000000, 0.6250000000000000000, 0.6874999999999998900, 0.7499999999999998900, 0.8124999999999998900, 0.8749999999999997800, 0.9374999999999998900, 1.000000000000000000 ),
 .UNSPECIFIED. ) ;
#290 = CARTESIAN_POINT ( 'NONE',  ( 1806.999999349615100, 1915.873244703139800, 27.14744652945877600 ) ) ;
#291 = CARTESIAN_POINT ( 'NONE',  ( 1794.999999349615100, 2032.499652466310900, 0.2974353194689435800 ) ) ;
#292 = CARTESIAN_POINT ( 'NONE',  ( 1796.839999349615000, 1900.149832439667300, 0.1474465294591187100 ) ) ;
#293 = CARTESIAN_POINT ( 'NONE',  ( 1796.839999349614600, 2039.283605073948400, 9.025182395978072600 ) ) ;
#294 = CARTESIAN_POINT ( 'NONE',  ( 1798.109999349614800, 2030.617869631460500, -34.85792805998834600 ) ) ;
#295 = FACE_OUTER_BOUND ( 'NONE', #1091, .T. ) ;
#296 = EDGE_LOOP ( 'NONE', ( #375, #781, #978, #179 ) ) ;
#297 = CARTESIAN_POINT ( 'NONE',  ( 1796.839999349614800, 2000.510812988175300, 62.98138773372402700 ) ) ;
#298 = VERTEX_POINT ( 'NONE', #460 ) ;
#299 = CALENDAR_DATE ( 2013, 29, 7 ) ;
#300 = CARTESIAN_POINT ( 'NONE',  ( 1796.839999349615300, 1908.347633495931900, 32.98082271761945300 ) ) ;
#301 = CARTESIAN_POINT ( 'NONE',  ( 1798.109999349615200, 1969.999832439667400, 80.14744637668010800 ) ) ;
#302 = CARTESIAN_POINT ( 'NONE',  ( 1796.839999349615500, 1922.648276060597300, -51.20285935107394700 ) ) ;
#303 = DIRECTION ( 'NONE',  ( 0.0000000000000000000, 0.0000000000000000000, -1.000000000000000000 ) ) ;
#304 = FACE_OUTER_BOUND ( 'NONE', #1192, .T. ) ;
#305 = CARTESIAN_POINT ( 'NONE',  ( 1796.839999349614600, 2039.849844898240500, -1.307562498488221300 ) ) ;
#306 = ORIENTED_EDGE ( 'NONE', *, *, #24, .T. ) ;
#307 = EDGE_LOOP ( 'NONE', ( #1210, #1588, #1787, #662 ) ) ;
#308 = CARTESIAN_POINT ( 'NONE',  ( 1798.109999349614800, 1927.392045476276500, -55.39082111741247200 ) ) ;
#309 = CARTESIAN_POINT ( 'NONE',  ( 1796.839999349615000, 1932.606627927314100, 59.21888147275509300 ) ) ;
#310 = CARTESIAN_POINT ( 'NONE',  ( 1796.839999349615000, 1934.490908628851000, -60.07549629463410700 ) ) ;
#311 = CARTESIAN_POINT ( 'NONE',  ( 1796.839999349615500, 1902.947765154394600, -19.44683687002766000 ) ) ;
#313 = CARTESIAN_POINT ( 'NONE',  ( 1806.999999349615100, 1915.873244703139800, 31.39744652945886100 ) ) ;
#312 = APPROVAL_ROLE ( '' ) ;
#314 = CARTESIAN_POINT ( 'NONE',  ( 1798.109999349615200, 1909.728887611379800, -52.71869341603890300 ) ) ;
#315 = DIRECTION ( 'NONE',  ( 1.000000000000000000, 0.0000000000000000000, 0.0000000000000000000 ) ) ;
#316 = CARTESIAN_POINT ( 'NONE',  ( 1796.839999349615300, 2027.469015086361400, -39.55541532339471900 ) ) ;
#317 = AXIS2_PLACEMENT_3D ( 'NONE', #38, #1758, #1560 ) ;
#318 = EDGE_LOOP ( 'NONE', ( #1191, #1369, #1564 ) ) ;
#319 = EDGE_CURVE ( 'NONE', #1863, #1762, #658, .T. ) ;
#320 = EDGE_LOOP ( 'NONE', ( #1252, #1631, #464, #116, #510, #306 ) ) ;
#321 = DIRECTION ( 'NONE',  ( 1.000000000000000000, 0.0000000000000000000, 0.0000000000000000000 ) ) ;
#322 = ADVANCED_FACE ( 'NONE', ( #1910 ), #1147, .F. ) ;
#323 = CARTESIAN_POINT ( 'NONE',  ( 1786.499999349615100, 2024.126420176194600, -35.35255347054100400 ) ) ;
#324 = CLOSED_SHELL ( 'NONE', ( #382, #562, #1040, #1265, #1812, #1709, #1846, #1293, #433, #1362, #241, #34, #1895, #1029, #119, #713, #1854, #191, #985, #44, #1283, #541, #1875, #173, #1099, #876, #617, #866, #140, #1892, #1170, #946, #852, #1463, #1407, #1163, #1817, #262, #1370, #1270, #743, #79, #1551, #322, #1157, #232, #273, #1045, #1657 ) ) ;
#325 = DIRECTION ( 'NONE',  ( 0.0000000000000000000, 0.0000000000000000000, -1.000000000000000000 ) ) ;
#326 = DIRECTION ( 'NONE',  ( 0.0000000000000000000, 0.0000000000000000000, -1.000000000000000000 ) ) ;
#327 = DIRECTION ( 'NONE',  ( 1.000000000000000000, -0.0000000000000000000, -0.0000000000000000000 ) ) ;
#328 = CARTESIAN_POINT ( 'NONE',  ( 1796.839999349615300, 2000.639403245722600, -62.62388020031965400 ) ) ;
#329 = EDGE_CURVE ( 'NONE', #755, #741, #1207, .T. ) ;
#330 = VERTEX_POINT ( 'NONE', #413 ) ;
#331 = EDGE_LOOP ( 'NONE', ( #1113, #652, #589, #1160 ) ) ;
#332 = CIRCLE ( 'NONE', #1716, 79.99999984722097700 ) ;
#333 = DIRECTION ( 'NONE',  ( 1.000000000000000000, -0.0000000000000000000, -0.0000000000000000000 ) ) ;
#334 = FACE_OUTER_BOUND ( 'NONE', #1670, .T. ) ;
#335 = LINE ( 'NONE', #145, #1331 ) ;
#336 = CARTESIAN_POINT ( 'NONE',  ( 1806.999999349615100, 2024.126420176194600, 31.39744652945930500 ) ) ;
#337 = CARTESIAN_POINT ( 'NONE',  ( 1806.999999349615100, 2032.499652466310900, 0.2974353194689435800 ) ) ;
#338 = CARTESIAN_POINT ( 'NONE',  ( 1796.839999349615000, 2037.545192421518100, 17.94358523410347300 ) ) ;
#339 = CIRCLE ( 'NONE', #935, 40.00000000000001400 ) ;
#340 = AXIS2_PLACEMENT_3D ( 'NONE', #446, #237, #48 ) ;
#341 = DIRECTION ( 'NONE',  ( 0.0000000000000000000, 0.0000000000000000000, -1.000000000000000000 ) ) ;
#342 = ORIENTED_EDGE ( 'NONE', *, *, #1081, .T. ) ;
#343 = CYLINDRICAL_SURFACE ( 'NONE', #253, 40.00000000000001400 ) ;
#344 = CIRCLE ( 'NONE', #902, 41.00000000000014900 ) ;
#345 = EDGE_LOOP ( 'NONE', ( #1379, #1773, #1200, #246 ) ) ;
#346 = CARTESIAN_POINT ( 'NONE',  ( 1796.839999349615900, 1989.505102815647700, 67.21880441837700500 ) ) ;
#347 = ORIENTED_EDGE ( 'NONE', *, *, #329, .F. ) ;
#348 = CARTESIAN_POINT ( 'NONE',  ( 1798.109999349615200, 2033.608442364715500, 48.94662978732168300 ) ) ;
#349 = CC_DESIGN_APPROVAL ( #1409, ( #155 ) ) ;
#351 = DIRECTION ( 'NONE',  ( 1.000000000000000000, -0.0000000000000000000, -0.0000000000000000000 ) ) ;
#350 =( LENGTH_UNIT ( ) NAMED_UNIT ( * ) SI_UNIT ( .MILLI., .METRE. ) );
#352 = CARTESIAN_POINT ( 'NONE',  ( 1786.499999349615100, 1969.999832439667000, -58.10255347054079800 ) ) ;
#353 = AXIS2_PLACEMENT_3D ( 'NONE', #268, #72, #1793 ) ;
#354 = EDGE_LOOP ( 'NONE', ( #282, #487, #685, #90 ) ) ;
#355 = CARTESIAN_POINT ( 'NONE',  ( 1796.839999349615000, 2022.446373550254700, 46.28196040382504600 ) ) ;
#356 = FACE_OUTER_BOUND ( 'NONE', #605, .T. ) ;
#357 = VERTEX_POINT ( 'NONE', #209 ) ;
#358 = CARTESIAN_POINT ( 'NONE',  ( 1796.839999349615000, 1924.814797919967300, 53.43755286332972100 ) ) ;
#359 = CARTESIAN_POINT ( 'NONE',  ( 1796.839999349615000, 1942.535261167138700, -64.09017936095213500 ) ) ;
#360 = CARTESIAN_POINT ( 'NONE',  ( 1796.839999349615700, 1907.713423760093700, -31.49681267270757700 ) ) ;
#362 = LINE ( 'NONE', #1885, #400 ) ;
#361 = PERSON_AND_ORGANIZATION_ROLE ( 'creator' ) ;
#363 = CARTESIAN_POINT ( 'NONE',  ( 1798.109999349615700, 1892.558500692689200, 20.89005197057613100 ) ) ;
#364 = AXIS2_PLACEMENT_3D ( 'NONE', #535, #333, #143 ) ;
#365 = AXIS2_PLACEMENT_3D ( 'NONE', #748, #540, #341 ) ;
#366 = DIRECTION ( 'NONE',  ( 1.000000000000000000, -0.0000000000000000000, 0.0000000000000000000 ) ) ;
#367 = CARTESIAN_POINT ( 'NONE',  ( 1796.839999349615000, 2031.713779890016000, -32.56971978725890400 ) ) ;
#368 = ORIENTED_EDGE ( 'NONE', *, *, #707, .F. ) ;
#369 = CARTESIAN_POINT ( 'NONE',  ( 1796.839999349615500, 1960.673276681802900, 69.37199393749872900 ) ) ;
#370 = FACE_OUTER_BOUND ( 'NONE', #132, .T. ) ;
#371 = CARTESIAN_POINT ( 'NONE',  ( 1798.109999349615000, 1947.493068703068700, 66.42993493505672100 ) ) ;
#372 = PLANE ( 'NONE',  #1418 ) ;
#373 = CARTESIAN_POINT ( 'NONE',  ( 1798.109999349615700, 2039.849832439666700, 4.719118338901747500 ) ) ;
#374 = CARTESIAN_POINT ( 'NONE',  ( 1796.839999349615300, 2011.923690023768400, -55.72216007622634500 ) ) ;
#375 = ORIENTED_EDGE ( 'NONE', *, *, #1216, .F. ) ;
#376 = ORIENTED_EDGE ( 'NONE', *, *, #626, .T. ) ;
#377 = EDGE_CURVE ( 'NONE', #842, #1750, #611, .T. ) ;
#378 = LOCAL_TIME ( 18, 57, 15.00000000000000000, #53 ) ;
#379 = ORIENTED_EDGE ( 'NONE', *, *, #1802, .T. ) ;
#380 = LINE ( 'NONE', #181, #708 ) ;
#381 = AXIS2_PLACEMENT_3D ( 'NONE', #1604, #1405, #1225 ) ;
#382 = ADVANCED_FACE ( 'NONE', ( #888 ), #751, .T. ) ;
#383 = LOCAL_TIME ( 18, 57, 15.00000000000000000, #245 ) ;
#384 = CARTESIAN_POINT ( 'NONE',  ( 1806.999999349615100, 1915.873244703139800, 31.39744652945886100 ) ) ;
#385 = DIRECTION ( 'NONE',  ( 0.7071067811864617500, 8.659560562355985500E-017, 0.7071067811866333900 ) ) ;
#386 = DIRECTION ( 'NONE',  ( 0.5150380749100451600, 1.049727191138625200E-016, 0.8571673007021177700 ) ) ;
#387 = CARTESIAN_POINT ( 'NONE',  ( 1796.839999349615000, 2034.191014569090600, 27.70407637500936800 ) ) ;
#388 = DIRECTION ( 'NONE',  ( 1.000000000000000000, -0.0000000000000000000, -0.0000000000000000000 ) ) ;
#389 = EDGE_CURVE ( 'NONE', #1076, #809, #1446, .T. ) ;
#390 = ORIENTED_EDGE ( 'NONE', *, *, #638, .F. ) ;
#391 = VERTEX_POINT ( 'NONE', #166 ) ;
#392 = CIRCLE ( 'NONE', #1149, 4.250000000000087000 ) ;
#393 = CARTESIAN_POINT ( 'NONE',  ( 1796.839999349615700, 1979.247920302991100, 69.38252056071749500 ) ) ;
#394 = FACE_OUTER_BOUND ( 'NONE', #1729, .T. ) ;
#395 = CARTESIAN_POINT ( 'NONE',  ( 1798.109999349615200, 2045.913920661875600, -25.62980609028790400 ) ) ;
#396 = CARTESIAN_POINT ( 'NONE',  ( 1796.839999349615000, 1904.452629604442300, 24.28891374705220600 ) ) ;
#397 = CIRCLE ( 'NONE', #699, 4.999999999999893400 ) ;
#398 = DIRECTION ( 'NONE',  ( 1.000000000000000000, -0.0000000000000000000, -0.0000000000000000000 ) ) ;
#399 = CARTESIAN_POINT ( 'NONE',  ( 1798.109999349615200, 1979.143063014958400, -69.25229423216275400 ) ) ;
#400 = VECTOR ( 'NONE', #1688, 1000.000000000000000 ) ;
#401 = VECTOR ( 'NONE', #944, 1000.000000000000200 ) ;
#402 = SECURITY_CLASSIFICATION ( '', '', #1687 ) ;
#403 = CIRCLE ( 'NONE', #1018, 40.00000000000001400 ) ;
#404 = ORIENTED_EDGE ( 'NONE', *, *, #1808, .F. ) ;
#405 = CARTESIAN_POINT ( 'NONE',  ( 1796.839999349615300, 2017.021433873698000, 51.80042752650922500 ) ) ;
#406 = EDGE_LOOP ( 'NONE', ( #1075, #1123 ) ) ;
#407 = CARTESIAN_POINT ( 'NONE',  ( 1796.839999349615500, 1918.194959528236300, 47.01792240524942900 ) ) ;
#408 = FACE_BOUND ( 'NONE', #1714, .T. ) ;
#409 = EDGE_CURVE ( 'NONE', #1702, #1667, #362, .T. ) ;
#410 = CARTESIAN_POINT ( 'NONE',  ( 1796.839999349615000, 1951.921109874206400, -67.32496973832395800 ) ) ;
#411 = CARTESIAN_POINT ( 'NONE',  ( 1796.839999349615000, 1912.602671708479000, -39.65946446834922800 ) ) ;
#413 = CARTESIAN_POINT ( 'NONE',  ( 1796.839999349615000, 1969.999832439667200, -39.85255347054089700 ) ) ;
#412 = PERSON_AND_ORGANIZATION ( #1574, #1721 ) ;
#414 = CARTESIAN_POINT ( 'NONE',  ( 1798.109999349615000, 1944.222579819920600, 76.06153475166722400 ) ) ;
#415 = EDGE_CURVE ( 'NONE', #809, #1356, #1302, .T. ) ;
#416 = CARTESIAN_POINT ( 'NONE',  ( 1796.839999349615000, 2035.328428646849000, -24.57607929324373000 ) ) ;
#417 = ORIENTED_EDGE ( 'NONE', *, *, #783, .T. ) ;
#418 = EDGE_CURVE ( 'NONE', #391, #1692, #1236, .T. ) ;
#419 = CARTESIAN_POINT ( 'NONE',  ( 1796.839999349615000, 1950.412107278032600, 67.19477101655419900 ) ) ;
#420 = AXIS2_PLACEMENT_3D ( 'NONE', #1899, #1697, #1507 ) ;
#421 = CARTESIAN_POINT ( 'NONE',  ( 1798.109999349615000, 1902.383869528957800, 18.25833393982141600 ) ) ;
#422 = CARTESIAN_POINT ( 'NONE',  ( 1786.499999349615100, 2024.126420176194600, 31.39744652945930500 ) ) ;
#423 = EDGE_CURVE ( 'NONE', #330, #593, #125, .T. ) ;
#424 = CARTESIAN_POINT ( 'NONE',  ( 1798.109999349615200, 2005.005207029114900, 60.76548372125306900 ) ) ;
#425 = CARTESIAN_POINT ( 'NONE',  ( 1796.839999349615500, 2017.433624270600100, -51.12690607992703900 ) ) ;
#426 = AXIS2_PLACEMENT_3D ( 'NONE', #894, #690, #490 ) ;
#427 = ORIENTED_EDGE ( 'NONE', *, *, #1352, .F. ) ;
#428 = FACE_BOUND ( 'NONE', #307, .T. ) ;
#429 = ORIENTED_EDGE ( 'NONE', *, *, #1223, .F. ) ;
#430 = ORIENTED_EDGE ( 'NONE', *, *, #926, .F. ) ;
#431 = VERTEX_POINT ( 'NONE', #1448 ) ;
#432 = DIRECTION ( 'NONE',  ( 1.000000000000000000, -0.0000000000000000000, -0.0000000000000000000 ) ) ;
#433 = ADVANCED_FACE ( 'NONE', ( #591 ), #157, .F. ) ;
#434 = APPLICATION_CONTEXT ( 'configuration controlled 3d designs of mechanical parts and assemblies' ) ;
#435 = CARTESIAN_POINT ( 'NONE',  ( 1794.999999349615100, 1907.500012413023600, -5.002542260550601600 ) ) ;
#436 = LINE ( 'NONE', #1322, #953 ) ;
#437 = CARTESIAN_POINT ( 'NONE',  ( 1806.999999349615100, 1969.999832439667000, -58.10255347054079800 ) ) ;
#438 = CARTESIAN_POINT ( 'NONE',  ( 1796.839999349615300, 2029.292168308048800, 37.11551753100931700 ) ) ;
#439 = CARTESIAN_POINT ( 'NONE',  ( 1796.839999349615300, 1979.462435380774400, -69.05867143643314400 ) ) ;
#440 = ORIENTED_EDGE ( 'NONE', *, *, #648, .F. ) ;
#441 = EDGE_CURVE ( 'NONE', #1853, #593, #468, .T. ) ;
#442 = ORIENTED_EDGE ( 'NONE', *, *, #1453, .F. ) ;
#443 = AXIS2_PLACEMENT_3D ( 'NONE', #1095, #694, #494 ) ;
#444 = CARTESIAN_POINT ( 'NONE',  ( 1796.839999349615300, 1969.999832439667400, 69.99744652945911100 ) ) ;
#445 = CARTESIAN_POINT ( 'NONE',  ( 1786.499999349615100, 1915.873244703140000, -35.35255347054145100 ) ) ;
#446 = CARTESIAN_POINT ( 'NONE',  ( 1806.999999349615100, 1907.500012413023600, -0.002542260550707735700 ) ) ;
#447 = CARTESIAN_POINT ( 'NONE',  ( 1798.109999349615500, 1990.742437880784300, -77.29388521751946000 ) ) ;
#448 = VECTOR ( 'NONE', #386, 1000.000000000000200 ) ;
#449 = CARTESIAN_POINT ( 'NONE',  ( 1796.839999349614600, 1901.208682242552200, 12.41364686219549200 ) ) ;
#450 = DIRECTION ( 'NONE',  ( 1.000000000000000000, -0.0000000000000000000, -0.0000000000000000000 ) ) ;
#451 = AXIS2_PLACEMENT_3D ( 'NONE', #1222, #1035, #831 ) ;
#452 = ORIENTED_EDGE ( 'NONE', *, *, #1436, .T. ) ;
#453 = CARTESIAN_POINT ( 'NONE',  ( 1796.839999349615300, 2011.520986352037000, 56.31728717504245900 ) ) ;
#454 = COORDINATED_UNIVERSAL_TIME_OFFSET ( 1, 0, .AHEAD. ) ;
#455 = EDGE_LOOP ( 'NONE', ( #141, #937, #534, #1134 ) ) ;
#456 = CARTESIAN_POINT ( 'NONE',  ( 1796.839999349615300, 1912.555484869700900, 39.88623158080331900 ) ) ;
#457 = CARTESIAN_POINT ( 'NONE',  ( 1796.839999349615300, 1961.400904462153000, -69.17172155770120400 ) ) ;
#458 = CARTESIAN_POINT ( 'NONE',  ( 1796.839999349615000, 1917.424527419591600, -45.84017403694223700 ) ) ;
#459 = AXIS2_PLACEMENT_3D ( 'NONE', #941, #745, #537 ) ;
#460 = CARTESIAN_POINT ( 'NONE',  ( 1806.999999349615100, 1915.873244703139800, 35.64744652945894600 ) ) ;
#461 = CARTESIAN_POINT ( 'NONE',  ( 1794.999999349615100, 1907.500012413023600, -0.002542260550707735700 ) ) ;
#462 = AXIS2_PLACEMENT_3D ( 'NONE', #1154, #957, #758 ) ;
#463 = CARTESIAN_POINT ( 'NONE',  ( 1796.839999349615000, 2038.284229955939500, -14.58974836465146800 ) ) ;
#464 = ORIENTED_EDGE ( 'NONE', *, *, #1864, .F. ) ;
#465 = CARTESIAN_POINT ( 'NONE',  ( 1798.109999349615000, 1900.149832439667500, -4.424225279983521600 ) ) ;
#466 = CARTESIAN_POINT ( 'NONE',  ( 1796.839999349615000, 1939.377491828235200, 62.92718030380606100 ) ) ;
#467 = CARTESIAN_POINT ( 'NONE',  ( 1796.839999349615000, 1928.104754980901600, -55.74374515554148200 ) ) ;
#468 = CIRCLE ( 'NONE', #1088, 40.00000000000001400 ) ;
#469 = CARTESIAN_POINT ( 'NONE',  ( 1796.839999349614800, 1900.860362970536500, -9.801779484743503800 ) ) ;
#470 = DIRECTION ( 'NONE',  ( 0.0000000000000000000, 0.0000000000000000000, -1.000000000000000000 ) ) ;
#471 = CARTESIAN_POINT ( 'NONE',  ( 1798.109999349615200, 1969.999832439667400, -79.85255331776187400 ) ) ;
#472 = VECTOR ( 'NONE', #942, 1000.000000000000000 ) ;
#473 = CARTESIAN_POINT ( 'NONE',  ( 1783.946341718748000, 1915.873244703140000, -31.10255347054135900 ) ) ;
#474 = CARTESIAN_POINT ( 'NONE',  ( 1796.839999349615300, 2022.680054914702900, -45.71995179270157200 ) ) ;
#475 = ORIENTED_EDGE ( 'NONE', *, *, #1004, .T. ) ;
#476 = VERTEX_POINT ( 'NONE', #267 ) ;
#477 = CARTESIAN_POINT ( 'NONE',  ( 1805.999999349615100, 1969.999832439667200, 0.1474465294591179000 ) ) ;
#478 = CYLINDRICAL_SURFACE ( 'NONE', #1451, 4.250000000000087000 ) ;
#479 = PLANE ( 'NONE',  #1611 ) ;
#480 = CARTESIAN_POINT ( 'NONE',  ( 1796.839999349615000, 1969.999832439667200, 40.14744652945913100 ) ) ;
#481 = CARTESIAN_POINT ( 'NONE',  ( 1806.999999349615100, 1969.999832439667400, 66.89744652945920200 ) ) ;
#482 = CARTESIAN_POINT ( 'NONE',  ( 1796.839999349615500, 2023.482893005410500, 45.09499918971368300 ) ) ;
#483 = AXIS2_PLACEMENT_3D ( 'NONE', #477, #1602, #1403 ) ;
#484 = CARTESIAN_POINT ( 'NONE',  ( 1806.999999349615100, 1969.999832439667400, 62.64744652945911000 ) ) ;
#485 = CARTESIAN_POINT ( 'NONE',  ( 1796.839999349615300, 1989.661851026083000, -66.87813897798554300 ) ) ;
#486 = EDGE_CURVE ( 'NONE', #330, #1398, #339, .T. ) ;
#487 = ORIENTED_EDGE ( 'NONE', *, *, #1872, .F. ) ;
#488 = VERTEX_POINT ( 'NONE', #1214 ) ;
#489 = EDGE_CURVE ( 'NONE', #357, #1750, #1072, .T. ) ;
#490 = DIRECTION ( 'NONE',  ( 0.0000000000000000000, 0.0000000000000000000, -1.000000000000000000 ) ) ;
#491 = DIRECTION ( 'NONE',  ( 1.000000000000000000, -0.0000000000000000000, -0.0000000000000000000 ) ) ;
#492 = CYLINDRICAL_SURFACE ( 'NONE', #364, 4.250000000000087000 ) ;
#493 = DIRECTION ( 'NONE',  ( 0.5150380749100650400, 1.049727191138610800E-016, 0.8571673007021058900 ) ) ;
#494 = DIRECTION ( 'NONE',  ( 0.0000000000000000000, 0.0000000000000000000, -1.000000000000000000 ) ) ;
#495 = DIRECTION ( 'NONE',  ( 0.0000000000000000000, 0.0000000000000000000, -1.000000000000000000 ) ) ;
#496 = CARTESIAN_POINT ( 'NONE',  ( 1796.839999349615000, 2039.260609801259300, 9.202816601487477000 ) ) ;
#497 = CIRCLE ( 'NONE', #1484, 40.00000000000001400 ) ;
#498 = CARTESIAN_POINT ( 'NONE',  ( 1798.109999349615200, 2032.783314725895700, -30.80666523534533900 ) ) ;
#499 = AXIS2_PLACEMENT_3D ( 'NONE', #1516, #746, #538 ) ;
#500 = ORIENTED_EDGE ( 'NONE', *, *, #569, .T. ) ;
#501 = CARTESIAN_POINT ( 'NONE',  ( 1796.839999349614600, 2000.413315017323800, 63.02867807160917800 ) ) ;
#502 = ORIENTED_EDGE ( 'NONE', *, *, #829, .F. ) ;
#503 = CARTESIAN_POINT ( 'NONE',  ( 1796.839999349614600, 1908.326627038483800, 32.94134898014584700 ) ) ;
#504 = CALENDAR_DATE ( 2013, 29, 7 ) ;
#505 = CARTESIAN_POINT ( 'NONE',  ( 1798.109999349614300, 1975.235820185650300, 80.14744637668006500 ) ) ;
#506 = CARTESIAN_POINT ( 'NONE',  ( 1796.839999349615000, 1922.703170219460800, -51.25342407681970500 ) ) ;
#507 = DIRECTION ( 'NONE',  ( 1.000000000000000000, -0.0000000000000000000, -0.0000000000000000000 ) ) ;
#508 = CARTESIAN_POINT ( 'NONE',  ( 1796.839999349615300, 2039.849832439667100, 0.1474465294591058600 ) ) ;
#509 = AXIS2_PLACEMENT_3D ( 'NONE', #337, #147, #1859 ) ;
#510 = ORIENTED_EDGE ( 'NONE', *, *, #1905, .T. ) ;
#511 = ORIENTED_EDGE ( 'NONE', *, *, #1187, .F. ) ;
#512 = CARTESIAN_POINT ( 'NONE',  ( 1798.109999349615200, 1934.994457850219500, -60.47059066233486400 ) ) ;
#513 = CARTESIAN_POINT ( 'NONE',  ( 1796.839999349615000, 1929.863603215914300, 57.35780100749021000 ) ) ;
#514 = CARTESIAN_POINT ( 'NONE',  ( 1796.839999349615300, 1937.398376778912300, -61.66749351127472800 ) ) ;
#515 = CARTESIAN_POINT ( 'NONE',  ( 1796.839999349615000, 1903.668640323131700, -21.82398632765365000 ) ) ;
#517 = DIRECTION ( 'NONE',  ( 0.0000000000000000000, 0.0000000000000000000, -1.000000000000000000 ) ) ;
#516 = APPROVAL_STATUS ( 'not_yet_approved' ) ;
#518 = CARTESIAN_POINT ( 'NONE',  ( 1798.109999349614800, 1906.391222514619100, -48.65173672840342100 ) ) ;
#519 = CARTESIAN_POINT ( 'NONE',  ( 1805.999999349615100, 1969.999832439667200, 0.1474465294591179000 ) ) ;
#520 = CARTESIAN_POINT ( 'NONE',  ( 1796.839999349615300, 2027.516925517420800, -39.48597584273738200 ) ) ;
#521 = ORIENTED_EDGE ( 'NONE', *, *, #892, .F. ) ;
#522 = EDGE_LOOP ( 'NONE', ( #1852, #531, #739, #1654 ) ) ;
#523 = CYLINDRICAL_SURFACE ( 'NONE', #509, 4.999999999999893400 ) ;
#524 = CARTESIAN_POINT ( 'NONE',  ( 1806.999999349615100, 1969.999832439667200, 0.1474465294591179000 ) ) ;
#525 = LINE ( 'NONE', #323, #1684 ) ;
#526 = DIRECTION ( 'NONE',  ( 1.000000000000000000, -0.0000000000000000000, -0.0000000000000000000 ) ) ;
#527 = DIRECTION ( 'NONE',  ( 1.000000000000000000, -0.0000000000000000000, 0.0000000000000000000 ) ) ;
#528 = FACE_OUTER_BOUND ( 'NONE', #1233, .T. ) ;
#529 = CARTESIAN_POINT ( 'NONE',  ( 1805.999999349615300, 1969.999832439667200, 80.14744637668009400 ) ) ;
#530 = CARTESIAN_POINT ( 'NONE',  ( 1796.839999349615000, 2000.670537030730900, -62.60867366366007800 ) ) ;
#531 = ORIENTED_EDGE ( 'NONE', *, *, #389, .F. ) ;
#532 = EDGE_CURVE ( 'NONE', #1844, #961, #620, .T. ) ;
#533 = AXIS2_PLACEMENT_3D ( 'NONE', #886, #277, #84 ) ;
#534 = ORIENTED_EDGE ( 'NONE', *, *, #1309, .T. ) ;
#535 = CARTESIAN_POINT ( 'NONE',  ( 1806.999999349615100, 1915.873244703140000, -31.10255347054135900 ) ) ;
#536 = DIRECTION ( 'NONE',  ( 1.000000000000000000, -0.0000000000000000000, -0.0000000000000000000 ) ) ;
#537 = DIRECTION ( 'NONE',  ( 0.0000000000000000000, 0.0000000000000000000, -1.000000000000000000 ) ) ;
#538 = DIRECTION ( 'NONE',  ( 0.0000000000000000000, 0.0000000000000000000, -1.000000000000000000 ) ) ;
#539 = CARTESIAN_POINT ( 'NONE',  ( 1796.839999349615500, 2037.385272346442200, 18.54442229691576600 ) ) ;
#540 = DIRECTION ( 'NONE',  ( 1.000000000000000000, -0.0000000000000000000, -0.0000000000000000000 ) ) ;
#541 = ADVANCED_FACE ( 'NONE', ( #832, #679 ), #772, .T. ) ;
#542 = ORIENTED_EDGE ( 'NONE', *, *, #1572, .T. ) ;
#543 = FACE_OUTER_BOUND ( 'NONE', #1033, .T. ) ;
#544 = ORIENTED_EDGE ( 'NONE', *, *, #707, .T. ) ;
#545 = CARTESIAN_POINT ( 'NONE',  ( 1796.839999349615300, 1989.465551256220400, 67.23030209631316700 ) ) ;
#546 = VERTEX_POINT ( 'NONE', #1888 ) ;
#547 = CARTESIAN_POINT ( 'NONE',  ( 1798.109999349614600, 2039.426360228963200, 40.23950038497390800 ) ) ;
#548 = VECTOR ( 'NONE', #63, 1000.000000000000000 ) ;
#549 = EDGE_CURVE ( 'NONE', #488, #12, #1690, .T. ) ;
#550 = DIRECTION ( 'NONE',  ( 0.0000000000000000000, 0.0000000000000000000, -1.000000000000000000 ) ) ;
#551 = CIRCLE ( 'NONE', #533, 70.00000000000002800 ) ;
#552 = CARTESIAN_POINT ( 'NONE',  ( 1806.999999349615100, 1969.999832439667400, 62.64744652945911000 ) ) ;
#553 = APPROVAL_PERSON_ORGANIZATION ( #721, #89, #312 ) ;
#554 = DIRECTION ( 'NONE',  ( 0.0000000000000000000, 0.0000000000000000000, -1.000000000000000000 ) ) ;
#555 = AXIS2_PLACEMENT_3D ( 'NONE', #1310, #1648, #1459 ) ;
#556 = EDGE_CURVE ( 'NONE', #1544, #139, #998, .T. ) ;
#557 = ORIENTED_EDGE ( 'NONE', *, *, #549, .F. ) ;
#558 = CARTESIAN_POINT ( 'NONE',  ( 1796.839999349615000, 2022.265547305762500, 46.48706634806426800 ) ) ;
#559 = ORIENTED_EDGE ( 'NONE', *, *, #98, .T. ) ;
#560 = CYLINDRICAL_SURFACE ( 'NONE', #596, 70.00000000000002800 ) ;
#561 = CARTESIAN_POINT ( 'NONE',  ( 1796.839999349615300, 1923.470187421384700, 52.25734335724467900 ) ) ;
#562 = ADVANCED_FACE ( 'NONE', ( #1581 ), #641, .F. ) ;
#563 = CARTESIAN_POINT ( 'NONE',  ( 1796.839999349615300, 1945.731907197395000, -65.40405965151374800 ) ) ;
#564 = CARTESIAN_POINT ( 'NONE',  ( 1796.839999349615000, 1908.387918740315900, -32.76146448812023200 ) ) ;
#566 = DIRECTION ( 'NONE',  ( 0.0000000000000000000, 0.0000000000000000000, -1.000000000000000000 ) ) ;
#565 = PERSON_AND_ORGANIZATION ( #1574, #1721 ) ;
#567 = CARTESIAN_POINT ( 'NONE',  ( 1798.109999349615500, 1894.085744217459900, 25.92469914920617700 ) ) ;
#568 = CARTESIAN_POINT ( 'NONE',  ( 1796.839999349615000, 1889.039829437146200, 81.10744637484675900 ) ) ;
#569 = EDGE_CURVE ( 'NONE', #298, #1762, #1741, .T. ) ;
#570 = CARTESIAN_POINT ( 'NONE',  ( 1796.839999349614800, 2031.774782549548300, -32.45456524471618600 ) ) ;
#571 = ORIENTED_EDGE ( 'NONE', *, *, #882, .F. ) ;
#572 = CONICAL_SURFACE ( 'NONE', #1194, 4.249999999999865000, 1.029744258676641900 ) ;
#573 = CARTESIAN_POINT ( 'NONE',  ( 1796.839999349615000, 1960.632457212475900, 69.36648996850981100 ) ) ;
#574 = CARTESIAN_POINT ( 'NONE',  ( 1798.109999349615500, 1939.045720674862400, 62.93092881568824700 ) ) ;
#575 = DIRECTION ( 'NONE',  ( 0.0000000000000000000, 0.0000000000000000000, -1.000000000000000000 ) ) ;
#576 = EDGE_CURVE ( 'NONE', #201, #12, #1668, .T. ) ;
#577 = CARTESIAN_POINT ( 'NONE',  ( 1798.109999349614800, 2039.399573201289100, 9.290677104749926600 ) ) ;
#578 = CARTESIAN_POINT ( 'NONE',  ( 1796.839999349615000, 2011.939683350261200, -55.71015552629551600 ) ) ;
#579 = VERTEX_POINT ( 'NONE', #473 ) ;
#580 = EDGE_LOOP ( 'NONE', ( #427, #826, #1032, #219 ) ) ;
#581 = ORIENTED_EDGE ( 'NONE', *, *, #486, .T. ) ;
#582 = DIRECTION ( 'NONE',  ( 0.5150380749100725900, 1.049727191138605100E-016, 0.8571673007021012300 ) ) ;
#583 = APPROVAL ( #1206, 'UNSPECIFIED' ) ;
#584 = CARTESIAN_POINT ( 'NONE',  ( 1796.839999349615300, 1969.999832439667400, -69.70255347054089200 ) ) ;
#585 = CARTESIAN_POINT ( 'NONE',  ( 1805.999999349615100, 1969.999832439667200, 40.14744652945913100 ) ) ;
#586 = CARTESIAN_POINT ( 'NONE',  ( 1786.499999349615100, 1915.873244703139800, 35.64744652945894600 ) ) ;
#587 = CARTESIAN_POINT ( 'NONE',  ( 1796.839999349615000, 2033.210922732346500, 29.92615437137421400 ) ) ;
#588 = CARTESIAN_POINT ( 'NONE',  ( 1786.499999349615100, 1969.999832439667000, -66.60255347054098300 ) ) ;
#589 = ORIENTED_EDGE ( 'NONE', *, *, #892, .T. ) ;
#590 = CONICAL_SURFACE ( 'NONE', #686, 4.999999999999893400, 1.029744258676633000 ) ;
#591 = FACE_OUTER_BOUND ( 'NONE', #1598, .T. ) ;
#592 = FACE_OUTER_BOUND ( 'NONE', #331, .T. ) ;
#593 = VERTEX_POINT ( 'NONE', #269 ) ;
#594 = CARTESIAN_POINT ( 'NONE',  ( 1796.839999349615000, 1979.223883625980100, 69.38572675702668800 ) ) ;
#595 = AXIS2_PLACEMENT_3D ( 'NONE', #1125, #927, #732 ) ;
#596 = AXIS2_PLACEMENT_3D ( 'NONE', #1664, #1473, #1280 ) ;
#597 = CARTESIAN_POINT ( 'NONE',  ( 1798.109999349615200, 2041.906469136966500, -35.30464991227624000 ) ) ;
#598 = CARTESIAN_POINT ( 'NONE',  ( 1796.839999349615000, 1904.028969966454500, 23.12049600524732500 ) ) ;
#599 = CARTESIAN_POINT ( 'NONE',  ( 1786.499999349615100, 1969.999832439667000, -62.35255347054088300 ) ) ;
#600 = CARTESIAN_POINT ( 'NONE',  ( 1798.109999349615000, 1988.110719850029200, -67.46851638125032500 ) ) ;
#601 = FACE_OUTER_BOUND ( 'NONE', #180, .T. ) ;
#602 = COORDINATED_UNIVERSAL_TIME_OFFSET ( 1, 0, .AHEAD. ) ;
#603 = ORIENTED_EDGE ( 'NONE', *, *, #1441, .F. ) ;
#604 = CARTESIAN_POINT ( 'NONE',  ( 1796.839999349614800, 2016.634510307781500, 52.15115950901620300 ) ) ;
#605 = EDGE_LOOP ( 'NONE', ( #1522, #797, #192 ) ) ;
#606 = CARTESIAN_POINT ( 'NONE',  ( 1796.839999349615000, 1917.347437629108300, 46.04678525423108200 ) ) ;
#607 = CARTESIAN_POINT ( 'NONE',  ( 1796.839999349615000, 1953.406314784253000, -67.71307069655928500 ) ) ;
#608 = CYLINDRICAL_SURFACE ( 'NONE', #1576, 79.99999984722097700 ) ;
#609 = CARTESIAN_POINT ( 'NONE',  ( 1796.839999349615300, 1912.625048888278600, -39.69170858905317800 ) ) ;
#611 = LINE ( 'NONE', #17, #1228 ) ;
#610 = APPROVAL_DATE_TIME ( #813, #583 ) ;
#612 = CARTESIAN_POINT ( 'NONE',  ( 1798.109999349615700, 1949.257226998550100, 77.58877827643767900 ) ) ;
#613 = CARTESIAN_POINT ( 'NONE',  ( 1796.839999349615300, 2035.547035280719900, -23.99402066985543400 ) ) ;
#614 = ORIENTED_EDGE ( 'NONE', *, *, #1797, .F. ) ;
#615 = CARTESIAN_POINT ( 'NONE',  ( 1806.999999349615100, 2024.126420176194600, 27.14744652945944000 ) ) ;
#616 = CARTESIAN_POINT ( 'NONE',  ( 1796.839999349615300, 1950.382387682003400, 67.18608116157821500 ) ) ;
#617 = ADVANCED_FACE ( 'NONE', ( #1718 ), #1080, .F. ) ;
#618 = CARTESIAN_POINT ( 'NONE',  ( 1798.109999349615200, 1900.600091678045400, 9.290677104749919500 ) ) ;
#619 = VECTOR ( 'NONE', #1757, 1000.000000000000000 ) ;
#620 = LINE ( 'NONE', #1168, #1856 ) ;
#621 = DIRECTION ( 'NONE',  ( 0.0000000000000000000, 0.0000000000000000000, -1.000000000000000000 ) ) ;
#622 = CARTESIAN_POINT ( 'NONE',  ( 1798.109999349614800, 2000.953944204472500, 62.93092881568824700 ) ) ;
#623 = CARTESIAN_POINT ( 'NONE',  ( 1796.839999349615700, 2017.463594018937300, -51.09916581241110100 ) ) ;
#624 = EDGE_LOOP ( 'NONE', ( #1600, #475 ) ) ;
#625 = EDGE_LOOP ( 'NONE', ( #1752, #628, #33, #376, #782, #1357 ) ) ;
#626 = EDGE_CURVE ( 'NONE', #1328, #1509, #1656, .T. ) ;
#627 = ORIENTED_EDGE ( 'NONE', *, *, #788, .F. ) ;
#628 = ORIENTED_EDGE ( 'NONE', *, *, #1457, .T. ) ;
#629 = CARTESIAN_POINT ( 'NONE',  ( 1786.499999349615100, 2024.126420176194600, -31.10255347054113900 ) ) ;
#630 = EDGE_CURVE ( 'NONE', #1454, #1913, #1613, .T. ) ;
#631 = CARTESIAN_POINT ( 'NONE',  ( 1786.499999349615100, 2024.126420176194600, -31.10255347054113900 ) ) ;
#632 = DIRECTION ( 'NONE',  ( 1.000000000000000000, 0.0000000000000000000, 0.0000000000000000000 ) ) ;
#633 = AXIS2_PLACEMENT_3D ( 'NONE', #336, #146, #1858 ) ;
#634 = DIRECTION ( 'NONE',  ( 0.0000000000000000000, 0.0000000000000000000, -1.000000000000000000 ) ) ;
#635 = CARTESIAN_POINT ( 'NONE',  ( 1796.839999349615000, 2028.189443485840700, 38.81028036712236700 ) ) ;
#636 = DIRECTION ( 'NONE',  ( 1.000000000000000000, -0.0000000000000000000, -0.0000000000000000000 ) ) ;
#637 = CARTESIAN_POINT ( 'NONE',  ( 1796.839999349615300, 1979.652819948791100, -69.03248897478995600 ) ) ;
#638 = EDGE_CURVE ( 'NONE', #1398, #330, #403, .T. ) ;
#639 = EDGE_LOOP ( 'NONE', ( #1480, #952, #154 ) ) ;
#640 = VERTEX_POINT ( 'NONE', #529 ) ;
#641 = CONICAL_SURFACE ( 'NONE', #9, 40.00000000000001400, 0.7853981633975696300 ) ;
#642 = DIRECTION ( 'NONE',  ( 0.0000000000000000000, 0.0000000000000000000, -1.000000000000000000 ) ) ;
#643 = CARTESIAN_POINT ( 'NONE',  ( 1798.109999349615200, 1969.999832439667400, 69.99744652945911100 ) ) ;
#644 = DIRECTION ( 'NONE',  ( 0.0000000000000000000, 0.0000000000000000000, -1.000000000000000000 ) ) ;
#645 = CARTESIAN_POINT ( 'NONE',  ( 1798.109999349615000, 1980.471678461518900, -79.33686628839235800 ) ) ;
#646 = CARTESIAN_POINT ( 'NONE',  ( 1796.839999349615300, 1900.873162869638900, 10.27721012661517400 ) ) ;
#647 = CARTESIAN_POINT ( 'NONE',  ( 1786.499999349615100, 1969.999832439667000, -62.35255347054088300 ) ) ;
#648 = EDGE_CURVE ( 'NONE', #1868, #1844, #1020, .T. ) ;
#649 = FACE_BOUND ( 'NONE', #1800, .T. ) ;
#650 = ORIENTED_EDGE ( 'NONE', *, *, #1004, .F. ) ;
#651 = CARTESIAN_POINT ( 'NONE',  ( 1796.839999349615000, 2011.130644107679700, 56.60467359146801400 ) ) ;
#652 = ORIENTED_EDGE ( 'NONE', *, *, #1155, .T. ) ;
#653 = CALENDAR_DATE ( 2013, 29, 7 ) ;
#654 = CARTESIAN_POINT ( 'NONE',  ( 1796.839999349615000, 1912.530649793611500, 39.85030838311029600 ) ) ;
#655 = CARTESIAN_POINT ( 'NONE',  ( 1796.839999349615000, 1962.074486571907500, -69.25339965703560100 ) ) ;
#656 = VECTOR ( 'NONE', #1432, 1000.000000000000000 ) ;
#657 = CARTESIAN_POINT ( 'NONE',  ( 1796.839999349615300, 1917.476004909693500, -45.89895882219885000 ) ) ;
#658 = LINE ( 'NONE', #256, #548 ) ;
#659 = DIRECTION ( 'NONE',  ( 0.0000000000000000000, 0.0000000000000000000, -1.000000000000000000 ) ) ;
#660 = FACE_BOUND ( 'NONE', #406, .T. ) ;
#661 = CARTESIAN_POINT ( 'NONE',  ( 1796.839999349615300, 2038.790982634965500, -12.11875379960675400 ) ) ;
#662 = ORIENTED_EDGE ( 'NONE', *, *, #1905, .F. ) ;
#663 = CARTESIAN_POINT ( 'NONE',  ( 1798.109999349614800, 1900.600091678045600, -8.995784045831666000 ) ) ;
#664 = CARTESIAN_POINT ( 'NONE',  ( 1796.839999349615300, 1939.360261633788000, 62.91877325932793500 ) ) ;
#665 = CARTESIAN_POINT ( 'NONE',  ( 1796.839999349615000, 1928.117557065503700, -55.75333854659230300 ) ) ;
#666 = CARTESIAN_POINT ( 'NONE',  ( 1796.839999349614600, 1901.046515641599600, -11.05005305128000300 ) ) ;
#667 = DIRECTION ( 'NONE',  ( 1.000000000000000000, 0.0000000000000000000, 0.0000000000000000000 ) ) ;
#668 = CARTESIAN_POINT ( 'NONE',  ( 1798.109999349614800, 1964.763844693683300, -79.85255331776184600 ) ) ;
#669 = CARTESIAN_POINT ( 'NONE',  ( 1683.702914359767600, 1969.999832439667200, 0.1474465294591179000 ) ) ;
#670 = CARTESIAN_POINT ( 'NONE',  ( 1796.839999349615300, 2022.733480781446800, -45.65851775529947800 ) ) ;
#671 = AXIS2_PLACEMENT_3D ( 'NONE', #136, #1849, #1650 ) ;
#672 = EDGE_LOOP ( 'NONE', ( #285, #1468, #1276 ) ) ;
#673 = EDGE_LOOP ( 'NONE', ( #557, #762, #959 ) ) ;
#674 = DIRECTION ( 'NONE',  ( 0.5150380749100451600, 0.0000000000000000000, -0.8571673007021177700 ) ) ;
#675 = CYLINDRICAL_SURFACE ( 'NONE', #29, 4.250000000000087000 ) ;
#676 = EDGE_CURVE ( 'NONE', #593, #1853, #497, .T. ) ;
#677 = CC_DESIGN_DATE_AND_TIME_ASSIGNMENT ( #1118, #919, ( #402 ) ) ;
#678 = DIRECTION ( 'NONE',  ( 0.5150380749100451600, 1.049727191138625200E-016, 0.8571673007021177700 ) ) ;
#679 = FACE_BOUND ( 'NONE', #1674, .T. ) ;
#680 = LINE ( 'NONE', #83, #992 ) ;
#681 = CARTESIAN_POINT ( 'NONE',  ( 1786.499999349615100, 1915.873244703139800, 35.64744652945894600 ) ) ;
#682 = CARTESIAN_POINT ( 'NONE',  ( 1796.839999349615000, 2022.599783886028900, 46.10687660471657500 ) ) ;
#683 = DIRECTION ( 'NONE',  ( 0.0000000000000000000, 0.0000000000000000000, -1.000000000000000000 ) ) ;
#684 = CARTESIAN_POINT ( 'NONE',  ( 1796.839999349615000, 1989.765817666845600, -66.84759062610155000 ) ) ;
#685 = ORIENTED_EDGE ( 'NONE', *, *, #1754, .T. ) ;
#686 = AXIS2_PLACEMENT_3D ( 'NONE', #461, #64, #1783 ) ;
#687 = CONICAL_SURFACE ( 'NONE', #381, 4.250000000000087000, 1.029744258676665000 ) ;
#688 = LOCAL_TIME ( 18, 57, 15.00000000000000000, #454 ) ;
#689 = VERTEX_POINT ( 'NONE', #1086 ) ;
#690 = DIRECTION ( 'NONE',  ( 1.000000000000000000, -0.0000000000000000000, -0.0000000000000000000 ) ) ;
#691 = CARTESIAN_POINT ( 'NONE',  ( 1786.499999349615100, 1915.873244703139800, 31.39744652945886100 ) ) ;
#692 = AXIS2_PLACEMENT_3D ( 'NONE', #1830, #1628, #1435 ) ;
#693 = CARTESIAN_POINT ( 'NONE',  ( 1786.499999349615100, 2024.126420176194600, 35.64744652945917400 ) ) ;
#694 = DIRECTION ( 'NONE',  ( -1.000000000000000000, -0.0000000000000000000, -0.0000000000000000000 ) ) ;
#695 = DIRECTION ( 'NONE',  ( 1.000000000000000000, 0.0000000000000000000, 0.0000000000000000000 ) ) ;
#696 = CARTESIAN_POINT ( 'NONE',  ( 1796.839999349615000, 2039.212909582300200, 9.560516531951696700 ) ) ;
#697 = CARTESIAN_POINT ( 'NONE',  ( 1798.109999349614800, 2036.282320845264400, -22.35931720713953700 ) ) ;
#698 = CIRCLE ( 'NONE', #555, 4.249999999999865000 ) ;
#699 = AXIS2_PLACEMENT_3D ( 'NONE', #1806, #1406, #1226 ) ;
#700 = FACE_BOUND ( 'NONE', #994, .T. ) ;
#701 = ORIENTED_EDGE ( 'NONE', *, *, #1352, .T. ) ;
#702 = EDGE_CURVE ( 'NONE', #1913, #1454, #1288, .T. ) ;
#703 = CARTESIAN_POINT ( 'NONE',  ( 1796.839999349615300, 2000.218164416428400, 63.12285671003717600 ) ) ;
#704 = ORIENTED_EDGE ( 'NONE', *, *, #980, .T. ) ;
#705 = CARTESIAN_POINT ( 'NONE',  ( 1796.839999349615000, 1908.285884991224500, 32.86461285056566300 ) ) ;
#706 = CARTESIAN_POINT ( 'NONE',  ( 1798.109999349614800, 1980.471678461519100, 79.63175934731056300 ) ) ;
#707 = EDGE_CURVE ( 'NONE', #924, #796, #1243, .T. ) ;
#708 = VECTOR ( 'NONE', #1904, 1000.000000000000000 ) ;
#709 = CC_DESIGN_APPROVAL ( #89, ( #402 ) ) ;
#710 = CARTESIAN_POINT ( 'NONE',  ( 1796.839999349615000, 1922.785568553066500, -51.32920214179849000 ) ) ;
#711 = DIRECTION ( 'NONE',  ( 1.000000000000000000, -0.0000000000000000000, -0.0000000000000000000 ) ) ;
#712 = CARTESIAN_POINT ( 'NONE',  ( 1786.499999349615100, 1915.873244703139800, 27.14744652945877600 ) ) ;
#713 = ADVANCED_FACE ( 'NONE', ( #865 ), #47, .F. ) ;
#714 = ORIENTED_EDGE ( 'NONE', *, *, #1864, .T. ) ;
#715 = AXIS2_PLACEMENT_3D ( 'NONE', #1061, #863, #659 ) ;
#716 = ORIENTED_EDGE ( 'NONE', *, *, #409, .T. ) ;
#717 = CARTESIAN_POINT ( 'NONE',  ( 1798.109999349614800, 1939.045720674862400, -62.63603575677001300 ) ) ;
#718 = CARTESIAN_POINT ( 'NONE',  ( 1796.839999349615000, 1928.075974855477900, 56.01705313509948800 ) ) ;
#719 = CARTESIAN_POINT ( 'NONE',  ( 1796.839999349615300, 1939.406976010051000, -62.64666076832659100 ) ) ;
#720 = CARTESIAN_POINT ( 'NONE',  ( 1796.839999349615000, 1904.379327469073800, -23.83160156388589700 ) ) ;
#722 = DIRECTION ( 'NONE',  ( 1.000000000000000000, -0.0000000000000000000, -0.0000000000000000000 ) ) ;
#721 = PERSON_AND_ORGANIZATION ( #1574, #1721 ) ;
#723 = CARTESIAN_POINT ( 'NONE',  ( 1798.109999349615200, 1900.573304650371300, -39.94460732605567400 ) ) ;
#724 = DIRECTION ( 'NONE',  ( 0.0000000000000000000, 0.0000000000000000000, -1.000000000000000000 ) ) ;
#725 = CONICAL_SURFACE ( 'NONE', #1274, 4.250000000000094100, 1.029744258676665000 ) ;
#726 = CARTESIAN_POINT ( 'NONE',  ( 1796.839999349615000, 2027.588693325597200, -39.38175728112280200 ) ) ;
#727 = PRODUCT_DEFINITION_SHAPE ( 'NONE', 'NONE',  #283 ) ;
#728 = ORIENTED_EDGE ( 'NONE', *, *, #1129, .F. ) ;
#729 = VERTEX_POINT ( 'NONE', #1229 ) ;
#730 = AXIS2_PLACEMENT_3D ( 'NONE', #1809, #1607, #1410 ) ;
#731 = EDGE_CURVE ( 'NONE', #1076, #76, #1042, .T. ) ;
#732 = DIRECTION ( 'NONE',  ( 0.0000000000000000000, 0.0000000000000000000, -1.000000000000000000 ) ) ;
#733 = DIRECTION ( 'NONE',  ( 1.000000000000000000, -0.0000000000000000000, -0.0000000000000000000 ) ) ;
#734 = CARTESIAN_POINT ( 'NONE',  ( 1806.999999349615100, 2024.126420176194600, 35.64744652945917400 ) ) ;
#735 = CARTESIAN_POINT ( 'NONE',  ( 1806.999999349615100, 1889.039829437146200, 81.10744637484675900 ) ) ;
#736 = CARTESIAN_POINT ( 'NONE',  ( 1786.499999349615100, 1969.999832439667000, -62.35255347054088300 ) ) ;
#737 = CARTESIAN_POINT ( 'NONE',  ( 1796.839999349615300, 2000.717227653488400, -62.58584744616492700 ) ) ;
#738 = FACE_OUTER_BOUND ( 'NONE', #1221, .T. ) ;
#739 = ORIENTED_EDGE ( 'NONE', *, *, #731, .T. ) ;
#740 = EDGE_CURVE ( 'NONE', #764, #1148, #1024, .T. ) ;
#741 = VERTEX_POINT ( 'NONE', #257 ) ;
#742 = DIRECTION ( 'NONE',  ( 0.0000000000000000000, 0.0000000000000000000, -1.000000000000000000 ) ) ;
#743 = ADVANCED_FACE ( 'NONE', ( #1335 ), #590, .F. ) ;
#744 = CARTESIAN_POINT ( 'NONE',  ( 1806.999999349615100, 1907.500012413023600, -5.002542260550601600 ) ) ;
#745 = DIRECTION ( 'NONE',  ( 1.000000000000000000, -0.0000000000000000000, -0.0000000000000000000 ) ) ;
#746 = DIRECTION ( 'NONE',  ( 1.000000000000000000, -0.0000000000000000000, -0.0000000000000000000 ) ) ;
#747 = CARTESIAN_POINT ( 'NONE',  ( 1796.839999349615500, 2037.051899717824200, 19.74172995858310400 ) ) ;
#748 = CARTESIAN_POINT ( 'NONE',  ( 1806.999999349615100, 1969.999832439667000, -62.35255347054088300 ) ) ;
#749 = ORIENTED_EDGE ( 'NONE', *, *, #113, .T. ) ;
#750 = VECTOR ( 'NONE', #1135, 1000.000000000000000 ) ;
#751 = CYLINDRICAL_SURFACE ( 'NONE', #1755, 70.00000000000002800 ) ;
#752 = FACE_OUTER_BOUND ( 'NONE', #1390, .T. ) ;
#753 = ORIENTED_EDGE ( 'NONE', *, *, #1216, .T. ) ;
#754 = CARTESIAN_POINT ( 'NONE',  ( 1796.839999349614800, 1989.373246918575700, 67.25704705648880100 ) ) ;
#755 = VERTEX_POINT ( 'NONE', #1585 ) ;
#756 = CARTESIAN_POINT ( 'NONE',  ( 1798.109999349614800, 2041.906469136966500, 35.59954297119444500 ) ) ;
#757 = DIRECTION ( 'NONE',  ( 1.000000000000000000, -0.0000000000000000000, -0.0000000000000000000 ) ) ;
#758 = DIRECTION ( 'NONE',  ( 0.0000000000000000000, 0.0000000000000000000, 1.000000000000000000 ) ) ;
#759 = AXIS2_PLACEMENT_3D ( 'NONE', #1260, #1073, #875 ) ;
#760 = DIRECTION ( 'NONE',  ( 1.000000000000000000, -0.0000000000000000000, -0.0000000000000000000 ) ) ;
#761 = CC_DESIGN_SECURITY_CLASSIFICATION ( #402, ( #155 ) ) ;
#762 = ORIENTED_EDGE ( 'NONE', *, *, #835, .T. ) ;
#763 = CARTESIAN_POINT ( 'NONE',  ( 1796.839999349615000, 2021.901929737830400, 46.89535581602703500 ) ) ;
#764 = VERTEX_POINT ( 'NONE', #1388 ) ;
#765 = CARTESIAN_POINT ( 'NONE',  ( 1796.839999349615300, 1922.566040608783600, 51.42179913883672500 ) ) ;
#766 = AXIS2_PLACEMENT_3D ( 'NONE', #484, #279, #86 ) ;
#767 = CARTESIAN_POINT ( 'NONE',  ( 1796.839999349615300, 1948.539762798818900, -66.35380579867303700 ) ) ;
#768 = CARTESIAN_POINT ( 'NONE',  ( 1796.839999349615300, 1908.407217599797800, -32.79756819444786900 ) ) ;
#770 = DIRECTION ( 'NONE',  ( 1.000000000000000000, -0.0000000000000000000, -0.0000000000000000000 ) ) ;
#769 = APPROVAL_DATE_TIME ( #966, #1409 ) ;
#771 = CARTESIAN_POINT ( 'NONE',  ( 1798.109999349614800, 1898.093195742368200, 35.59954297119452300 ) ) ;
#772 = PLANE ( 'NONE',  #1510 ) ;
#773 = CARTESIAN_POINT ( 'NONE',  ( 1796.839999349615000, 2031.916349199067800, -32.18551889767382300 ) ) ;
#774 = ORIENTED_EDGE ( 'NONE', *, *, #1911, .T. ) ;
#775 = CONICAL_SURFACE ( 'NONE', #692, 79.99999984722097700, 0.7853981633975591900 ) ;
#776 = CARTESIAN_POINT ( 'NONE',  ( 1796.839999349615300, 1960.537229498906500, 69.35356449536674000 ) ) ;
#777 = CARTESIAN_POINT ( 'NONE',  ( 1798.109999349614800, 1934.994457850219500, 60.76548372125306900 ) ) ;
#778 = DIRECTION ( 'NONE',  ( 1.000000000000000000, -0.0000000000000000000, -0.0000000000000000000 ) ) ;
#779 = CARTESIAN_POINT ( 'NONE',  ( 1798.109999349615000, 2037.615795350376900, 18.25833393982142300 ) ) ;
#780 = CARTESIAN_POINT ( 'NONE',  ( 1796.839999349615000, 2011.969519862485600, -55.68774042993170800 ) ) ;
#781 = ORIENTED_EDGE ( 'NONE', *, *, #1661, .F. ) ;
#782 = ORIENTED_EDGE ( 'NONE', *, *, #1177, .F. ) ;
#783 = EDGE_CURVE ( 'NONE', #1182, #1623, #925, .T. ) ;
#784 = AXIS2_PLACEMENT_3D ( 'NONE', #1391, #1211, #1022 ) ;
#785 = AXIS2_PLACEMENT_3D ( 'NONE', #1198, #1001, #804 ) ;
#786 = ORIENTED_EDGE ( 'NONE', *, *, #441, .T. ) ;
#787 = CARTESIAN_POINT ( 'NONE',  ( 1794.999999349615100, 1907.500012413023600, 4.997457739449185300 ) ) ;
#788 = EDGE_CURVE ( 'NONE', #755, #1371, #896, .T. ) ;
#789 = PRODUCT ( '6-Asix', '6-Asix', '', ( #255 ) ) ;
#790 = DIRECTION ( 'NONE',  ( 0.0000000000000000000, 0.0000000000000000000, -1.000000000000000000 ) ) ;
#791 = LINE ( 'NONE', #585, #1672 ) ;
#792 = LINE ( 'NONE', #586, #448 ) ;
#793 = CARTESIAN_POINT ( 'NONE',  ( 1796.839999349614800, 2032.286241099063800, 31.79170577510079800 ) ) ;
#794 = CARTESIAN_POINT ( 'NONE',  ( 1786.499999349615100, 2024.126420176194600, -31.10255347054113900 ) ) ;
#795 = CIRCLE ( 'NONE', #633, 4.249999999999865000 ) ;
#796 = VERTEX_POINT ( 'NONE', #1395 ) ;
#797 = ORIENTED_EDGE ( 'NONE', *, *, #1887, .T. ) ;
#798 = CONICAL_SURFACE ( 'NONE', #1466, 4.250000000000094100, 1.029744258676665000 ) ;
#799 = CARTESIAN_POINT ( 'NONE',  ( 1796.839999349615000, 1979.187827963934500, 69.39052662362094300 ) ) ;
#800 = VECTOR ( 'NONE', #1304, 1000.000000000000000 ) ;
#801 = CARTESIAN_POINT ( 'NONE',  ( 1798.109999349615200, 2039.426360228963600, -39.94460732605571700 ) ) ;
#802 = FACE_BOUND ( 'NONE', #1181, .T. ) ;
#803 = CARTESIAN_POINT ( 'NONE',  ( 1796.839999349614800, 1903.235865187849400, 20.76645847363212000 ) ) ;
#804 = DIRECTION ( 'NONE',  ( 0.0000000000000000000, 0.0000000000000000000, -1.000000000000000000 ) ) ;
#805 = CARTESIAN_POINT ( 'NONE',  ( 1798.109999349615000, 1992.506596176265500, -66.13504187613851600 ) ) ;
#806 = ORIENTED_EDGE ( 'NONE', *, *, #676, .F. ) ;
#807 = AXIS2_PLACEMENT_3D ( 'NONE', #1027, #822, #621 ) ;
#808 = CARTESIAN_POINT ( 'NONE',  ( 1796.839999349614600, 2015.854268503976500, 52.84489282384426200 ) ) ;
#809 = VERTEX_POINT ( 'NONE', #1215 ) ;
#810 = CARTESIAN_POINT ( 'NONE',  ( 1796.839999349615500, 1917.319609963560000, 46.01484485019290100 ) ) ;
#811 = CARTESIAN_POINT ( 'NONE',  ( 1796.839999349615300, 1956.394507030874400, -68.40432668438644700 ) ) ;
#812 = CARTESIAN_POINT ( 'NONE',  ( 1796.839999349615000, 1912.671523607512200, -39.75855598266273500 ) ) ;
#814 = DIRECTION ( 'NONE',  ( 1.000000000000000000, 0.0000000000000000000, 0.0000000000000000000 ) ) ;
#813 = DATE_AND_TIME ( #1870, #1860 ) ;
#815 = CARTESIAN_POINT ( 'NONE',  ( 1798.109999349615000, 1959.527986417815300, 79.63175934731057700 ) ) ;
#816 = CARTESIAN_POINT ( 'NONE',  ( 1796.839999349615000, 2035.970694922868900, -22.82560291499439500 ) ) ;
#817 = EDGE_LOOP ( 'NONE', ( #627, #1034 ) ) ;
#818 = CARTESIAN_POINT ( 'NONE',  ( 1806.999999349615100, 1915.873244703140000, -35.35255347054145100 ) ) ;
#819 = CARTESIAN_POINT ( 'NONE',  ( 1796.839999349615300, 1950.337813853562200, 67.17303203704294400 ) ) ;
#820 = CARTESIAN_POINT ( 'NONE',  ( 1798.109999349615000, 1900.149832439667500, 4.719118338901771500 ) ) ;
#821 = DIRECTION ( 'NONE',  ( 0.0000000000000000000, 0.0000000000000000000, -1.000000000000000000 ) ) ;
#822 = DIRECTION ( 'NONE',  ( 1.000000000000000000, -0.0000000000000000000, -0.0000000000000000000 ) ) ;
#823 = AXIS2_PLACEMENT_3D ( 'NONE', #1271, #889, #683 ) ;
#824 = CARTESIAN_POINT ( 'NONE',  ( 1798.109999349615200, 1992.506596176265700, 66.42993493505672100 ) ) ;
#825 = CARTESIAN_POINT ( 'NONE',  ( 1796.839999349615700, 2017.520891530034500, -51.04603782302615400 ) ) ;
#826 = ORIENTED_EDGE ( 'NONE', *, *, #187, .F. ) ;
#827 = ORIENTED_EDGE ( 'NONE', *, *, #870, .T. ) ;
#828 = VERTEX_POINT ( 'NONE', #1595 ) ;
#829 = EDGE_CURVE ( 'NONE', #1, #272, #1578, .T. ) ;
#830 = B_SPLINE_CURVE_WITH_KNOTS ( 'NONE', 3,
 ( #508, #305, #115, #1831, #1630, #1437, #1251, #1062, #864, #661, #463, #259, #65, #1785, #1587, #1389, #1209, #1019, #816, #613, #416, #211, #20, #1739, #1543, #1346, #1169, #970, #773, #570, #367, #170, #1889, #1691, #1497, #1305, #1122, #923, #726, #520, #316, #130, #1842, #1643, #1452, #1261, #1074, #877, #670, #474, #270, #74, #1796, #1597, #1397, #1218, #1030, #825, #623, #425, #218, #28, #1748, #1550, #1354, #1178, #977, #780, #578, #374, #178, #1900, #1698, #1508, #1315, #1131, #933, #737, #530, #328, #138, #1851, #1653, #1464, #1272, #1087, #890, #684, #485, #281, #87, #1810, #1609, #1411, #1230, #1043, #841, #637, #439, #231, #42, #1761, #1563, #1368, #1189, #993 ),
 .UNSPECIFIED., .F., .F.,
 ( 4, 1, 1, 1, 2, 2, 1, 1, 1, 1, 2, 2, 1, 1, 1, 1, 2, 2, 1, 1, 1, 1, 1, 2, 2, 1, 1, 1, 1, 1, 2, 2, 1, 1, 1, 1, 1, 2, 2, 1, 1, 1, 1, 1, 2, 2, 1, 1, 1, 1, 1, 1, 2, 2, 1, 1, 1, 1, 1, 1, 1, 2, 2, 1, 1, 1, 1, 1, 1, 1, 2, 2, 1, 1, 1, 1, 1, 1, 1, 2, 2, 4 ),
 ( 0.5000000000000000000, 0.5156249999999607000, 0.5234374999999410500, 0.5273437499999311700, 0.5292968749999262800, 0.5312499999999214000, 0.5468749999998803200, 0.5546874999998597800, 0.5585937499998494500, 0.5605468749998437900, 0.5615234374998409100, 0.5624999999998381300, 0.5781249999997889500, 0.5859374999997650800, 0.5898437499997530900, 0.5917968749997472000, 0.5927734374997450900, 0.5937499999997429800, 0.6093749999996963500, 0.6171874999996740400, 0.6210937499996629400, 0.6230468749996585000, 0.6240234374996562700, 0.6245117187496551600, 0.6249999999996540500, 0.6406249999996377300, 0.6484374999996295200, 0.6523437499996268500, 0.6542968749996269700, 0.6552734374996269700, 0.6557617187496285200, 0.6562499999996299600, 0.6718749999996506100, 0.6796874999996609400, 0.6835937499996678200, 0.6855468749996730400, 0.6865234374996755900, 0.6870117187496787000, 0.6874999999996817000, 0.7031249999997829500, 0.7109374999998335800, 0.7148437499998588900, 0.7167968749998735500, 0.7177734374998809800, 0.7182617187498866500, 0.7187499999998923100, 0.7343750000001603200, 0.7421875000002943200, 0.7460937500003612700, 0.7480468750003971300, 0.7490234375004126700, 0.7495117187504181100, 0.7497558593754207700, 0.7500000000004234400, 0.7812500000011204400, 0.7968750000014714900, 0.8046875000016499000, 0.8085937500017418300, 0.8105468750017877900, 0.8115234375018107700, 0.8120117187518195400, 0.8122558593768238700, 0.8125000000018282000, 0.8437500000019199100, 0.8593750000019673200, 0.8671875000019910700, 0.8710937500020030600, 0.8730468750020089500, 0.8740234375020119500, 0.8745117187520133900, 0.8747558593770141700, 0.8750000000020148300, 0.9062500000017230700, 0.9218750000015791800, 0.9296875000015052400, 0.9335937500014701600, 0.9355468750014546100, 0.9365234375014468400, 0.9370117187514428500, 0.9372558593764390700, 0.9375000000014350700, 1.000000000000000000 ),
 .UNSPECIFIED. ) ;
#831 = DIRECTION ( 'NONE',  ( 0.0000000000000000000, 0.0000000000000000000, -1.000000000000000000 ) ) ;
#832 = FACE_OUTER_BOUND ( 'NONE', #1010, .T. ) ;
#833 = AXIS2_PLACEMENT_3D ( 'NONE', #1152, #757, #550 ) ;
#834 = AXIS2_PLACEMENT_3D ( 'NONE', #631, #1756, #1558 ) ;
#835 = EDGE_CURVE ( 'NONE', #488, #201, #216, .T. ) ;
#836 = DIRECTION ( 'NONE',  ( 0.0000000000000000000, 0.0000000000000000000, -1.000000000000000000 ) ) ;
#837 = CARTESIAN_POINT ( 'NONE',  ( 1806.999999349615100, 1969.999832439667200, 80.14744637668009400 ) ) ;
#838 = DIRECTION ( 'NONE',  ( 1.000000000000000000, -0.0000000000000000000, -0.0000000000000000000 ) ) ;
#839 = CARTESIAN_POINT ( 'NONE',  ( 1796.839999349614800, 2027.396993170985500, 39.95435752719227200 ) ) ;
#840 = CARTESIAN_POINT ( 'NONE',  ( 1806.999999349615100, 2024.126420176194600, 27.14744652945944000 ) ) ;
#841 = CARTESIAN_POINT ( 'NONE',  ( 1796.839999349615000, 1980.033305646973300, -68.97879799013615800 ) ) ;
#842 = VERTEX_POINT ( 'NONE', #1548 ) ;
#843 = ORIENTED_EDGE ( 'NONE', *, *, #221, .T. ) ;
#844 = DIRECTION ( 'NONE',  ( -1.000000000000000000, -0.0000000000000000000, -0.0000000000000000000 ) ) ;
#845 = DIRECTION ( 'NONE',  ( -0.7071067811864690800, 0.0000000000000000000, 0.7071067811866260700 ) ) ;
#846 = AXIS2_PLACEMENT_3D ( 'NONE', #1912, #1711, #1519 ) ;
#847 = PRODUCT_RELATED_PRODUCT_CATEGORY ( 'detail', '', ( #789 ) ) ;
#848 = DIRECTION ( 'NONE',  ( -1.000000000000000000, 0.0000000000000000000, -0.0000000000000000000 ) ) ;
#849 = CARTESIAN_POINT ( 'NONE',  ( 1798.109999349615200, 1975.235820185650500, -79.85255331776184600 ) ) ;
#850 = CARTESIAN_POINT ( 'NONE',  ( 1796.839999349615000, 1900.670943373274700, 8.665661877479983800 ) ) ;
#851 = CARTESIAN_POINT ( 'NONE',  ( 1806.999999349615100, 1969.999832439667200, 79.14744637668019300 ) ) ;
#852 = ADVANCED_FACE ( 'NONE', ( #964 ), #1731, .F. ) ;
#853 = FACE_OUTER_BOUND ( 'NONE', #296, .T. ) ;
#854 = FACE_OUTER_BOUND ( 'NONE', #212, .T. ) ;
#855 = CIRCLE ( 'NONE', #1037, 4.250000000000087000 ) ;
#856 = CARTESIAN_POINT ( 'NONE',  ( 1796.839999349615000, 2010.345471148797300, 57.17208373684432100 ) ) ;
#857 = EDGE_LOOP ( 'NONE', ( #603, #806, #1008, #404 ) ) ;
#858 = CARTESIAN_POINT ( 'NONE',  ( 1796.839999349615300, 1912.482739363176300, 39.78086890323142200 ) ) ;
#859 = CARTESIAN_POINT ( 'NONE',  ( 1796.839999349615000, 1963.422809371800700, -69.39986111346574700 ) ) ;
#860 = EDGE_CURVE ( 'NONE', #1750, #357, #1173, .T. ) ;
#861 = CARTESIAN_POINT ( 'NONE',  ( 1796.839999349615300, 1917.553291326257100, -45.98706734222680100 ) ) ;
#862 = DIRECTION ( 'NONE',  ( 0.0000000000000000000, 0.0000000000000000000, -1.000000000000000000 ) ) ;
#863 = DIRECTION ( 'NONE',  ( 1.000000000000000000, -0.0000000000000000000, -0.0000000000000000000 ) ) ;
#864 = CARTESIAN_POINT ( 'NONE',  ( 1796.839999349615000, 2039.126502008656000, -9.982317065599520600 ) ) ;
#865 = FACE_OUTER_BOUND ( 'NONE', #672, .T. ) ;
#866 = ADVANCED_FACE ( 'NONE', ( #1890 ), #372, .T. ) ;
#867 = ORIENTED_EDGE ( 'NONE', *, *, #783, .F. ) ;
#868 = CARTESIAN_POINT ( 'NONE',  ( 1798.109999349615000, 1902.383869528958000, -17.96344088090316400 ) ) ;
#869 = CARTESIAN_POINT ( 'NONE',  ( 1796.839999349614300, 1939.329127848955300, 62.90356672275780900 ) ) ;
#870 = EDGE_CURVE ( 'NONE', #1439, #1601, #344, .T. ) ;
#871 = CARTESIAN_POINT ( 'NONE',  ( 1796.839999349614600, 1928.145291710245800, -55.77410718807371400 ) ) ;
#872 = CARTESIAN_POINT ( 'NONE',  ( 1796.839999349615000, 1901.476426703923200, -13.53557163512872900 ) ) ;
#873 = CARTESIAN_POINT ( 'NONE',  ( 1805.999999349615100, 1969.999832439667200, 0.1474465294591179000 ) ) ;
#874 = CARTESIAN_POINT ( 'NONE',  ( 1798.109999349615200, 1959.527986417815100, -79.33686628839232900 ) ) ;
#875 = DIRECTION ( 'NONE',  ( 0.0000000000000000000, 0.0000000000000000000, -1.000000000000000000 ) ) ;
#876 = ADVANCED_FACE ( 'NONE', ( #700, #1002, #802, #1104, #660, #928, #408, #1299, #649, #1638 ), #931, .T. ) ;
#877 = CARTESIAN_POINT ( 'NONE',  ( 1796.839999349615000, 2022.813535302033200, -45.56630146292128800 ) ) ;
#878 = ORIENTED_EDGE ( 'NONE', *, *, #702, .F. ) ;
#879 = EDGE_LOOP ( 'NONE', ( #58, #774, #152, #347 ) ) ;
#880 = FACE_OUTER_BOUND ( 'NONE', #1413, .T. ) ;
#881 = MANIFOLD_SOLID_BREP ( 'Cut-Extrude2', #324 ) ;
#882 = EDGE_CURVE ( 'NONE', #729, #961, #1562, .T. ) ;
#883 = CARTESIAN_POINT ( 'NONE',  ( 1786.499999349615100, 1969.999832439667000, -66.60255347054098300 ) ) ;
#884 = CARTESIAN_POINT ( 'NONE',  ( 1786.499999349615100, 1915.873244703140000, -26.85255347054127400 ) ) ;
#885 = DIRECTION ( 'NONE',  ( 0.0000000000000000000, 0.0000000000000000000, -1.000000000000000000 ) ) ;
#886 = CARTESIAN_POINT ( 'NONE',  ( 1796.839999349615000, 1969.999832439667200, 0.1474465294591179000 ) ) ;
#887 = CARTESIAN_POINT ( 'NONE',  ( 1796.839999349615000, 2022.575137458917000, 46.13506709664469700 ) ) ;
#888 = FACE_OUTER_BOUND ( 'NONE', #879, .T. ) ;
#889 = DIRECTION ( 'NONE',  ( 1.000000000000000000, -0.0000000000000000000, -0.0000000000000000000 ) ) ;
#890 = CARTESIAN_POINT ( 'NONE',  ( 1796.839999349615500, 1989.973595111411400, -66.78609234434762200 ) ) ;
#891 = ORIENTED_EDGE ( 'NONE', *, *, #1760, .F. ) ;
#892 = EDGE_CURVE ( 'NONE', #1692, #391, #251, .T. ) ;
#893 = VERTEX_POINT ( 'NONE', #681 ) ;
#894 = CARTESIAN_POINT ( 'NONE',  ( 1806.999999349615100, 1907.500012413023600, -0.002542260550707735700 ) ) ;
#895 = DIRECTION ( 'NONE',  ( 0.0000000000000000000, 0.0000000000000000000, -1.000000000000000000 ) ) ;
#896 = CIRCLE ( 'NONE', #353, 70.00000000000002800 ) ;
#897 = LINE ( 'NONE', #693, #1196 ) ;
#898 = CARTESIAN_POINT ( 'NONE',  ( 1798.109999349615200, 2039.849832439667100, 0.1474465294590989200 ) ) ;
#899 = CARTESIAN_POINT ( 'NONE',  ( 1767.629999349615000, 1969.999832439667200, 0.1474465294591179000 ) ) ;
#900 = CARTESIAN_POINT ( 'NONE',  ( 1796.839999349615000, 2039.139301906774800, 10.09667255067530400 ) ) ;
#901 = CARTESIAN_POINT ( 'NONE',  ( 1798.109999349615000, 2037.615795350376900, -17.96344088090322100 ) ) ;
#902 = AXIS2_PLACEMENT_3D ( 'NONE', #1504, #1313, #1128 ) ;
#903 = ORIENTED_EDGE ( 'NONE', *, *, #319, .F. ) ;
#904 = CARTESIAN_POINT ( 'NONE',  ( 1796.839999349615300, 1999.827244577846200, 63.30960583752509800 ) ) ;
#905 = EDGE_LOOP ( 'NONE', ( #996, #45, #1566, #234 ) ) ;
#906 = B_SPLINE_CURVE_WITH_KNOTS ( 'NONE', 3,
 ( #1025, #820, #618, #421, #215, #25, #1745, #1547, #1350, #1174, #973, #777, #574, #371, #174, #1896, #1694, #1502 ),
 .UNSPECIFIED., .F., .F.,
 ( 4, 2, 2, 2, 2, 2, 2, 2, 4 ),
 ( 0.5000000000000000000, 0.5625000000000000000, 0.6250000000000000000, 0.6875000000000000000, 0.7500000000000000000, 0.8125000000000000000, 0.8750000000000000000, 0.9375000000000000000, 1.000000000000000000 ),
 .UNSPECIFIED. ) ;
#907 = CARTESIAN_POINT ( 'NONE',  ( 1796.839999349615000, 1908.224882333081000, 32.74945831122254000 ) ) ;
#908 = APPLICATION_CONTEXT ( 'configuration controlled 3d designs of mechanical parts and assemblies' ) ;
#909 = CARTESIAN_POINT ( 'NONE',  ( 1798.109999349615000, 1990.742437880784600, 77.58877827643769400 ) ) ;
#910 = CARTESIAN_POINT ( 'NONE',  ( 1796.839999349615000, 1922.978230998652400, -51.50553446127048600 ) ) ;
#911 = CARTESIAN_POINT ( 'NONE',  ( 1806.999999349615100, 1969.999832439667000, -66.60255347054098300 ) ) ;
#912 = DIRECTION ( 'NONE',  ( 0.0000000000000000000, 0.0000000000000000000, -1.000000000000000000 ) ) ;
#913 = ORIENTED_EDGE ( 'NONE', *, *, #1090, .T. ) ;
#914 = ORIENTED_EDGE ( 'NONE', *, *, #92, .T. ) ;
#915 = CARTESIAN_POINT ( 'NONE',  ( 1798.109999349615200, 1947.493068703069000, -66.13504187613848700 ) ) ;
#916 = CARTESIAN_POINT ( 'NONE',  ( 1796.839999349615700, 1928.059981529023800, 56.00504858522229800 ) ) ;
#917 = CARTESIAN_POINT ( 'NONE',  ( 1796.839999349615500, 1939.419241783533800, -62.65263449732745500 ) ) ;
#918 = CARTESIAN_POINT ( 'NONE',  ( 1796.839999349615000, 1904.926550321083800, -25.23952334206534000 ) ) ;
#920 = DIRECTION ( 'NONE',  ( 1.000000000000000000, -0.0000000000000000000, -0.0000000000000000000 ) ) ;
#919 = DATE_TIME_ROLE ( 'classification_date' ) ;
#921 = CARTESIAN_POINT ( 'NONE',  ( 1798.109999349614800, 1898.093195742368400, -35.30464991227626100 ) ) ;
#922 = DIRECTION ( 'NONE',  ( 1.000000000000000000, -0.0000000000000000000, 0.0000000000000000000 ) ) ;
#923 = CARTESIAN_POINT ( 'NONE',  ( 1796.839999349615000, 2027.755466675794400, -39.13816525295453600 ) ) ;
#924 = VERTEX_POINT ( 'NONE', #481 ) ;
#925 = B_SPLINE_CURVE_WITH_KNOTS ( 'NONE', 3,
 ( #1208, #1017, #815, #612, #414, #210, #18, #1737, #1542, #1345, #1167, #968, #771, #567, #363, #167, #1886, #1689, #1495, #1303, #1120, #921, #723, #518, #314, #126, #1840, #1641, #1449, #1259, #1071, #874, #668, #471 ),
 .UNSPECIFIED., .F., .F.,
 ( 4, 2, 2, 2, 2, 2, 2, 2, 2, 2, 2, 2, 2, 2, 2, 2, 4 ),
 ( 0.0000000000000000000, 0.06250000000000001400, 0.1250000000000000300, 0.1875000000000000600, 0.2500000000000000600, 0.3125000000000000600, 0.3750000000000001100, 0.4375000000000000600, 0.5000000000000000000, 0.5625000000000000000, 0.6250000000000000000, 0.6875000000000000000, 0.7500000000000000000, 0.8125000000000001100, 0.8750000000000001100, 0.9375000000000001100, 1.000000000000000000 ),
 .UNSPECIFIED. ) ;
#926 = EDGE_CURVE ( 'NONE', #1179, #741, #551, .T. ) ;
#927 = DIRECTION ( 'NONE',  ( 1.000000000000000000, -0.0000000000000000000, 0.0000000000000000000 ) ) ;
#928 = FACE_BOUND ( 'NONE', #105, .T. ) ;
#929 = CARTESIAN_POINT ( 'NONE',  ( 1806.999999349615100, 1969.999832439667400, 58.39744652945902500 ) ) ;
#930 = DIRECTION ( 'NONE',  ( 1.000000000000000000, -0.0000000000000000000, -0.0000000000000000000 ) ) ;
#931 = PLANE ( 'NONE',  #1311 ) ;
#932 = DIRECTION ( 'NONE',  ( 0.0000000000000000000, 0.0000000000000000000, -1.000000000000000000 ) ) ;
#933 = CARTESIAN_POINT ( 'NONE',  ( 1796.839999349615000, 2000.826102056634200, -62.53247138446890600 ) ) ;
#934 = VERTEX_POINT ( 'NONE', #1605 ) ;
#935 = AXIS2_PLACEMENT_3D ( 'NONE', #71, #1792, #1594 ) ;
#936 = EDGE_CURVE ( 'NONE', #1532, #1667, #397, .T. ) ;
#937 = ORIENTED_EDGE ( 'NONE', *, *, #532, .T. ) ;
#938 = DIRECTION ( 'NONE',  ( 1.000000000000000000, -0.0000000000000000000, -0.0000000000000000000 ) ) ;
#939 = CIRCLE ( 'NONE', #833, 4.250000000000094100 ) ;
#940 = LINE ( 'NONE', #744, #1467 ) ;
#941 = CARTESIAN_POINT ( 'NONE',  ( 1806.999999349615100, 2024.126420176194600, 31.39744652945930500 ) ) ;
#942 = DIRECTION ( 'NONE',  ( 1.000000000000000000, -0.0000000000000000000, -0.0000000000000000000 ) ) ;
#943 = CARTESIAN_POINT ( 'NONE',  ( 1796.839999349615000, 2036.331024546714600, 22.11887942608822400 ) ) ;
#944 = DIRECTION ( 'NONE',  ( 0.5150380749100451600, 1.049727191138625200E-016, 0.8571673007021177700 ) ) ;
#945 = AXIS2_PLACEMENT_3D ( 'NONE', #1725, #1528, #1333 ) ;
#946 = ADVANCED_FACE ( 'NONE', ( #238 ), #204, .F. ) ;
#947 = ORIENTED_EDGE ( 'NONE', *, *, #423, .T. ) ;
#948 = AXIS2_PLACEMENT_3D ( 'NONE', #313, #1258, #1070 ) ;
#949 = ORIENTED_EDGE ( 'NONE', *, *, #1589, .F. ) ;
#950 = CONICAL_SURFACE ( 'NONE', #52, 4.250000000000087000, 1.029744258676665000 ) ;
#951 = CARTESIAN_POINT ( 'NONE',  ( 1796.839999349614800, 1989.188568780697600, 67.31020515680471300 ) ) ;
#952 = ORIENTED_EDGE ( 'NONE', *, *, #1644, .T. ) ;
#953 = VECTOR ( 'NONE', #1137, 1000.000000000000000 ) ;
#954 = CARTESIAN_POINT ( 'NONE',  ( 1798.109999349615000, 2045.913920661875200, 25.92469914920612300 ) ) ;
#955 = CARTESIAN_POINT ( 'NONE',  ( 1796.839999349615300, 2039.849832439667100, 0.1474465294591058600 ) ) ;
#957 = DIRECTION ( 'NONE',  ( -1.000000000000000000, -0.0000000000000000000, -0.0000000000000000000 ) ) ;
#956 = CARTESIAN_POINT ( 'NONE',  ( 1806.999999349615100, 2032.499652466310900, -4.702564680530949600 ) ) ;
#958 = CARTESIAN_POINT ( 'NONE',  ( 1786.499999349615100, 1915.873244703139800, 31.39744652945886100 ) ) ;
#959 = ORIENTED_EDGE ( 'NONE', *, *, #576, .T. ) ;
#960 = CARTESIAN_POINT ( 'NONE',  ( 1796.839999349615000, 2021.166834286191300, 47.70424506988831600 ) ) ;
#961 = VERTEX_POINT ( 'NONE', #437 ) ;
#962 = CARTESIAN_POINT ( 'NONE',  ( 1796.839999349615700, 1922.536070859026700, 51.39405886994931900 ) ) ;
#963 = CARTESIAN_POINT ( 'NONE',  ( 1796.839999349615300, 1950.456692358737400, -66.91288743672737400 ) ) ;
#964 = FACE_OUTER_BOUND ( 'NONE', #77, .T. ) ;
#965 = CARTESIAN_POINT ( 'NONE',  ( 1796.839999349615000, 1908.447053220996600, -32.87193481860470700 ) ) ;
#967 = CARTESIAN_POINT ( 'NONE',  ( 1786.499999349615100, 2024.126420176194600, 31.39744652945930500 ) ) ;
#966 = DATE_AND_TIME ( #299, #383 ) ;
#968 = CARTESIAN_POINT ( 'NONE',  ( 1798.109999349615000, 1900.573304650371000, 40.23950038497393700 ) ) ;
#969 = DIRECTION ( 'NONE',  ( 1.000000000000000000, -0.0000000000000000000, -0.0000000000000000000 ) ) ;
#970 = CARTESIAN_POINT ( 'NONE',  ( 1796.839999349615000, 2032.196390940555400, -31.64601654581855400 ) ) ;
#971 = ORIENTED_EDGE ( 'NONE', *, *, #1469, .F. ) ;
#972 = CARTESIAN_POINT ( 'NONE',  ( 1796.839999349615000, 1960.346844931225000, 69.32738203373848800 ) ) ;
#973 = CARTESIAN_POINT ( 'NONE',  ( 1798.109999349615200, 1927.392045476276700, 55.68571417633069800 ) ) ;
#974 = CYLINDRICAL_SURFACE ( 'NONE', #365, 4.250000000000094100 ) ;
#975 = CARTESIAN_POINT ( 'NONE',  ( 1806.999999349615100, 2024.126420176194600, -31.10255347054113900 ) ) ;
#976 = CARTESIAN_POINT ( 'NONE',  ( 1798.109999349614800, 2036.282320845265300, 22.65421026605774900 ) ) ;
#977 = CARTESIAN_POINT ( 'NONE',  ( 1796.839999349615300, 2012.014260232451800, -55.65410063326749700 ) ) ;
#978 = ORIENTED_EDGE ( 'NONE', *, *, #1589, .T. ) ;
#979 = VERTEX_POINT ( 'NONE', #229 ) ;
#980 = EDGE_CURVE ( 'NONE', #1680, #66, #226, .T. ) ;
#981 = CC_DESIGN_PERSON_AND_ORGANIZATION_ASSIGNMENT ( #565, #361, ( #155 ) ) ;
#982 = AXIS2_PLACEMENT_3D ( 'NONE', #1121, #922, #724 ) ;
#983 = EDGE_LOOP ( 'NONE', ( #190, #390 ) ) ;
#984 = CARTESIAN_POINT ( 'NONE',  ( 1798.109999349615200, 1969.999832439667400, 80.14744637668010800 ) ) ;
#985 = ADVANCED_FACE ( 'NONE', ( #295 ), #343, .F. ) ;
#986 = CIRCLE ( 'NONE', #1786, 4.250000000000087000 ) ;
#987 = DIRECTION ( 'NONE',  ( 1.000000000000000000, -0.0000000000000000000, -0.0000000000000000000 ) ) ;
#988 = CARTESIAN_POINT ( 'NONE',  ( 1806.999999349615100, 1969.999832439667200, -40.85255347054103200 ) ) ;
#989 = DIRECTION ( 'NONE',  ( 0.0000000000000000000, 0.0000000000000000000, -1.000000000000000000 ) ) ;
#990 = CARTESIAN_POINT ( 'NONE',  ( 1796.839999349615000, 2031.611746139649500, 33.05635754567987300 ) ) ;
#991 = AXIS2_PLACEMENT_3D ( 'NONE', #1394, #1026, #821 ) ;
#992 = VECTOR ( 'NONE', #1805, 1000.000000000000200 ) ;
#993 = CARTESIAN_POINT ( 'NONE',  ( 1796.839999349615300, 1969.999832439667400, -69.70255347054089200 ) ) ;
#994 = EDGE_LOOP ( 'NONE', ( #827, #1399 ) ) ;
#995 = EDGE_CURVE ( 'NONE', #828, #893, #792, .T. ) ;
#996 = ORIENTED_EDGE ( 'NONE', *, *, #221, .F. ) ;
#997 = CARTESIAN_POINT ( 'NONE',  ( 1796.839999349615500, 1979.103693560124600, 69.40166031725392800 ) ) ;
#998 = CIRCLE ( 'NONE', #982, 78.99999984722109000 ) ;
#999 = CARTESIAN_POINT ( 'NONE',  ( 1798.109999349615200, 2033.608442364715100, -48.65173672840347800 ) ) ;
#1000 = CARTESIAN_POINT ( 'NONE',  ( 1796.839999349615300, 1902.649000230252600, 18.71922279280991200 ) ) ;
#1001 = DIRECTION ( 'NONE',  ( 1.000000000000000000, -0.0000000000000000000, -0.0000000000000000000 ) ) ;
#1002 = FACE_OUTER_BOUND ( 'NONE', #624, .T. ) ;
#1003 = CARTESIAN_POINT ( 'NONE',  ( 1798.109999349615200, 2000.953944204472000, -62.63603575677004200 ) ) ;
#1004 = EDGE_CURVE ( 'NONE', #139, #1544, #1284, .T. ) ;
#1005 = B_SPLINE_CURVE_WITH_KNOTS ( 'NONE', 3,
 ( #1051, #849, #645, #447, #239, #49, #1765, #1569, #1375, #1195, #999, #801, #597, #395, #194, #3, #1722, #1526, #1332, #1151, #954, #756, #547, #348, #156, #1873, #1676, #1483, #1290, #1106, #909, #706, #505, #301 ),
 .UNSPECIFIED., .F., .F.,
 ( 4, 2, 2, 2, 2, 2, 2, 2, 2, 2, 2, 2, 2, 2, 2, 2, 4 ),
 ( 0.0000000000000000000, 0.06249999999999816800, 0.1249999999999963400, 0.1874999999999969500, 0.2499999999999975600, 0.3124999999999981700, 0.3749999999999987800, 0.4374999999999993900, 0.5000000000000000000, 0.5625000000000005600, 0.6250000000000012200, 0.6875000000000017800, 0.7500000000000024400, 0.8125000000000030000, 0.8750000000000036600, 0.9375000000000017800, 1.000000000000000000 ),
 .UNSPECIFIED. ) ;
#1006 = AXIS2_PLACEMENT_3D ( 'NONE', #1782, #1584, #1387 ) ;
#1007 = CIRCLE ( 'NONE', #1064, 4.250000000000087000 ) ;
#1008 = ORIENTED_EDGE ( 'NONE', *, *, #1730, .T. ) ;
#1009 = CARTESIAN_POINT ( 'NONE',  ( 1796.839999349615000, 2014.268206208473000, 54.20143685275586200 ) ) ;
#1010 = EDGE_LOOP ( 'NONE', ( #913, #1476 ) ) ;
#1011 = CARTESIAN_POINT ( 'NONE',  ( 1796.839999349615500, 1917.266184095770300, 45.95341081139753900 ) ) ;
#1012 = CARTESIAN_POINT ( 'NONE',  ( 1796.839999349615000, 1958.986298830597000, -68.85121022484958100 ) ) ;
#1013 = EDGE_CURVE ( 'NONE', #272, #66, #1323, .T. ) ;
#1014 = CARTESIAN_POINT ( 'NONE',  ( 1796.839999349615300, 1912.741319579759900, -39.85876134105689100 ) ) ;
#1016 = CARTESIAN_POINT ( 'NONE',  ( 1767.626778469745400, 1969.999832439667200, -69.85255347054092600 ) ) ;
#1015 = APPROVAL_ROLE ( '' ) ;
#1017 = CARTESIAN_POINT ( 'NONE',  ( 1798.109999349615000, 1964.763844693683500, 80.14744637668008000 ) ) ;
#1018 = AXIS2_PLACEMENT_3D ( 'NONE', #1314, #1130, #932 ) ;
#1019 = CARTESIAN_POINT ( 'NONE',  ( 1796.839999349615000, 2036.763799704803400, -20.47156537293437500 ) ) ;
#1020 = CIRCLE ( 'NONE', #1518, 4.250000000000094100 ) ;
#1021 = ORIENTED_EDGE ( 'NONE', *, *, #101, .T. ) ;
#1022 = DIRECTION ( 'NONE',  ( 3.178877665354780500E-015, 1.000000000000000000, 0.0000000000000000000 ) ) ;
#1023 = CARTESIAN_POINT ( 'NONE',  ( 1796.839999349615000, 1950.233847213105500, 67.14248368529594300 ) ) ;
#1024 = CIRCLE ( 'NONE', #715, 4.250000000000087000 ) ;
#1025 = CARTESIAN_POINT ( 'NONE',  ( 1798.109999349614800, 1900.149832439667300, 0.1474465294591256500 ) ) ;
#1026 = DIRECTION ( 'NONE',  ( 1.000000000000000000, -0.0000000000000000000, -0.0000000000000000000 ) ) ;
#1027 = CARTESIAN_POINT ( 'NONE',  ( 1786.499999349615100, 1915.873244703140000, -31.10255347054135900 ) ) ;
#1028 = CARTESIAN_POINT ( 'NONE',  ( 1798.109999349614800, 1988.110719850029500, 67.76340944016851600 ) ) ;
#1029 = ADVANCED_FACE ( 'NONE', ( #304 ), #114, .F. ) ;
#1030 = CARTESIAN_POINT ( 'NONE',  ( 1796.839999349615000, 2017.606767171132100, -50.96627763884128400 ) ) ;
#1031 = VECTOR ( 'NONE', #674, 1000.000000000000200 ) ;
#1032 = ORIENTED_EDGE ( 'NONE', *, *, #319, .T. ) ;
#1033 = EDGE_LOOP ( 'NONE', ( #1751, #32, #1554, #430 ) ) ;
#1034 = ORIENTED_EDGE ( 'NONE', *, *, #1077, .F. ) ;
#1035 = DIRECTION ( 'NONE',  ( 1.000000000000000000, -0.0000000000000000000, -0.0000000000000000000 ) ) ;
#1036 = DIRECTION ( 'NONE',  ( 1.000000000000000000, -0.0000000000000000000, -0.0000000000000000000 ) ) ;
#1037 = AXIS2_PLACEMENT_3D ( 'NONE', #1874, #1678, #1486 ) ;
#1038 = LINE ( 'NONE', #837, #1190 ) ;
#1039 = CARTESIAN_POINT ( 'NONE',  ( 1806.999999349615100, 2024.126420176194600, -31.10255347054113900 ) ) ;
#1040 = ADVANCED_FACE ( 'NONE', ( #394 ), #523, .F. ) ;
#1041 = CARTESIAN_POINT ( 'NONE',  ( 1796.839999349615000, 2027.374615991225500, 39.98660164794567600 ) ) ;
#1042 = LINE ( 'NONE', #840, #1254 ) ;
#1043 = CARTESIAN_POINT ( 'NONE',  ( 1796.839999349615000, 1980.793143291927700, -68.86611177535863200 ) ) ;
#1044 = ORIENTED_EDGE ( 'NONE', *, *, #258, .T. ) ;
#1045 = ADVANCED_FACE ( 'NONE', ( #543 ), #560, .T. ) ;
#1046 = ORIENTED_EDGE ( 'NONE', *, *, #1760, .T. ) ;
#1047 = DIRECTION ( 'NONE',  ( 1.000000000000000000, -0.0000000000000000000, -0.0000000000000000000 ) ) ;
#1048 = CARTESIAN_POINT ( 'NONE',  ( 1806.999999349615100, 1969.999832439667200, 79.14744637668019300 ) ) ;
#1049 = CARTESIAN_POINT ( 'NONE',  ( 1806.999999349615100, 1969.999832439667200, 0.1474465294591179000 ) ) ;
#1050 = FACE_OUTER_BOUND ( 'NONE', #905, .T. ) ;
#1051 = CARTESIAN_POINT ( 'NONE',  ( 1798.109999349615200, 1969.999832439667400, -79.85255331776187400 ) ) ;
#1052 = CARTESIAN_POINT ( 'NONE',  ( 1796.839999349615000, 1900.648818661247600, 8.483659347516651300 ) ) ;
#1053 = DIRECTION ( 'NONE',  ( 0.0000000000000000000, 0.0000000000000000000, -1.000000000000000000 ) ) ;
#1054 = CARTESIAN_POINT ( 'NONE',  ( 1796.839999349615000, 2008.757171350341200, 58.27745327770009700 ) ) ;
#1055 = ORIENTED_EDGE ( 'NONE', *, *, #409, .F. ) ;
#1056 = CARTESIAN_POINT ( 'NONE',  ( 1796.839999349615000, 1912.410971555919800, 39.67665034276569000 ) ) ;
#1057 = CARTESIAN_POINT ( 'NONE',  ( 1796.839999349615000, 1966.124089293131900, -69.62520505737084900 ) ) ;
#1058 = CARTESIAN_POINT ( 'NONE',  ( 1796.839999349615300, 1917.734117568109700, -46.19217328395904300 ) ) ;
#1060 = DIRECTION ( 'NONE',  ( 1.000000000000000000, -0.0000000000000000000, -0.0000000000000000000 ) ) ;
#1059 = SHAPE_DEFINITION_REPRESENTATION ( #727, #1319 ) ;
#1061 = CARTESIAN_POINT ( 'NONE',  ( 1786.499999349615100, 1969.999832439667400, 62.64744652945911000 ) ) ;
#1062 = CARTESIAN_POINT ( 'NONE',  ( 1796.839999349615000, 2039.328721506190000, -8.370768818823927800 ) ) ;
#1063 = ORIENTED_EDGE ( 'NONE', *, *, #1556, .F. ) ;
#1064 = AXIS2_PLACEMENT_3D ( 'NONE', #1845, #1647, #1456 ) ;
#1065 = CARTESIAN_POINT ( 'NONE',  ( 1798.109999349614800, 1903.717344034069400, -22.35931720713946200 ) ) ;
#1066 = CARTESIAN_POINT ( 'NONE',  ( 1796.839999349615000, 1939.282437226460200, 62.88074050539636800 ) ) ;
#1067 = CARTESIAN_POINT ( 'NONE',  ( 1796.839999349615000, 1928.186903696267800, -55.80524371572590100 ) ) ;
#1068 = VECTOR ( 'NONE', #1818, 1000.000000000000000 ) ;
#1069 = CARTESIAN_POINT ( 'NONE',  ( 1796.839999349615500, 1901.943674563390900, -15.64711005118621800 ) ) ;
#1070 = DIRECTION ( 'NONE',  ( 0.0000000000000000000, 0.0000000000000000000, -1.000000000000000000 ) ) ;
#1071 = CARTESIAN_POINT ( 'NONE',  ( 1798.109999349615200, 1949.257226998550100, -77.29388521751947400 ) ) ;
#1072 = CIRCLE ( 'NONE', #991, 4.249999999999865000 ) ;
#1073 = DIRECTION ( 'NONE',  ( 1.000000000000000000, -0.0000000000000000000, -0.0000000000000000000 ) ) ;
#1074 = CARTESIAN_POINT ( 'NONE',  ( 1796.839999349615500, 2022.999739226724600, -45.35067346011241800 ) ) ;
#1075 = ORIENTED_EDGE ( 'NONE', *, *, #250, .F. ) ;
#1076 = VERTEX_POINT ( 'NONE', #1096 ) ;
#1077 = EDGE_CURVE ( 'NONE', #1371, #755, #1726, .T. ) ;
#1078 = AXIS2_PLACEMENT_3D ( 'NONE', #422, #1351, #1175 ) ;
#1079 = CARTESIAN_POINT ( 'NONE',  ( 1786.499999349615100, 1969.999832439667400, 58.39744652945902500 ) ) ;
#1080 = CYLINDRICAL_SURFACE ( 'NONE', #1523, 40.00000000000001400 ) ;
#1081 = EDGE_CURVE ( 'NONE', #1645, #431, #81, .T. ) ;
#1082 = CARTESIAN_POINT ( 'NONE',  ( 1798.109999349615200, 1969.999832439667400, -79.85255331776187400 ) ) ;
#1083 = DIRECTION ( 'NONE',  ( 1.000000000000000000, -0.0000000000000000000, -0.0000000000000000000 ) ) ;
#1084 = DIRECTION ( 'NONE',  ( 0.0000000000000000000, 0.0000000000000000000, -1.000000000000000000 ) ) ;
#1085 = CARTESIAN_POINT ( 'NONE',  ( 1796.839999349614800, 2022.523659968009300, 46.19385188266699800 ) ) ;
#1086 = CARTESIAN_POINT ( 'NONE',  ( 1783.946341718748000, 2024.126420176194600, 31.39744652945930500 ) ) ;
#1087 = CARTESIAN_POINT ( 'NONE',  ( 1796.839999349615300, 1990.388526652708400, -66.66148946889575200 ) ) ;
#1088 = AXIS2_PLACEMENT_3D ( 'NONE', #873, #667, #470 ) ;
#1089 = ORIENTED_EDGE ( 'NONE', *, *, #1453, .T. ) ;
#1090 = EDGE_CURVE ( 'NONE', #741, #1179, #1402, .T. ) ;
#1091 = EDGE_LOOP ( 'NONE', ( #581, #1360, #786, #1555 ) ) ;
#1092 = DIRECTION ( 'NONE',  ( 1.000000000000000000, -0.0000000000000000000, -0.0000000000000000000 ) ) ;
#1093 = CONICAL_SURFACE ( 'NONE', #1374, 4.250000000000087000, 1.029744258676665000 ) ;
#1094 = LINE ( 'NONE', #95, #1068 ) ;
#1095 = CARTESIAN_POINT ( 'NONE',  ( 1805.999999349615300, 1969.999832439667200, 0.1474465294591179000 ) ) ;
#1096 = CARTESIAN_POINT ( 'NONE',  ( 1786.499999349615100, 2024.126420176194600, 27.14744652945944000 ) ) ;
#1097 = CARTESIAN_POINT ( 'NONE',  ( 1796.839999349615000, 2038.953149234264600, 11.34494612222147900 ) ) ;
#1098 = CARTESIAN_POINT ( 'NONE',  ( 1798.109999349615200, 2039.399573201289100, -8.995784045831722900 ) ) ;
#1099 = ADVANCED_FACE ( 'NONE', ( #880 ), #608, .T. ) ;
#1100 = AXIS2_PLACEMENT_3D ( 'NONE', #149, #1862, #1666 ) ;
#1101 = ORIENTED_EDGE ( 'NONE', *, *, #1499, .F. ) ;
#1102 = CARTESIAN_POINT ( 'NONE',  ( 1796.839999349614600, 1999.042930353532000, 63.67667149502741400 ) ) ;
#1103 = ORIENTED_EDGE ( 'NONE', *, *, #1565, .T. ) ;
#1104 = FACE_BOUND ( 'NONE', #1264, .T. ) ;
#1105 = CARTESIAN_POINT ( 'NONE',  ( 1796.839999349615000, 1908.083315686643800, 32.48041197127871300 ) ) ;
#1106 = CARTESIAN_POINT ( 'NONE',  ( 1798.109999349615200, 1995.777085059414000, 76.06153475166718200 ) ) ;
#1107 = CARTESIAN_POINT ( 'NONE',  ( 1796.839999349615000, 1923.365154558516000, -51.85626643829969900 ) ) ;
#1109 = LINE ( 'NONE', #911, #1669 ) ;
#1108 =( NAMED_UNIT ( * ) SI_UNIT ( $, .STERADIAN. ) SOLID_ANGLE_UNIT ( ) );
#1110 = VECTOR ( 'NONE', #920, 1000.000000000000000 ) ;
#1111 = DIRECTION ( 'NONE',  ( 1.000000000000000000, -0.0000000000000000000, -0.0000000000000000000 ) ) ;
#1112 = VECTOR ( 'NONE', #1136, 1000.000000000000000 ) ;
#1113 = ORIENTED_EDGE ( 'NONE', *, *, #936, .F. ) ;
#1114 = CARTESIAN_POINT ( 'NONE',  ( 1798.109999349614800, 1951.888945029304800, -67.46851638125026800 ) ) ;
#1115 = CARTESIAN_POINT ( 'NONE',  ( 1796.839999349614800, 1928.030145016750600, 55.98263348886691700 ) ) ;
#1116 = CARTESIAN_POINT ( 'NONE',  ( 1796.839999349615300, 1939.447083617235000, -62.66618431170499500 ) ) ;
#1117 = CARTESIAN_POINT ( 'NONE',  ( 1796.839999349615000, 1904.957463935895000, -25.31861364621214600 ) ) ;
#1119 = CARTESIAN_POINT ( 'NONE',  ( 1806.999999349615100, 2024.126420176194600, 35.64744652945917400 ) ) ;
#1118 = DATE_AND_TIME ( #504, #688 ) ;
#1120 = CARTESIAN_POINT ( 'NONE',  ( 1798.109999349615200, 1894.085744217459700, -25.62980609028790400 ) ) ;
#1121 = CARTESIAN_POINT ( 'NONE',  ( 1806.999999349615100, 1969.999832439667200, 0.1474465294591179000 ) ) ;
#1122 = CARTESIAN_POINT ( 'NONE',  ( 1796.839999349614800, 2028.086273900660000, -38.64931965901616500 ) ) ;
#1123 = ORIENTED_EDGE ( 'NONE', *, *, #980, .F. ) ;
#1124 = CYLINDRICAL_SURFACE ( 'NONE', #459, 4.249999999999865000 ) ;
#1125 = CARTESIAN_POINT ( 'NONE',  ( 1796.839999349615000, 1969.999832439667200, 0.1474465294591179000 ) ) ;
#1126 = LINE ( 'NONE', #929, #1440 ) ;
#1127 = CARTESIAN_POINT ( 'NONE',  ( 1806.999999349615100, 1915.873244703139800, 35.64744652945894600 ) ) ;
#1128 = DIRECTION ( 'NONE',  ( 0.0000000000000000000, 0.0000000000000000000, -1.000000000000000000 ) ) ;
#1129 = EDGE_CURVE ( 'NONE', #796, #924, #1007, .T. ) ;
#1130 = DIRECTION ( 'NONE',  ( -1.000000000000000000, 0.0000000000000000000, -0.0000000000000000000 ) ) ;
#1131 = CARTESIAN_POINT ( 'NONE',  ( 1796.839999349615300, 2001.043569329778200, -62.42525971091499300 ) ) ;
#1132 = ORIENTED_EDGE ( 'NONE', *, *, #1887, .F. ) ;
#1133 = FACE_OUTER_BOUND ( 'NONE', #318, .T. ) ;
#1134 = ORIENTED_EDGE ( 'NONE', *, *, #258, .F. ) ;
#1135 = DIRECTION ( 'NONE',  ( 1.000000000000000000, 0.0000000000000000000, 0.0000000000000000000 ) ) ;
#1136 = DIRECTION ( 'NONE',  ( 0.7071067811864617500, 0.0000000000000000000, -0.7071067811866333900 ) ) ;
#1137 = DIRECTION ( 'NONE',  ( 1.000000000000000000, -1.589438832677390200E-015, 0.0000000000000000000 ) ) ;
#1138 = CARTESIAN_POINT ( 'NONE',  ( 1806.999999349615100, 1915.873244703140000, -35.35255347054145100 ) ) ;
#1139 = CARTESIAN_POINT ( 'NONE',  ( 1796.839999349615700, 2035.620337404839800, 24.12649464538487700 ) ) ;
#1140 = CARTESIAN_POINT ( 'NONE',  ( 1786.499999349615100, 1969.999832439667400, 66.89744652945920200 ) ) ;
#1141 = ORIENTED_EDGE ( 'NONE', *, *, #1419, .F. ) ;
#1142 = CONICAL_SURFACE ( 'NONE', #1883, 4.250000000000087000, 1.029744258676665000 ) ;
#1143 = FACE_OUTER_BOUND ( 'NONE', #150, .T. ) ;
#1144 = CYLINDRICAL_SURFACE ( 'NONE', #1100, 4.249999999999865000 ) ;
#1145 = EDGE_LOOP ( 'NONE', ( #1202, #1577, #1775 ) ) ;
#1146 = CARTESIAN_POINT ( 'NONE',  ( 1796.839999349615300, 1988.818934654584600, 67.41519407729521200 ) ) ;
#1147 = CYLINDRICAL_SURFACE ( 'NONE', #1006, 4.999999999999893400 ) ;
#1148 = VERTEX_POINT ( 'NONE', #1079 ) ;
#1149 = AXIS2_PLACEMENT_3D ( 'NONE', #1224, #1036, #836 ) ;
#1150 = EDGE_CURVE ( 'NONE', #979, #1868, #1266, .T. ) ;
#1151 = CARTESIAN_POINT ( 'NONE',  ( 1798.109999349615200, 2047.441164186645700, 20.89005197057609600 ) ) ;
#1152 = CARTESIAN_POINT ( 'NONE',  ( 1786.499999349615100, 1969.999832439667000, -62.35255347054088300 ) ) ;
#1154 = CARTESIAN_POINT ( 'NONE',  ( 1805.999999349615300, 1969.999832439667200, 0.1474465294591179000 ) ) ;
#1153 = DIRECTION ( 'NONE',  ( 1.000000000000000000, 0.0000000000000000000, 0.0000000000000000000 ) ) ;
#1155 = EDGE_CURVE ( 'NONE', #1532, #1692, #274, .T. ) ;
#1156 = FACE_OUTER_BOUND ( 'NONE', #1659, .T. ) ;
#1157 = ADVANCED_FACE ( 'NONE', ( #1355 ), #1865, .F. ) ;
#1158 = ORIENTED_EDGE ( 'NONE', *, *, #702, .T. ) ;
#1159 = CARTESIAN_POINT ( 'NONE',  ( 1796.839999349615500, 2019.665202119803800, 49.29126484935255800 ) ) ;
#1160 = ORIENTED_EDGE ( 'NONE', *, *, #1738, .F. ) ;
#1161 = CARTESIAN_POINT ( 'NONE',  ( 1796.839999349615700, 1922.478773346591900, 51.34093087921701200 ) ) ;
#1162 = CARTESIAN_POINT ( 'NONE',  ( 1796.839999349615000, 1950.468196011188900, -66.91623834034807300 ) ) ;
#1163 = ADVANCED_FACE ( 'NONE', ( #853 ), #1621, .F. ) ;
#1164 = CARTESIAN_POINT ( 'NONE',  ( 1796.839999349615000, 1908.506904172685800, -32.98342489038402900 ) ) ;
#1166 = DIRECTION ( 'NONE',  ( 0.0000000000000000000, 0.0000000000000000000, -1.000000000000000000 ) ) ;
#1165 = APPROVAL_ROLE ( '' ) ;
#1167 = CARTESIAN_POINT ( 'NONE',  ( 1798.109999349615500, 1906.391222514618900, 48.94662978732169700 ) ) ;
#1168 = CARTESIAN_POINT ( 'NONE',  ( 1806.999999349615100, 1969.999832439667000, -58.10255347054079800 ) ) ;
#1169 = CARTESIAN_POINT ( 'NONE',  ( 1796.839999349614600, 2032.744108193315700, -30.56137321102520200 ) ) ;
#1170 = ADVANCED_FACE ( 'NONE', ( #1632 ), #572, .F. ) ;
#1171 = ORIENTED_EDGE ( 'NONE', *, *, #1414, .F. ) ;
#1172 = CARTESIAN_POINT ( 'NONE',  ( 1796.839999349615000, 1959.966359233681000, 69.27369104911291200 ) ) ;
#1173 = CIRCLE ( 'NONE', #151, 4.249999999999865000 ) ;
#1174 = CARTESIAN_POINT ( 'NONE',  ( 1798.109999349614800, 1923.841083911603200, 52.77151533315573300 ) ) ;
#1175 = DIRECTION ( 'NONE',  ( 0.0000000000000000000, 0.0000000000000000000, -1.000000000000000000 ) ) ;
#1176 = CARTESIAN_POINT ( 'NONE',  ( 1798.109999349615000, 2032.783314725896200, 31.10155829426355500 ) ) ;
#1177 = EDGE_CURVE ( 'NONE', #223, #1509, #35, .T. ) ;
#1178 = CARTESIAN_POINT ( 'NONE',  ( 1796.839999349614800, 2012.118553640454400, -55.57548770955477100 ) ) ;
#1179 = VERTEX_POINT ( 'NONE', #1183 ) ;
#1180 = ORIENTED_EDGE ( 'NONE', *, *, #870, .F. ) ;
#1181 = EDGE_LOOP ( 'NONE', ( #878, #1843 ) ) ;
#1182 = VERTEX_POINT ( 'NONE', #984 ) ;
#1183 = CARTESIAN_POINT ( 'NONE',  ( 1796.839999349615000, 1969.999832439667200, 70.14744652945917400 ) ) ;
#1184 = CARTESIAN_POINT ( 'NONE',  ( 1791.995696254477300, 1907.500012413023600, -0.002542260550707735700 ) ) ;
#1185 = DIRECTION ( 'NONE',  ( 0.7071067811864690800, 0.0000000000000000000, 0.7071067811866260700 ) ) ;
#1186 = DIRECTION ( 'NONE',  ( 1.000000000000000000, -0.0000000000000000000, -0.0000000000000000000 ) ) ;
#1187 = EDGE_CURVE ( 'NONE', #1702, #1532, #1361, .T. ) ;
#1188 = CARTESIAN_POINT ( 'NONE',  ( 1796.839999349615300, 2031.592447279276500, 33.09246125351528200 ) ) ;
#1189 = CARTESIAN_POINT ( 'NONE',  ( 1796.839999349614600, 1973.105269229496100, -69.70246121176016600 ) ) ;
#1190 = VECTOR ( 'NONE', #632, 1000.000000000000000 ) ;
#1191 = ORIENTED_EDGE ( 'NONE', *, *, #1802, .F. ) ;
#1192 = EDGE_LOOP ( 'NONE', ( #442, #1046, #843 ) ) ;
#1193 = CARTESIAN_POINT ( 'NONE',  ( 1796.839999349615000, 1978.935406649682100, 69.42366372417241400 ) ) ;
#1194 = AXIS2_PLACEMENT_3D ( 'NONE', #629, #432, #224 ) ;
#1195 = CARTESIAN_POINT ( 'NONE',  ( 1798.109999349615200, 2030.270777267954100, -52.71869341603891700 ) ) ;
#1196 = VECTOR ( 'NONE', #493, 999.9999999999998900 ) ;
#1197 = CARTESIAN_POINT ( 'NONE',  ( 1796.839999349615300, 1902.277192145063500, 17.25517205146120900 ) ) ;
#1198 = CARTESIAN_POINT ( 'NONE',  ( 1786.499999349615100, 1915.873244703139800, 31.39744652945886100 ) ) ;
#1199 = CARTESIAN_POINT ( 'NONE',  ( 1798.109999349615500, 2005.005207029115800, -60.47059066233489900 ) ) ;
#1200 = ORIENTED_EDGE ( 'NONE', *, *, #1436, .F. ) ;
#1201 = CARTESIAN_POINT ( 'NONE',  ( 1796.839999349615700, 2012.864875061656000, 55.31117870483244300 ) ) ;
#1202 = ORIENTED_EDGE ( 'NONE', *, *, #835, .F. ) ;
#1203 = CARTESIAN_POINT ( 'NONE',  ( 1796.839999349615000, 1917.186129573637300, 45.86119451696309600 ) ) ;
#1204 = CARTESIAN_POINT ( 'NONE',  ( 1796.839999349615300, 1960.741313309262500, -69.08623376553281000 ) ) ;
#1205 = CARTESIAN_POINT ( 'NONE',  ( 1796.839999349615300, 1912.904764102121800, -40.09211371983519700 ) ) ;
#1207 = LINE ( 'NONE', #1016, #55 ) ;
#1206 = APPROVAL_STATUS ( 'not_yet_approved' ) ;
#1208 = CARTESIAN_POINT ( 'NONE',  ( 1798.109999349615200, 1969.999832439667400, 80.14744637668010800 ) ) ;
#1209 = CARTESIAN_POINT ( 'NONE',  ( 1796.839999349615000, 2037.350664656693200, -18.42432971001762000 ) ) ;
#1210 = ORIENTED_EDGE ( 'NONE', *, *, #626, .F. ) ;
#1211 = DIRECTION ( 'NONE',  ( 1.000000000000000000, -1.589438832677390200E-015, 0.0000000000000000000 ) ) ;
#1212 = CARTESIAN_POINT ( 'NONE',  ( 1796.839999349615000, 1950.026069769134200, 67.08098540380936500 ) ) ;
#1213 = CARTESIAN_POINT ( 'NONE',  ( 1796.839999349615000, 1900.149832439667300, 0.1474465294591187100 ) ) ;
#1214 = CARTESIAN_POINT ( 'NONE',  ( 1791.995696254477300, 2032.499652466310900, 0.2974353194689435800 ) ) ;
#1215 = CARTESIAN_POINT ( 'NONE',  ( 1786.499999349615100, 2024.126420176194600, 35.64744652945917400 ) ) ;
#1216 = EDGE_CURVE ( 'NONE', #764, #924, #380, .T. ) ;
#1217 = CARTESIAN_POINT ( 'NONE',  ( 1798.109999349615700, 1979.143063014958700, 69.54718729108098800 ) ) ;
#1218 = CARTESIAN_POINT ( 'NONE',  ( 1796.839999349615300, 2017.806649288180800, -50.77969314165645900 ) ) ;
#1219 = ORIENTED_EDGE ( 'NONE', *, *, #1644, .F. ) ;
#1220 = EDGE_LOOP ( 'NONE', ( #1055, #1826, #1429 ) ) ;
#1221 = EDGE_LOOP ( 'NONE', ( #1063, #867 ) ) ;
#1222 = CARTESIAN_POINT ( 'NONE',  ( 1806.999999349615100, 1969.999832439667400, 62.64744652945911000 ) ) ;
#1223 = EDGE_CURVE ( 'NONE', #1623, #476, #1513, .T. ) ;
#1224 = CARTESIAN_POINT ( 'NONE',  ( 1786.499999349615100, 1969.999832439667400, 62.64744652945911000 ) ) ;
#1225 = DIRECTION ( 'NONE',  ( 0.0000000000000000000, 0.0000000000000000000, -1.000000000000000000 ) ) ;
#1226 = DIRECTION ( 'NONE',  ( 0.0000000000000000000, 0.0000000000000000000, -1.000000000000000000 ) ) ;
#1227 = CARTESIAN_POINT ( 'NONE',  ( 1796.839999349615300, 2027.328141272157400, 40.05344904153010100 ) ) ;
#1228 = VECTOR ( 'NONE', #1736, 1000.000000000000000 ) ;
#1229 = CARTESIAN_POINT ( 'NONE',  ( 1806.999999349615100, 1969.999832439667000, -66.60255347054098300 ) ) ;
#1230 = CARTESIAN_POINT ( 'NONE',  ( 1796.839999349615500, 1982.308283576202900, -68.61952236392416200 ) ) ;
#1231 = ORIENTED_EDGE ( 'NONE', *, *, #1743, .F. ) ;
#1232 = VECTOR ( 'NONE', #1707, 999.9999999999998900 ) ;
#1233 = EDGE_LOOP ( 'NONE', ( #1552, #1749, #30 ) ) ;
#1234 = CARTESIAN_POINT ( 'NONE',  ( 1806.999999349615100, 2032.499652466310900, 5.297435319468837300 ) ) ;
#1235 = LINE ( 'NONE', #1048, #1241 ) ;
#1236 = CIRCLE ( 'NONE', #1893, 4.999999999999893400 ) ;
#1237 = DIRECTION ( 'NONE',  ( 0.5150380749100451600, 1.049727191138625200E-016, 0.8571673007021177700 ) ) ;
#1238 = DIRECTION ( 'NONE',  ( 0.0000000000000000000, 0.0000000000000000000, -1.000000000000000000 ) ) ;
#1239 = CARTESIAN_POINT ( 'NONE',  ( 1796.839999349615300, 1900.606348766745400, 8.122467862483642200 ) ) ;
#1240 = DIRECTION ( 'NONE',  ( 1.000000000000000000, -0.0000000000000000000, -0.0000000000000000000 ) ) ;
#1241 = VECTOR ( 'NONE', #845, 1000.000000000000100 ) ;
#1242 = AXIS2_PLACEMENT_3D ( 'NONE', #1627, #1434, #1249 ) ;
#1243 = CIRCLE ( 'NONE', #766, 4.250000000000087000 ) ;
#1244 = CARTESIAN_POINT ( 'NONE',  ( 1796.839999349615000, 2005.508756230677800, 60.37038935982285200 ) ) ;
#1245 = EDGE_LOOP ( 'NONE', ( #1263, #248, #1180, #1455 ) ) ;
#1246 = CARTESIAN_POINT ( 'NONE',  ( 1796.839999349615000, 1912.244198207766400, 39.43305831714642600 ) ) ;
#1247 = CARTESIAN_POINT ( 'NONE',  ( 1796.839999349615500, 1968.447416634061300, -69.70250734822376200 ) ) ;
#1248 = CARTESIAN_POINT ( 'NONE',  ( 1796.839999349615000, 1918.097735131306800, -46.60046274742634900 ) ) ;
#1250 = CARTESIAN_POINT ( 'NONE',  ( 1786.499999349615100, 1915.873244703140000, -31.10255347054135900 ) ) ;
#1249 = DIRECTION ( 'NONE',  ( 1.000000000000000000, 0.0000000000000000000, 0.0000000000000000000 ) ) ;
#1251 = CARTESIAN_POINT ( 'NONE',  ( 1796.839999349614600, 2039.350846218164600, -8.188766290508544500 ) ) ;
#1252 = ORIENTED_EDGE ( 'NONE', *, *, #1457, .F. ) ;
#1253 = CARTESIAN_POINT ( 'NONE',  ( 1798.109999349615000, 1907.216350153438300, -30.80666523534526000 ) ) ;
#1254 = VECTOR ( 'NONE', #636, 1000.000000000000000 ) ;
#1255 = CARTESIAN_POINT ( 'NONE',  ( 1796.839999349615000, 1939.173562823919800, 62.82736444400877200 ) ) ;
#1256 = CARTESIAN_POINT ( 'NONE',  ( 1796.839999349615500, 1928.284068462674200, -55.87778057159162200 ) ) ;
#1257 = CARTESIAN_POINT ( 'NONE',  ( 1796.839999349615000, 1902.321274999242400, -17.13385522271209300 ) ) ;
#1258 = DIRECTION ( 'NONE',  ( 1.000000000000000000, -0.0000000000000000000, -0.0000000000000000000 ) ) ;
#1259 = CARTESIAN_POINT ( 'NONE',  ( 1798.109999349615500, 1944.222579819920200, -75.76664169274894800 ) ) ;
#1260 = CARTESIAN_POINT ( 'NONE',  ( 1794.999999349615100, 2032.499652466310900, 0.2974353194689435800 ) ) ;
#1261 = CARTESIAN_POINT ( 'NONE',  ( 1796.839999349615000, 2023.369787249380100, -44.91759083879073000 ) ) ;
#1262 = FACE_OUTER_BOUND ( 'NONE', #817, .T. ) ;
#1263 = ORIENTED_EDGE ( 'NONE', *, *, #441, .F. ) ;
#1264 = EDGE_LOOP ( 'NONE', ( #271, #521 ) ) ;
#1265 = ADVANCED_FACE ( 'NONE', ( #1535 ), #1525, .F. ) ;
#1266 = LINE ( 'NONE', #883, #1031 ) ;
#1267 = LINE ( 'NONE', #884, #1537 ) ;
#1268 = CARTESIAN_POINT ( 'NONE',  ( 1794.999999349615100, 2032.499652466310900, 0.2974353194689435800 ) ) ;
#1269 = DIRECTION ( 'NONE',  ( 1.000000000000000000, -0.0000000000000000000, -0.0000000000000000000 ) ) ;
#1270 = ADVANCED_FACE ( 'NONE', ( #1143 ), #492, .F. ) ;
#1271 = CARTESIAN_POINT ( 'NONE',  ( 1806.999999349615100, 2032.499652466310900, 0.2974353194689435800 ) ) ;
#1272 = CARTESIAN_POINT ( 'NONE',  ( 1796.839999349615000, 1991.215896343960400, -66.40585847021662900 ) ) ;
#1273 = EDGE_LOOP ( 'NONE', ( #1231, #1610, #1811 ) ) ;
#1274 = AXIS2_PLACEMENT_3D ( 'NONE', #647, #450, #242 ) ;
#1275 = CYLINDRICAL_SURFACE ( 'NONE', #340, 4.999999999999893400 ) ;
#1276 = ORIENTED_EDGE ( 'NONE', *, *, #1699, .T. ) ;
#1277 = CARTESIAN_POINT ( 'NONE',  ( 1786.499999349615100, 1915.873244703140000, -31.10255347054135900 ) ) ;
#1278 = DIRECTION ( 'NONE',  ( 1.000000000000000000, -0.0000000000000000000, -0.0000000000000000000 ) ) ;
#1279 = DIRECTION ( 'NONE',  ( 0.5150380749100451600, 0.0000000000000000000, -0.8571673007021177700 ) ) ;
#1280 = DIRECTION ( 'NONE',  ( 0.0000000000000000000, 0.0000000000000000000, -1.000000000000000000 ) ) ;
#1281 = CARTESIAN_POINT ( 'NONE',  ( 1796.839999349615300, 2038.523238170785400, 13.83046471007792500 ) ) ;
#1282 = CARTESIAN_POINT ( 'NONE',  ( 1798.109999349615700, 2039.849832439667100, -4.424225279983545500 ) ) ;
#1283 = ADVANCED_FACE ( 'NONE', ( #854 ), #1438, .T. ) ;
#1284 = CIRCLE ( 'NONE', #266, 78.99999984722109000 ) ;
#1285 = ORIENTED_EDGE ( 'NONE', *, *, #1306, .T. ) ;
#1286 = CARTESIAN_POINT ( 'NONE',  ( 1796.839999349614800, 1997.464403716297700, 64.38507242013899700 ) ) ;
#1287 = ORIENTED_EDGE ( 'NONE', *, *, #1013, .F. ) ;
#1288 = CIRCLE ( 'NONE', #823, 4.999999999999893400 ) ;
#1289 = CARTESIAN_POINT ( 'NONE',  ( 1796.839999349615000, 1907.803273950683200, 31.94090963215186800 ) ) ;
#1290 = CARTESIAN_POINT ( 'NONE',  ( 1798.109999349615000, 2005.451928881402900, 72.05408322675808100 ) ) ;
#1291 = CARTESIAN_POINT ( 'NONE',  ( 1796.839999349615300, 1924.145396353010000, -52.54999974470053600 ) ) ;
#1292 = CARTESIAN_POINT ( 'NONE',  ( 1806.999999349615100, 1915.873244703139800, 31.39744652945886100 ) ) ;
#1293 = ADVANCED_FACE ( 'NONE', ( #1658 ), #1318, .F. ) ;
#1294 = CARTESIAN_POINT ( 'NONE',  ( 1806.999999349615100, 1969.999832439667000, -62.35255347054088300 ) ) ;
#1295 = ORIENTED_EDGE ( 'NONE', *, *, #418, .T. ) ;
#1296 = CARTESIAN_POINT ( 'NONE',  ( 1798.109999349615700, 1960.856601864376200, -69.25229423216271100 ) ) ;
#1297 = CARTESIAN_POINT ( 'NONE',  ( 1796.839999349615000, 1927.985404646711000, 55.94899369221526100 ) ) ;
#1298 = CARTESIAN_POINT ( 'NONE',  ( 1796.839999349615700, 1939.488851891329200, -62.68649467479483000 ) ) ;
#1299 = FACE_BOUND ( 'NONE', #1317, .T. ) ;
#1300 = CARTESIAN_POINT ( 'NONE',  ( 1796.839999349615500, 1905.021007770542800, -25.48031930124778600 ) ) ;
#1302 = LINE ( 'NONE', #1119, #1110 ) ;
#1301 = PERSON_AND_ORGANIZATION_ROLE ( 'classification_officer' ) ;
#1303 = CARTESIAN_POINT ( 'NONE',  ( 1798.109999349614800, 1892.558500692688500, -20.59515891165786200 ) ) ;
#1304 = DIRECTION ( 'NONE',  ( 0.5150380749100725900, 1.049727191138605100E-016, 0.8571673007021012300 ) ) ;
#1305 = CARTESIAN_POINT ( 'NONE',  ( 1796.839999349614600, 2028.736930448276600, -37.66498232073041700 ) ) ;
#1306 = EDGE_CURVE ( 'NONE', #893, #1863, #986, .T. ) ;
#1307 = ORIENTED_EDGE ( 'NONE', *, *, #1608, .F. ) ;
#1308 = CARTESIAN_POINT ( 'NONE',  ( 1796.839999349615300, 1969.999832439667400, 69.99744652945911100 ) ) ;
#1309 = EDGE_CURVE ( 'NONE', #961, #729, #107, .T. ) ;
#1310 = CARTESIAN_POINT ( 'NONE',  ( 1806.999999349615100, 2024.126420176194600, 31.39744652945930500 ) ) ;
#1311 = AXIS2_PLACEMENT_3D ( 'NONE', #735, #527, #326 ) ;
#1312 = LINE ( 'NONE', #1127, #1744 ) ;
#1313 = DIRECTION ( 'NONE',  ( -1.000000000000000000, 0.0000000000000000000, -0.0000000000000000000 ) ) ;
#1314 = CARTESIAN_POINT ( 'NONE',  ( 1796.839999349615000, 1969.999832439667200, 0.1474465294591179000 ) ) ;
#1315 = CARTESIAN_POINT ( 'NONE',  ( 1796.839999349615300, 2001.477377743471200, -62.20899816315805700 ) ) ;
#1316 = ORIENTED_EDGE ( 'NONE', *, *, #1401, .T. ) ;
#1317 = EDGE_LOOP ( 'NONE', ( #1307, #971 ) ) ;
#1318 = CONICAL_SURFACE ( 'NONE', #1880, 4.250000000000087000, 1.029744258676665000 ) ;
#1319 = ADVANCED_BREP_SHAPE_REPRESENTATION ( '6-Asix', ( #881, #1242 ), #284 ) ;
#1320 = CARTESIAN_POINT ( 'NONE',  ( 1806.999999349615100, 1969.999832439667200, -79.85255331776186000 ) ) ;
#1321 = CARTESIAN_POINT ( 'NONE',  ( 1805.999999349615100, 1969.999832439667200, -39.85255347054089700 ) ) ;
#1322 = CARTESIAN_POINT ( 'NONE',  ( 1798.109999349614800, 1900.149832439667300, 0.1474465294591264800 ) ) ;
#1323 = LINE ( 'NONE', #1138, #472 ) ;
#1324 = EDGE_CURVE ( 'NONE', #139, #640, #1235, .T. ) ;
#1325 = CARTESIAN_POINT ( 'NONE',  ( 1796.839999349615300, 2035.073114558589900, 25.53441639957224000 ) ) ;
#1326 = LINE ( 'NONE', #1140, #401 ) ;
#1327 = ORIENTED_EDGE ( 'NONE', *, *, #638, .T. ) ;
#1328 = VERTEX_POINT ( 'NONE', #643 ) ;
#1329 = AXIS2_PLACEMENT_3D ( 'NONE', #94, #1815, #1615 ) ;
#1330 = CARTESIAN_POINT ( 'NONE',  ( 1796.839999349615000, 1988.078555000924100, 67.61986279771080900 ) ) ;
#1331 = VECTOR ( 'NONE', #1857, 999.9999999999998900 ) ;
#1332 = CARTESIAN_POINT ( 'NONE',  ( 1798.109999349615000, 2049.484145257518300, 10.61929255131124900 ) ) ;
#1333 = DIRECTION ( 'NONE',  ( 0.0000000000000000000, 0.0000000000000000000, -1.000000000000000000 ) ) ;
#1334 = CARTESIAN_POINT ( 'NONE',  ( 1767.626778469745400, 1969.999832439667200, 70.14744652945917400 ) ) ;
#1335 = FACE_OUTER_BOUND ( 'NONE', #1701, .T. ) ;
#1336 = ORIENTED_EDGE ( 'NONE', *, *, #98, .F. ) ;
#1337 = CARTESIAN_POINT ( 'NONE',  ( 1796.839999349615700, 2018.324189526145100, 50.59883826902289200 ) ) ;
#1338 = EDGE_LOOP ( 'NONE', ( #1336, #1727, #10, #1158 ) ) ;
#1339 = FACE_OUTER_BOUND ( 'NONE', #345, .T. ) ;
#1340 = CARTESIAN_POINT ( 'NONE',  ( 1796.839999349614300, 1922.392897703518700, 51.26117069304351800 ) ) ;
#1341 = CARTESIAN_POINT ( 'NONE',  ( 1796.839999349615500, 1950.494562063518300, -66.92391135943974200 ) ) ;
#1342 = CARTESIAN_POINT ( 'NONE',  ( 1796.839999349615000, 1908.647239032533000, -33.24314934001014900 ) ) ;
#1344 = DIRECTION ( 'NONE',  ( 1.000000000000000000, 0.0000000000000000000, 0.0000000000000000000 ) ) ;
#1343 = APPROVAL_STATUS ( 'not_yet_approved' ) ;
#1345 = CARTESIAN_POINT ( 'NONE',  ( 1798.109999349614800, 1909.728887611380100, 53.01358647495717200 ) ) ;
#1346 = CARTESIAN_POINT ( 'NONE',  ( 1796.839999349615000, 2033.790077777988200, -28.36953201710860700 ) ) ;
#1347 = ORIENTED_EDGE ( 'NONE', *, *, #860, .F. ) ;
#1348 = EDGE_CURVE ( 'NONE', #579, #272, #1417, .T. ) ;
#1349 = CARTESIAN_POINT ( 'NONE',  ( 1796.839999349615500, 1959.206521589871000, 69.16100483438617600 ) ) ;
#1350 = CARTESIAN_POINT ( 'NONE',  ( 1798.109999349615200, 1917.375763635970800, 46.30619505752319000 ) ) ;
#1351 = DIRECTION ( 'NONE',  ( 1.000000000000000000, -0.0000000000000000000, -0.0000000000000000000 ) ) ;
#1352 = EDGE_CURVE ( 'NONE', #893, #298, #1312, .T. ) ;
#1353 = CARTESIAN_POINT ( 'NONE',  ( 1798.109999349614800, 2030.617869631461400, 35.15282111890655900 ) ) ;
#1354 = CARTESIAN_POINT ( 'NONE',  ( 1796.839999349615000, 2012.326737302109400, -55.41778160281188500 ) ) ;
#1355 = FACE_OUTER_BOUND ( 'NONE', #857, .T. ) ;
#1356 = VERTEX_POINT ( 'NONE', #734 ) ;
#1357 = ORIENTED_EDGE ( 'NONE', *, *, #113, .F. ) ;
#1358 = ORIENTED_EDGE ( 'NONE', *, *, #1324, .T. ) ;
#1359 = CONICAL_SURFACE ( 'NONE', #1539, 4.999999999999893400, 1.029744258676633000 ) ;
#1360 = ORIENTED_EDGE ( 'NONE', *, *, #1419, .T. ) ;
#1361 = LINE ( 'NONE', #787, #1777 ) ;
#1362 = ADVANCED_FACE ( 'NONE', ( #1546 ), #1093, .F. ) ;
#1363 = CARTESIAN_POINT ( 'NONE',  ( 1794.999999349615100, 1907.500012413023600, -0.002542260550707735700 ) ) ;
#1364 = AXIS2_PLACEMENT_3D ( 'NONE', #1768, #1571, #1377 ) ;
#1365 = CARTESIAN_POINT ( 'NONE',  ( 1805.999999349615300, 1969.999832439667200, -79.85255331776186000 ) ) ;
#1366 = CARTESIAN_POINT ( 'NONE',  ( 1683.702914359767600, 1969.999832439667200, 0.1474465294591179000 ) ) ;
#1367 = CARTESIAN_POINT ( 'NONE',  ( 1796.839999349615000, 2031.552611657823000, 33.16682787781777400 ) ) ;
#1368 = CARTESIAN_POINT ( 'NONE',  ( 1796.839999349615000, 1976.195977194098100, -69.49641401412007700 ) ) ;
#1369 = ORIENTED_EDGE ( 'NONE', *, *, #1150, .T. ) ;
#1370 = ADVANCED_FACE ( 'NONE', ( #1769 ), #950, .F. ) ;
#1371 = VERTEX_POINT ( 'NONE', #1460 ) ;
#1372 = CARTESIAN_POINT ( 'NONE',  ( 1796.839999349615000, 1978.598760417514300, 69.46661461661949500 ) ) ;
#1373 = EDGE_CURVE ( 'NONE', #12, #201, #1430, .T. ) ;
#1374 = AXIS2_PLACEMENT_3D ( 'NONE', #1503, #526, #325 ) ;
#1375 = CARTESIAN_POINT ( 'NONE',  ( 1798.109999349615200, 2022.865972385165600, -60.12349829882829500 ) ) ;
#1376 = CARTESIAN_POINT ( 'NONE',  ( 1796.839999349614800, 1902.254801514053500, 17.16629783817961700 ) ) ;
#1377 = DIRECTION ( 'NONE',  ( 0.0000000000000000000, 0.0000000000000000000, -1.000000000000000000 ) ) ;
#1378 = FACE_OUTER_BOUND ( 'NONE', #455, .T. ) ;
#1379 = ORIENTED_EDGE ( 'NONE', *, *, #1324, .F. ) ;
#1380 = CARTESIAN_POINT ( 'NONE',  ( 1796.839999349615000, 2011.894909898699300, 56.03863821421888500 ) ) ;
#1381 = EDGE_LOOP ( 'NONE', ( #1132, #1316, #1901 ) ) ;
#1382 = CARTESIAN_POINT ( 'NONE',  ( 1796.839999349615700, 1916.999925645520300, 45.64556650959264100 ) ) ;
#1383 = CARTESIAN_POINT ( 'NONE',  ( 1796.839999349615900, 1960.751744576356300, -69.08762750179926100 ) ) ;
#1384 = FACE_OUTER_BOUND ( 'NONE', #522, .T. ) ;
#1385 = CARTESIAN_POINT ( 'NONE',  ( 1796.839999349615000, 1913.234002161979800, -40.55697798082653100 ) ) ;
#1387 = DIRECTION ( 'NONE',  ( 0.0000000000000000000, 0.0000000000000000000, -1.000000000000000000 ) ) ;
#1386 = PERSON_AND_ORGANIZATION ( #1574, #1721 ) ;
#1388 = CARTESIAN_POINT ( 'NONE',  ( 1786.499999349615100, 1969.999832439667400, 66.89744652945920200 ) ) ;
#1389 = CARTESIAN_POINT ( 'NONE',  ( 1796.839999349615300, 2037.722472733796600, -16.96027899403513900 ) ) ;
#1390 = EDGE_LOOP ( 'NONE', ( #502, #1103, #704, #1287 ) ) ;
#1391 = CARTESIAN_POINT ( 'NONE',  ( 1798.109999349615000, 1969.999832439667200, 0.1474465294591179000 ) ) ;
#1392 = CARTESIAN_POINT ( 'NONE',  ( 1796.839999349615000, 1949.611138228971400, 66.95638252886595900 ) ) ;
#1393 = CARTESIAN_POINT ( 'NONE',  ( 1796.839999349614800, 1900.149857356166900, -2.762571510661504500 ) ) ;
#1394 = CARTESIAN_POINT ( 'NONE',  ( 1806.999999349615100, 2024.126420176194600, -31.10255347054113900 ) ) ;
#1395 = CARTESIAN_POINT ( 'NONE',  ( 1806.999999349615100, 1969.999832439667400, 58.39744652945902500 ) ) ;
#1396 = CARTESIAN_POINT ( 'NONE',  ( 1798.109999349615200, 1974.571504249109900, 69.99744652945912500 ) ) ;
#1397 = CARTESIAN_POINT ( 'NONE',  ( 1796.839999349614600, 2018.204436006898000, -50.40461454427462200 ) ) ;
#1398 = VERTEX_POINT ( 'NONE', #480 ) ;
#1399 = ORIENTED_EDGE ( 'NONE', *, *, #1808, .T. ) ;
#1400 = VERTEX_POINT ( 'NONE', #276 ) ;
#1401 = EDGE_CURVE ( 'NONE', #1646, #1148, #680, .T. ) ;
#1402 = CIRCLE ( 'NONE', #595, 70.00000000000002800 ) ;
#1403 = DIRECTION ( 'NONE',  ( 0.0000000000000000000, 0.0000000000000000000, -1.000000000000000000 ) ) ;
#1404 = DIRECTION ( 'NONE',  ( 0.0000000000000000000, 0.0000000000000000000, -1.000000000000000000 ) ) ;
#1405 = DIRECTION ( 'NONE',  ( 1.000000000000000000, -0.0000000000000000000, -0.0000000000000000000 ) ) ;
#1406 = DIRECTION ( 'NONE',  ( 1.000000000000000000, -0.0000000000000000000, -0.0000000000000000000 ) ) ;
#1407 = ADVANCED_FACE ( 'NONE', ( #1720 ), #687, .F. ) ;
#1408 = CARTESIAN_POINT ( 'NONE',  ( 1796.839999349614600, 2027.258345300155300, 40.15365439988716600 ) ) ;
#1409 = APPROVAL ( #1343, 'UNSPECIFIED' ) ;
#1410 = DIRECTION ( 'NONE',  ( 0.0000000000000000000, 0.0000000000000000000, -1.000000000000000000 ) ) ;
#1411 = CARTESIAN_POINT ( 'NONE',  ( 1796.839999349615000, 1985.320424122205800, -68.04147561353771300 ) ) ;
#1412 = FACE_OUTER_BOUND ( 'NONE', #320, .T. ) ;
#1413 = EDGE_LOOP ( 'NONE', ( #1171, #417, #1740, #1021 ) ) ;
#1414 = EDGE_CURVE ( 'NONE', #1182, #640, #1038, .T. ) ;
#1415 = ORIENTED_EDGE ( 'NONE', *, *, #1699, .F. ) ;
#1416 = LINE ( 'NONE', #1234, #182 ) ;
#1417 = LINE ( 'NONE', #445, #1477 ) ;
#1418 = AXIS2_PLACEMENT_3D ( 'NONE', #176, #1898, #1696 ) ;
#1419 = EDGE_CURVE ( 'NONE', #1398, #1853, #228, .T. ) ;
#1420 = CARTESIAN_POINT ( 'NONE',  ( 1786.499999349615100, 1969.999832439667000, -58.10255347054079800 ) ) ;
#1421 = DIRECTION ( 'NONE',  ( 1.000000000000000000, -0.0000000000000000000, -0.0000000000000000000 ) ) ;
#1422 = CARTESIAN_POINT ( 'NONE',  ( 1796.839999349615000, 1900.544767575444200, 7.580552596435012400 ) ) ;
#1423 = AXIS2_PLACEMENT_3D ( 'NONE', #1841, #1642, #1450 ) ;
#1424 = CARTESIAN_POINT ( 'NONE',  ( 1806.999999349615100, 2024.126420176194600, -31.10255347054113900 ) ) ;
#1425 = CARTESIAN_POINT ( 'NONE',  ( 1798.109999349615200, 2012.607619403058200, -55.39082111741248600 ) ) ;
#1426 = VECTOR ( 'NONE', #1153, 1000.000000000000000 ) ;
#1427 = CIRCLE ( 'NONE', #945, 4.249999999999865000 ) ;
#1428 = CARTESIAN_POINT ( 'NONE',  ( 1796.839999349615000, 2002.601288089105300, 61.96238657377604400 ) ) ;
#1429 = ORIENTED_EDGE ( 'NONE', *, *, #936, .T. ) ;
#1430 = CIRCLE ( 'NONE', #6, 4.999999999999893400 ) ;
#1431 = CARTESIAN_POINT ( 'NONE',  ( 1796.839999349614800, 1911.913390986562700, 38.94421272777840700 ) ) ;
#1432 = DIRECTION ( 'NONE',  ( 1.000000000000000000, -0.0000000000000000000, -0.0000000000000000000 ) ) ;
#1433 = CARTESIAN_POINT ( 'NONE',  ( 1796.839999349615300, 1918.832830575662500, -47.40935199437118500 ) ) ;
#1435 = DIRECTION ( 'NONE',  ( 0.0000000000000000000, 0.0000000000000000000, 1.000000000000000000 ) ) ;
#1434 = DIRECTION ( 'NONE',  ( 0.0000000000000000000, 0.0000000000000000000, 1.000000000000000000 ) ) ;
#1436 = EDGE_CURVE ( 'NONE', #476, #1544, #1559, .T. ) ;
#1437 = CARTESIAN_POINT ( 'NONE',  ( 1796.839999349614600, 2039.393316112739100, -7.827574807200814900 ) ) ;
#1438 = CYLINDRICAL_SURFACE ( 'NONE', #1823, 79.99999984722097700 ) ;
#1439 = VERTEX_POINT ( 'NONE', #988 ) ;
#1440 = VECTOR ( 'NONE', #733, 1000.000000000000000 ) ;
#1441 = EDGE_CURVE ( 'NONE', #1853, #1601, #791, .T. ) ;
#1442 = ORIENTED_EDGE ( 'NONE', *, *, #250, .T. ) ;
#1443 = CARTESIAN_POINT ( 'NONE',  ( 1798.109999349614800, 1909.381795247873200, -34.85792805998834600 ) ) ;
#1444 = CARTESIAN_POINT ( 'NONE',  ( 1796.839999349614800, 1938.956095551957300, 62.72015277105645500 ) ) ;
#1445 = CARTESIAN_POINT ( 'NONE',  ( 1796.839999349615000, 1928.478678524900500, -56.02239411536501700 ) ) ;
#1446 = CIRCLE ( 'NONE', #1794, 4.249999999999865000 ) ;
#1447 = CARTESIAN_POINT ( 'NONE',  ( 1796.839999349615000, 1902.342982547976600, -17.21863915269221200 ) ) ;
#1448 = CARTESIAN_POINT ( 'NONE',  ( 1796.839999349615300, 1969.999832439667400, 69.99744652945911100 ) ) ;
#1449 = CARTESIAN_POINT ( 'NONE',  ( 1798.109999349615200, 1934.547735997932300, -71.75919016783981900 ) ) ;
#1450 = DIRECTION ( 'NONE',  ( 0.0000000000000000000, 0.0000000000000000000, -1.000000000000000000 ) ) ;
#1451 = AXIS2_PLACEMENT_3D ( 'NONE', #552, #351, #158 ) ;
#1452 = CARTESIAN_POINT ( 'NONE',  ( 1796.839999349614800, 2024.100443987788600, -44.04411913333013500 ) ) ;
#1453 = EDGE_CURVE ( 'NONE', #689, #1076, #184, .T. ) ;
#1454 = VERTEX_POINT ( 'NONE', #1515 ) ;
#1455 = ORIENTED_EDGE ( 'NONE', *, *, #1730, .F. ) ;
#1456 = DIRECTION ( 'NONE',  ( 0.0000000000000000000, 0.0000000000000000000, -1.000000000000000000 ) ) ;
#1457 = EDGE_CURVE ( 'NONE', #1645, #1400, #436, .T. ) ;
#1458 = VECTOR ( 'NONE', #1185, 1000.000000000000100 ) ;
#1459 = DIRECTION ( 'NONE',  ( 0.0000000000000000000, 0.0000000000000000000, -1.000000000000000000 ) ) ;
#1460 = CARTESIAN_POINT ( 'NONE',  ( 1767.629999349615000, 1969.999832439667200, 70.14744652945917400 ) ) ;
#1461 = CARTESIAN_POINT ( 'NONE',  ( 1806.999999349615100, 1907.500012413023600, -0.002542260550707735700 ) ) ;
#1462 = DIRECTION ( 'NONE',  ( 0.0000000000000000000, 0.0000000000000000000, -1.000000000000000000 ) ) ;
#1463 = ADVANCED_FACE ( 'NONE', ( #1384 ), #1124, .F. ) ;
#1464 = CARTESIAN_POINT ( 'NONE',  ( 1796.839999349614600, 1992.860662161097900, -65.86889548175601300 ) ) ;
#1465 = ORIENTED_EDGE ( 'NONE', *, *, #389, .T. ) ;
#1466 = AXIS2_PLACEMENT_3D ( 'NONE', #599, #398, #196 ) ;
#1467 = VECTOR ( 'NONE', #536, 1000.000000000000000 ) ;
#1468 = ORIENTED_EDGE ( 'NONE', *, *, #1743, .T. ) ;
#1469 = EDGE_CURVE ( 'NONE', #1356, #76, #795, .T. ) ;
#1470 = DIRECTION ( 'NONE',  ( 0.0000000000000000000, 0.0000000000000000000, -1.000000000000000000 ) ) ;
#1471 = CARTESIAN_POINT ( 'NONE',  ( 1806.999999349615100, 2024.126420176194600, -35.35255347054100400 ) ) ;
#1472 = CARTESIAN_POINT ( 'NONE',  ( 1786.499999349615100, 1915.873244703139800, 27.14744652945877600 ) ) ;
#1473 = DIRECTION ( 'NONE',  ( 1.000000000000000000, 0.0000000000000000000, 0.0000000000000000000 ) ) ;
#1474 = CARTESIAN_POINT ( 'NONE',  ( 1796.839999349615300, 2038.055990313300800, 15.94200311926496900 ) ) ;
#1475 = CARTESIAN_POINT ( 'NONE',  ( 1798.109999349615200, 2039.849832439667100, 0.1474465294590989200 ) ) ;
#1476 = ORIENTED_EDGE ( 'NONE', *, *, #926, .T. ) ;
#1477 = VECTOR ( 'NONE', #1695, 1000.000000000000200 ) ;
#1478 = ORIENTED_EDGE ( 'NONE', *, *, #995, .T. ) ;
#1479 = CARTESIAN_POINT ( 'NONE',  ( 1796.839999349615300, 1994.267757687410500, 65.69895271079012400 ) ) ;
#1480 = ORIENTED_EDGE ( 'NONE', *, *, #1348, .F. ) ;
#1481 = FACE_OUTER_BOUND ( 'NONE', #1220, .T. ) ;
#1482 = CARTESIAN_POINT ( 'NONE',  ( 1796.839999349615000, 1907.255556706424800, 30.85626631694090700 ) ) ;
#1483 = CARTESIAN_POINT ( 'NONE',  ( 1798.109999349615000, 2010.091886295182100, 69.57397431875556000 ) ) ;
#1484 = AXIS2_PLACEMENT_3D ( 'NONE', #1850, #1652, #1462 ) ;
#1485 = CARTESIAN_POINT ( 'NONE',  ( 1796.839999349614600, 1925.731458641064600, -53.90654376687035000 ) ) ;
#1486 = DIRECTION ( 'NONE',  ( 0.0000000000000000000, 0.0000000000000000000, -1.000000000000000000 ) ) ;
#1487 = CARTESIAN_POINT ( 'NONE',  ( 1805.999999349615100, 1969.999832439667200, 40.14744652945913100 ) ) ;
#1488 = ORIENTED_EDGE ( 'NONE', *, *, #1155, .F. ) ;
#1489 = CARTESIAN_POINT ( 'NONE',  ( 1798.109999349615200, 1965.428160630224700, -69.70255347054089200 ) ) ;
#1490 = CARTESIAN_POINT ( 'NONE',  ( 1796.839999349614600, 1927.881111238542900, 55.87038076853119900 ) ) ;
#1491 = CARTESIAN_POINT ( 'NONE',  ( 1796.839999349615000, 1939.586349862346000, -62.73378501266892500 ) ) ;
#1492 = CARTESIAN_POINT ( 'NONE',  ( 1796.839999349615300, 1905.116764162820100, -25.72267420656188000 ) ) ;
#1494 = CARTESIAN_POINT ( 'NONE',  ( 1806.999999349615100, 1907.500012413023600, -0.002542260550707735700 ) ) ;
#1493 = PERSON_AND_ORGANIZATION ( #1574, #1721 ) ;
#1495 = CARTESIAN_POINT ( 'NONE',  ( 1798.109999349615200, 1890.515519621815700, -10.32439949239301100 ) ) ;
#1496 = CARTESIAN_POINT ( 'NONE',  ( 1794.999999349615100, 2032.499652466310900, 5.297435319468837300 ) ) ;
#1497 = CARTESIAN_POINT ( 'NONE',  ( 1796.839999349615000, 2029.994411935064100, -35.66972304252374200 ) ) ;
#1498 = ORIENTED_EDGE ( 'NONE', *, *, #569, .F. ) ;
#1499 = EDGE_CURVE ( 'NONE', #828, #1863, #1663, .T. ) ;
#1500 = CARTESIAN_POINT ( 'NONE',  ( 1796.839999349615000, 1966.894395646033200, 69.99735427067798800 ) ) ;
#1501 = VECTOR ( 'NONE', #1237, 1000.000000000000200 ) ;
#1502 = CARTESIAN_POINT ( 'NONE',  ( 1798.109999349615200, 1969.999832439667400, 69.99744652945911100 ) ) ;
#1503 = CARTESIAN_POINT ( 'NONE',  ( 1786.499999349615100, 1915.873244703139800, 31.39744652945886100 ) ) ;
#1504 = CARTESIAN_POINT ( 'NONE',  ( 1806.999999349615100, 1969.999832439667200, 0.1474465294591179000 ) ) ;
#1505 = CIRCLE ( 'NONE', #1788, 4.250000000000087000 ) ;
#1506 = AXIS2_PLACEMENT_3D ( 'NONE', #1705, #938, #742 ) ;
#1507 = DIRECTION ( 'NONE',  ( 0.0000000000000000000, 0.0000000000000000000, -1.000000000000000000 ) ) ;
#1508 = CARTESIAN_POINT ( 'NONE',  ( 1796.839999349615000, 2002.340490040473200, -61.76912226504938300 ) ) ;
#1509 = VERTEX_POINT ( 'NONE', #898 ) ;
#1510 = AXIS2_PLACEMENT_3D ( 'NONE', #568, #366, #169 ) ;
#1511 = EDGE_CURVE ( 'NONE', #640, #476, #1651, .T. ) ;
#1512 = ORIENTED_EDGE ( 'NONE', *, *, #1150, .F. ) ;
#1513 = LINE ( 'NONE', #1320, #750 ) ;
#1514 = LINE ( 'NONE', #1321, #1112 ) ;
#1515 = CARTESIAN_POINT ( 'NONE',  ( 1806.999999349615100, 2032.499652466310900, 5.297435319468837300 ) ) ;
#1516 = CARTESIAN_POINT ( 'NONE',  ( 1786.499999349615100, 2024.126420176194600, 31.39744652945930500 ) ) ;
#1517 = CARTESIAN_POINT ( 'NONE',  ( 1796.839999349615000, 2035.042200940956000, 25.61350671047982900 ) ) ;
#1518 = AXIS2_PLACEMENT_3D ( 'NONE', #736, #327, #137 ) ;
#1519 = DIRECTION ( 'NONE',  ( 3.178877665354780500E-015, 1.000000000000000000, 0.0000000000000000000 ) ) ;
#1520 = ORIENTED_EDGE ( 'NONE', *, *, #676, .T. ) ;
#1521 = CIRCLE ( 'NONE', #199, 4.250000000000087000 ) ;
#1522 = ORIENTED_EDGE ( 'NONE', *, *, #1401, .F. ) ;
#1523 = AXIS2_PLACEMENT_3D ( 'NONE', #669, #73, #1795 ) ;
#1524 = CARTESIAN_POINT ( 'NONE',  ( 1796.839999349615000, 1986.593350087872300, 68.00796375628087300 ) ) ;
#1525 = CONICAL_SURFACE ( 'NONE', #1506, 4.999999999999893400, 1.029744258676633000 ) ;
#1526 = CARTESIAN_POINT ( 'NONE',  ( 1798.109999349614600, 2049.999832286887300, 5.383434275442726700 ) ) ;
#1527 = CARTESIAN_POINT ( 'NONE',  ( 1796.839999349615500, 1904.862893365040900, 25.37063236555721300 ) ) ;
#1528 = DIRECTION ( 'NONE',  ( 1.000000000000000000, -0.0000000000000000000, -0.0000000000000000000 ) ) ;
#1529 = LINE ( 'NONE', #1334, #1426 ) ;
#1530 = VERTEX_POINT ( 'NONE', #96 ) ;
#1531 = CARTESIAN_POINT ( 'NONE',  ( 1796.839999349615300, 2017.377539518420000, 51.47362742284364100 ) ) ;
#1532 = VERTEX_POINT ( 'NONE', #1819 ) ;
#1533 = B_SPLINE_CURVE_WITH_KNOTS ( 'NONE', 3,
 ( #444, #236, #46, #1764, #1567, #1372, #1193, #997, #799, #594, #393, #193, #2, #1715, #1524, #1330, #1146, #951, #754, #545, #346, #153, #1867, #1673, #1479, #1286, #1102, #904, #703, #501, #297, #103, #1825, #1622, #1428, #1244, #1054, #856, #651, #453, #247, #57, #1774, #1575, #1380, #1201, #1009, #808, #604, #405, #202, #11, #1728, #1531, #1337, #1159, #960, #763, #558, #355, #1085, #887, #682, #482, #278, #85, #1807, #1606, #1408, #1227, #1041, #839, #635, #438, #230, #39, #1759, #1561, #1367, #1188, #990, #793, #587, #387, #186, #1909, #1710, #1517, #1325, #1139, #943, #747, #539, #338, #148, #1861, #1665, #1474, #1281, #1097, #900, #696, #496, #293, #99, #1821, #1619 ),
 .UNSPECIFIED., .F., .F.,
 ( 4, 1, 1, 1, 1, 1, 1, 1, 2, 2, 1, 1, 1, 1, 1, 1, 1, 2, 2, 1, 1, 1, 1, 1, 1, 1, 2, 2, 1, 1, 1, 1, 1, 1, 1, 2, 2, 1, 1, 1, 1, 1, 2, 2, 1, 1, 1, 1, 1, 2, 2, 1, 1, 1, 1, 1, 2, 2, 1, 1, 1, 1, 1, 2, 2, 1, 1, 1, 1, 2, 2, 1, 1, 1, 1, 2, 2, 1, 1, 1, 2, 2, 4 ),
 ( 0.0000000000000000000, 0.03124999999978478300, 0.04687499999967717500, 0.05468749999962335700, 0.05859374999959644800, 0.06054687499958297900, 0.06152343749957625600, 0.06201171874957290400, 0.06225585937456898400, 0.06249999999956507000, 0.09374999999942254500, 0.1093749999993493100, 0.1171874999993107700, 0.1210937499992933700, 0.1230468749992846800, 0.1240234374992803400, 0.1245117187492781600, 0.1247558593742770400, 0.1249999999992759100, 0.1562499999989099800, 0.1718749999987269900, 0.1796874999986355100, 0.1835937499985881000, 0.1855468749985613200, 0.1865234374985510500, 0.1870117187485459400, 0.1872558593735465500, 0.1874999999985471300, 0.2187499999991718800, 0.2343749999994816100, 0.2421874999996338200, 0.2460937499997099800, 0.2480468749997455600, 0.2490234374997658800, 0.2495117187497785700, 0.2497558593747824200, 0.2499999999997862300, 0.2656249999999432100, 0.2734375000000217600, 0.2773437500000610100, 0.2792968750000806000, 0.2802734375000883200, 0.2807617187500922000, 0.2812500000000960300, 0.2968750000001954000, 0.3046875000002451400, 0.3085937500002681200, 0.3105468750002813900, 0.3115234375002898800, 0.3120117187502923200, 0.3125000000002947100, 0.3281250000003429500, 0.3359375000003671000, 0.3398437500003776400, 0.3417968750003844100, 0.3427734375003893600, 0.3432617187503918500, 0.3437500000003943000, 0.3593750000003873600, 0.3671875000003839200, 0.3710937500003822500, 0.3730468750003813600, 0.3740234375003797500, 0.3745117187503802000, 0.3750000000003805800, 0.3906250000003433400, 0.3984375000003257900, 0.4023437500003180200, 0.4042968750003131400, 0.4052734375003098100, 0.4062500000003064800, 0.4218750000002584600, 0.4296875000002352000, 0.4335937500002242700, 0.4355468750002193800, 0.4365234375002163300, 0.4375000000002132700, 0.4531250000001582600, 0.4609375000001307800, 0.4648437500001170700, 0.4667968750001101900, 0.4687500000001033600, 0.5000000000000000000 ),
 .UNSPECIFIED. ) ;
#1534 = CARTESIAN_POINT ( 'NONE',  ( 1796.839999349615000, 1922.193015582088900, 51.07458619144711100 ) ) ;
#1535 = FACE_OUTER_BOUND ( 'NONE', #1145, .T. ) ;
#1536 = CARTESIAN_POINT ( 'NONE',  ( 1796.839999349615500, 1950.534113622818300, -66.93540903736180800 ) ) ;
#1537 = VECTOR ( 'NONE', #678, 1000.000000000000200 ) ;
#1538 = CARTESIAN_POINT ( 'NONE',  ( 1796.839999349615000, 1908.930639309185800, -33.76092203449393000 ) ) ;
#1539 = AXIS2_PLACEMENT_3D ( 'NONE', #1363, #987, #790 ) ;
#1541 = CARTESIAN_POINT ( 'NONE',  ( 1767.626778469745400, 1969.999832439667200, 0.1474465294591179000 ) ) ;
#1540 = PERSON_AND_ORGANIZATION ( #1574, #1721 ) ;
#1542 = CARTESIAN_POINT ( 'NONE',  ( 1798.109999349615200, 1917.133692494169300, 60.41839135774653600 ) ) ;
#1543 = CARTESIAN_POINT ( 'NONE',  ( 1796.839999349615000, 2034.601826129109900, -26.45214609489947600 ) ) ;
#1544 = VERTEX_POINT ( 'NONE', #1617 ) ;
#1545 = CARTESIAN_POINT ( 'NONE',  ( 1796.839999349615300, 1957.691381307356100, 68.91441542302978000 ) ) ;
#1546 = FACE_OUTER_BOUND ( 'NONE', #222, .T. ) ;
#1547 = CARTESIAN_POINT ( 'NONE',  ( 1798.109999349615500, 1914.461564792795100, 42.75523349285010300 ) ) ;
#1548 = CARTESIAN_POINT ( 'NONE',  ( 1786.499999349615100, 2024.126420176194600, -26.85255347054127400 ) ) ;
#1549 = CARTESIAN_POINT ( 'NONE',  ( 1798.109999349615000, 2025.538100086539500, 42.75523349285006000 ) ) ;
#1550 = CARTESIAN_POINT ( 'NONE',  ( 1796.839999349615000, 2012.741492008030000, -55.10044835205541600 ) ) ;
#1551 = ADVANCED_FACE ( 'NONE', ( #1902 ), #88, .F. ) ;
#1552 = ORIENTED_EDGE ( 'NONE', *, *, #995, .F. ) ;
#1553 = ORIENTED_EDGE ( 'NONE', *, *, #1556, .T. ) ;
#1554 = ORIENTED_EDGE ( 'NONE', *, *, #329, .T. ) ;
#1555 = ORIENTED_EDGE ( 'NONE', *, *, #423, .F. ) ;
#1556 = EDGE_CURVE ( 'NONE', #1623, #1182, #1005, .T. ) ;
#1557 = DIRECTION ( 'NONE',  ( 1.000000000000000000, -1.589438832677390200E-015, 0.0000000000000000000 ) ) ;
#1558 = DIRECTION ( 'NONE',  ( 0.0000000000000000000, 0.0000000000000000000, -1.000000000000000000 ) ) ;
#1559 = LINE ( 'NONE', #1365, #1458 ) ;
#1560 = DIRECTION ( 'NONE',  ( 0.0000000000000000000, 0.0000000000000000000, -1.000000000000000000 ) ) ;
#1561 = CARTESIAN_POINT ( 'NONE',  ( 1796.839999349615300, 2031.492760705759300, 33.27831794981189300 ) ) ;
#1562 = CIRCLE ( 'NONE', #671, 4.250000000000094100 ) ;
#1563 = CARTESIAN_POINT ( 'NONE',  ( 1796.839999349615300, 1979.283971876985800, -69.08280249427481600 ) ) ;
#1564 = ORIENTED_EDGE ( 'NONE', *, *, #648, .T. ) ;
#1565 = EDGE_CURVE ( 'NONE', #1, #1680, #1828, .T. ) ;
#1566 = ORIENTED_EDGE ( 'NONE', *, *, #1469, .T. ) ;
#1567 = CARTESIAN_POINT ( 'NONE',  ( 1796.839999349615000, 1977.925178308049700, 69.54829271595397700 ) ) ;
#1568 = CC_DESIGN_PERSON_AND_ORGANIZATION_ASSIGNMENT ( #412, #208, ( #283 ) ) ;
#1569 = CARTESIAN_POINT ( 'NONE',  ( 1798.109999349615900, 2018.799015697530400, -63.46116339558948000 ) ) ;
#1570 = CARTESIAN_POINT ( 'NONE',  ( 1796.839999349615300, 1902.211054611222400, 16.99120694412222200 ) ) ;
#1571 = DIRECTION ( 'NONE',  ( 1.000000000000000000, -0.0000000000000000000, 0.0000000000000000000 ) ) ;
#1572 = EDGE_CURVE ( 'NONE', #1712, #1645, #129, .T. ) ;
#1573 = EDGE_LOOP ( 'NONE', ( #1488, #1877, #160, #1295 ) ) ;
#1574 = PERSON ( 'UNSPECIFIED', 'UNSPECIFIED', 'UNSPECIFIED', ('UNSPECIFIED'), ('UNSPECIFIED'), ('UNSPECIFIED') ) ;
#1575 = CARTESIAN_POINT ( 'NONE',  ( 1796.839999349614600, 2011.882107813655700, 56.04823160556632900 ) ) ;
#1576 = AXIS2_PLACEMENT_3D ( 'NONE', #524, #321, #133 ) ;
#1577 = ORIENTED_EDGE ( 'NONE', *, *, #549, .T. ) ;
#1578 = CIRCLE ( 'NONE', #807, 4.250000000000087000 ) ;
#1579 = CARTESIAN_POINT ( 'NONE',  ( 1796.839999349615000, 1916.629877616719600, 45.21248388009106400 ) ) ;
#1580 = CARTESIAN_POINT ( 'NONE',  ( 1796.839999349615000, 1960.775781253379400, -69.09083369810844000 ) ) ;
#1581 = FACE_OUTER_BOUND ( 'NONE', #1245, .T. ) ;
#1582 = CARTESIAN_POINT ( 'NONE',  ( 1796.839999349615000, 1913.901874342239800, -41.47934451654819600 ) ) ;
#1584 = DIRECTION ( 'NONE',  ( 1.000000000000000000, -0.0000000000000000000, -0.0000000000000000000 ) ) ;
#1583 = APPLICATION_PROTOCOL_DEFINITION ( 'international standard', 'config_control_design', 1994, #908 ) ;
#1585 = CARTESIAN_POINT ( 'NONE',  ( 1767.629999349615000, 1969.999832439667200, -69.85255347054092600 ) ) ;
#1586 = EDGE_CURVE ( 'NONE', #1400, #1328, #906, .T. ) ;
#1587 = CARTESIAN_POINT ( 'NONE',  ( 1796.839999349615700, 2037.744863365155000, -16.87140477900333800 ) ) ;
#1588 = ORIENTED_EDGE ( 'NONE', *, *, #1586, .F. ) ;
#1589 = EDGE_CURVE ( 'NONE', #1148, #796, #1126, .T. ) ;
#1590 = DIRECTION ( 'NONE',  ( 0.0000000000000000000, 0.0000000000000000000, -1.000000000000000000 ) ) ;
#1591 = CARTESIAN_POINT ( 'NONE',  ( 1796.839999349615000, 1948.783768539751900, 66.70075153109851800 ) ) ;
#1592 = EDGE_CURVE ( 'NONE', #934, #546, #525, .T. ) ;
#1593 = CARTESIAN_POINT ( 'NONE',  ( 1796.839999349615000, 1900.331050618636300, -5.662476075146410700 ) ) ;
#1594 = DIRECTION ( 'NONE',  ( 0.0000000000000000000, 0.0000000000000000000, -1.000000000000000000 ) ) ;
#1595 = CARTESIAN_POINT ( 'NONE',  ( 1783.946341718748000, 1915.873244703139800, 31.39744652945886100 ) ) ;
#1596 = CARTESIAN_POINT ( 'NONE',  ( 1798.109999349615200, 1969.999832439667400, 69.99744652945911100 ) ) ;
#1597 = CARTESIAN_POINT ( 'NONE',  ( 1796.839999349615000, 2018.992099382829300, -49.64681893746099200 ) ) ;
#1598 = EDGE_LOOP ( 'NONE', ( #102, #701, #500, #903 ) ) ;
#1599 = CIRCLE ( 'NONE', #834, 4.249999999999865000 ) ;
#1600 = ORIENTED_EDGE ( 'NONE', *, *, #556, .T. ) ;
#1601 = VERTEX_POINT ( 'NONE', #1847 ) ;
#1602 = DIRECTION ( 'NONE',  ( 1.000000000000000000, 0.0000000000000000000, 0.0000000000000000000 ) ) ;
#1603 = DIRECTION ( 'NONE',  ( 1.000000000000000000, 0.0000000000000000000, 0.0000000000000000000 ) ) ;
#1604 = CARTESIAN_POINT ( 'NONE',  ( 1786.499999349615100, 1969.999832439667400, 62.64744652945911000 ) ) ;
#1605 = CARTESIAN_POINT ( 'NONE',  ( 1783.946341718748000, 2024.126420176194600, -31.10255347054113900 ) ) ;
#1606 = CARTESIAN_POINT ( 'NONE',  ( 1796.839999349615000, 2027.094900778336800, 40.38700677858310700 ) ) ;
#1607 = DIRECTION ( 'NONE',  ( 1.000000000000000000, -0.0000000000000000000, -0.0000000000000000000 ) ) ;
#1608 = EDGE_CURVE ( 'NONE', #76, #1356, #698, .T. ) ;
#1609 = CARTESIAN_POINT ( 'NONE',  ( 1796.839999349615500, 1987.871161694418600, -67.40051909460484600 ) ) ;
#1610 = ORIENTED_EDGE ( 'NONE', *, *, #1592, .T. ) ;
#1611 = AXIS2_PLACEMENT_3D ( 'NONE', #1804, #1603, #1404 ) ;
#1612 = ORIENTED_EDGE ( 'NONE', *, *, #860, .T. ) ;
#1613 = CIRCLE ( 'NONE', #420, 4.999999999999893400 ) ;
#1614 = CARTESIAN_POINT ( 'NONE',  ( 1805.999999349615300, 1969.999832439667200, 0.1474465294591179000 ) ) ;
#1615 = DIRECTION ( 'NONE',  ( 0.0000000000000000000, 0.0000000000000000000, -1.000000000000000000 ) ) ;
#1616 = LINE ( 'NONE', #1420, #1501 ) ;
#1617 = CARTESIAN_POINT ( 'NONE',  ( 1806.999999349615100, 1969.999832439667200, -78.85255331776197400 ) ) ;
#1618 = CARTESIAN_POINT ( 'NONE',  ( 1796.839999349615000, 1900.415943682247400, 6.315187372827842300 ) ) ;
#1619 = CARTESIAN_POINT ( 'NONE',  ( 1796.839999349615300, 2039.849832439667100, 0.1474465294591058600 ) ) ;
#1620 = CARTESIAN_POINT ( 'NONE',  ( 1798.109999349614800, 2016.158580967731000, -52.47662227423749200 ) ) ;
#1621 = CYLINDRICAL_SURFACE ( 'NONE', #451, 4.250000000000087000 ) ;
#1622 = CARTESIAN_POINT ( 'NONE',  ( 1796.839999349615500, 2000.592688869373200, 62.94155382721682200 ) ) ;
#1623 = VERTEX_POINT ( 'NONE', #1082 ) ;
#1624 = CARTESIAN_POINT ( 'NONE',  ( 1796.839999349615300, 1911.262734444579800, 37.95987539652425400 ) ) ;
#1625 = CARTESIAN_POINT ( 'NONE',  ( 1806.999999349615100, 1915.873244703140000, -26.85255347054127400 ) ) ;
#1626 = CARTESIAN_POINT ( 'NONE',  ( 1796.839999349614800, 1920.334462736222800, -48.99637176830266600 ) ) ;
#1628 = DIRECTION ( 'NONE',  ( -1.000000000000000000, -0.0000000000000000000, -0.0000000000000000000 ) ) ;
#1627 = CARTESIAN_POINT ( 'NONE',  ( 0.0000000000000000000, 0.0000000000000000000, 0.0000000000000000000 ) ) ;
#1629 = AXIS2_PLACEMENT_3D ( 'NONE', #67, #1789, #1590 ) ;
#1630 = CARTESIAN_POINT ( 'NONE',  ( 1796.839999349615000, 2039.454897304138700, -7.285659543555275300 ) ) ;
#1631 = ORIENTED_EDGE ( 'NONE', *, *, #1572, .F. ) ;
#1632 = FACE_OUTER_BOUND ( 'NONE', #1273, .T. ) ;
#1633 = CYLINDRICAL_SURFACE ( 'NONE', #200, 4.250000000000087000 ) ;
#1634 = ORIENTED_EDGE ( 'NONE', *, *, #1565, .F. ) ;
#1635 = CARTESIAN_POINT ( 'NONE',  ( 1798.109999349615000, 1914.461564792795600, -42.46034043393185400 ) ) ;
#1636 = CARTESIAN_POINT ( 'NONE',  ( 1796.839999349615000, 1938.522287140511700, 62.50389122444391200 ) ) ;
#1637 = CARTESIAN_POINT ( 'NONE',  ( 1796.839999349615000, 1928.869020767012700, -56.30978053108007900 ) ) ;
#1638 = FACE_BOUND ( 'NONE', #260, .T. ) ;
#1639 = CARTESIAN_POINT ( 'NONE',  ( 1796.839999349615500, 1902.387385189889800, -17.39072273598836600 ) ) ;
#1640 = DIRECTION ( 'NONE',  ( 1.000000000000000000, -0.0000000000000000000, -0.0000000000000000000 ) ) ;
#1641 = CARTESIAN_POINT ( 'NONE',  ( 1798.109999349614800, 1929.907778584152100, -69.27908125983727000 ) ) ;
#1642 = DIRECTION ( 'NONE',  ( 1.000000000000000000, -0.0000000000000000000, -0.0000000000000000000 ) ) ;
#1643 = CARTESIAN_POINT ( 'NONE',  ( 1796.839999349614300, 2025.524000236996000, -42.26794987114068600 ) ) ;
#1644 = EDGE_CURVE ( 'NONE', #579, #1, #1267, .T. ) ;
#1645 = VERTEX_POINT ( 'NONE', #275 ) ;
#1646 = VERTEX_POINT ( 'NONE', #82 ) ;
#1647 = DIRECTION ( 'NONE',  ( 1.000000000000000000, -0.0000000000000000000, -0.0000000000000000000 ) ) ;
#1648 = DIRECTION ( 'NONE',  ( 1.000000000000000000, -0.0000000000000000000, -0.0000000000000000000 ) ) ;
#1649 = DIRECTION ( 'NONE',  ( 0.0000000000000000000, 0.0000000000000000000, -1.000000000000000000 ) ) ;
#1650 = DIRECTION ( 'NONE',  ( 0.0000000000000000000, 0.0000000000000000000, -1.000000000000000000 ) ) ;
#1651 = CIRCLE ( 'NONE', #443, 79.99999984722097700 ) ;
#1652 = DIRECTION ( 'NONE',  ( 1.000000000000000000, 0.0000000000000000000, 0.0000000000000000000 ) ) ;
#1653 = CARTESIAN_POINT ( 'NONE',  ( 1796.839999349615300, 1996.110299533909500, -64.69216554042577600 ) ) ;
#1654 = ORIENTED_EDGE ( 'NONE', *, *, #1608, .T. ) ;
#1655 = FACE_OUTER_BOUND ( 'NONE', #1573, .T. ) ;
#1656 = B_SPLINE_CURVE_WITH_KNOTS ( 'NONE', 3,
 ( #1596, #1396, #1217, #1028, #824, #622, #424, #217, #27, #1747, #1549, #1353, #1176, #976, #779, #577, #373, #177 ),
 .UNSPECIFIED., .F., .F.,
 ( 4, 2, 2, 2, 2, 2, 2, 2, 4 ),
 ( 0.0000000000000000000, 0.06250000000000000000, 0.1250000000000000000, 0.1875000000000000000, 0.2500000000000000000, 0.3125000000000000000, 0.3750000000000000000, 0.4375000000000000000, 0.5000000000000000000 ),
 .UNSPECIFIED. ) ;
#1657 = ADVANCED_FACE ( 'NONE', ( #1262 ), #479, .F. ) ;
#1658 = FACE_OUTER_BOUND ( 'NONE', #639, .T. ) ;
#1659 = EDGE_LOOP ( 'NONE', ( #452, #650, #1358, #56 ) ) ;
#1660 = DIRECTION ( 'NONE',  ( 1.000000000000000000, 0.0000000000000000000, 0.0000000000000000000 ) ) ;
#1661 = EDGE_CURVE ( 'NONE', #1148, #764, #392, .T. ) ;
#1662 = CARTESIAN_POINT ( 'NONE',  ( 1806.999999349615100, 2024.126420176194600, -26.85255347054127400 ) ) ;
#1663 = LINE ( 'NONE', #1472, #1771 ) ;
#1664 = CARTESIAN_POINT ( 'NONE',  ( 1767.626778469745400, 1969.999832439667200, 0.1474465294591179000 ) ) ;
#1665 = CARTESIAN_POINT ( 'NONE',  ( 1796.839999349615500, 2037.678389880257600, 17.42874828105778900 ) ) ;
#1666 = DIRECTION ( 'NONE',  ( 0.0000000000000000000, 0.0000000000000000000, -1.000000000000000000 ) ) ;
#1667 = VERTEX_POINT ( 'NONE', #435 ) ;
#1668 = CIRCLE ( 'NONE', #759, 4.999999999999893400 ) ;
#1669 = VECTOR ( 'NONE', #711, 1000.000000000000000 ) ;
#1670 = EDGE_LOOP ( 'NONE', ( #1512, #379, #1903 ) ) ;
#1671 = AXIS2_PLACEMENT_3D ( 'NONE', #286, #93, #1814 ) ;
#1672 = VECTOR ( 'NONE', #385, 1000.000000000000000 ) ;
#1673 = CARTESIAN_POINT ( 'NONE',  ( 1796.839999349614800, 1991.459902083642200, 66.64869885779597800 ) ) ;
#1674 = EDGE_LOOP ( 'NONE', ( #542, #342, #749, #714 ) ) ;
#1675 = CARTESIAN_POINT ( 'NONE',  ( 1796.839999349615300, 1906.209587128554200, 28.66442513868987200 ) ) ;
#1676 = CARTESIAN_POINT ( 'NONE',  ( 1798.109999349614600, 2018.799015697530000, 63.75605645450772800 ) ) ;
#1678 = DIRECTION ( 'NONE',  ( 1.000000000000000000, -0.0000000000000000000, -0.0000000000000000000 ) ) ;
#1677 =( NAMED_UNIT ( * ) PLANE_ANGLE_UNIT ( ) SI_UNIT ( $, .RADIAN. ) );
#1679 = DIRECTION ( 'NONE',  ( 0.0000000000000000000, 0.0000000000000000000, -1.000000000000000000 ) ) ;
#1680 = VERTEX_POINT ( 'NONE', #227 ) ;
#1681 = CARTESIAN_POINT ( 'NONE',  ( 1798.109999349615200, 1969.999832439667400, -69.70255347054089200 ) ) ;
#1682 = AXIS2_PLACEMENT_3D ( 'NONE', #899, #695, #495 ) ;
#1683 = CARTESIAN_POINT ( 'NONE',  ( 1796.839999349615000, 1927.672927576571500, 55.71267466184259800 ) ) ;
#1684 = VECTOR ( 'NONE', #134, 999.9999999999998900 ) ;
#1685 = CARTESIAN_POINT ( 'NONE',  ( 1796.839999349615000, 1939.781500463568800, -62.82796365107569200 ) ) ;
#1686 = CARTESIAN_POINT ( 'NONE',  ( 1796.839999349615500, 1905.343280226944000, -26.28674394495222100 ) ) ;
#1688 = DIRECTION ( 'NONE',  ( 0.5150380749100725900, 0.0000000000000000000, -0.8571673007021012300 ) ) ;
#1687 = SECURITY_CLASSIFICATION_LEVEL ( 'unclassified' ) ;
#1689 = CARTESIAN_POINT ( 'NONE',  ( 1798.109999349614800, 1889.999832592446000, -5.088541216524491900 ) ) ;
#1690 = LINE ( 'NONE', #1496, #800 ) ;
#1691 = CARTESIAN_POINT ( 'NONE',  ( 1796.839999349615300, 2030.997113309252000, -33.91392720125795500 ) ) ;
#1692 = VERTEX_POINT ( 'NONE', #36 ) ;
#1693 = CARTESIAN_POINT ( 'NONE',  ( 1796.839999349615000, 1963.803687681430800, 69.79130707303785600 ) ) ;
#1694 = CARTESIAN_POINT ( 'NONE',  ( 1798.109999349615500, 1965.428160630224300, 69.99744652945911100 ) ) ;
#1695 = DIRECTION ( 'NONE',  ( 0.5150380749100451600, 0.0000000000000000000, -0.8571673007021177700 ) ) ;
#1696 = DIRECTION ( 'NONE',  ( 0.0000000000000000000, 0.0000000000000000000, -1.000000000000000000 ) ) ;
#1697 = DIRECTION ( 'NONE',  ( 1.000000000000000000, -0.0000000000000000000, -0.0000000000000000000 ) ) ;
#1698 = CARTESIAN_POINT ( 'NONE',  ( 1796.839999349615000, 2004.048696512961700, -60.85995925845158200 ) ) ;
#1699 = EDGE_CURVE ( 'NONE', #842, #546, #1599, .T. ) ;
#1700 = CC_DESIGN_PERSON_AND_ORGANIZATION_ASSIGNMENT ( #1493, #1301, ( #402 ) ) ;
#1701 = EDGE_LOOP ( 'NONE', ( #511, #716, #914 ) ) ;
#1702 = VERTEX_POINT ( 'NONE', #1184 ) ;
#1703 = CONICAL_SURFACE ( 'NONE', #1629, 4.250000000000087000, 1.029744258676665000 ) ;
#1704 = LOCAL_TIME ( 18, 57, 15.00000000000000000, #602 ) ;
#1705 = CARTESIAN_POINT ( 'NONE',  ( 1794.999999349615100, 2032.499652466310900, 0.2974353194689435800 ) ) ;
#1706 = LINE ( 'NONE', #1471, #122 ) ;
#1707 = DIRECTION ( 'NONE',  ( 0.5150380749100650400, 0.0000000000000000000, -0.8571673007021058900 ) ) ;
#1708 = DIRECTION ( 'NONE',  ( 0.0000000000000000000, 0.0000000000000000000, -1.000000000000000000 ) ) ;
#1709 = ADVANCED_FACE ( 'NONE', ( #1481 ), #1359, .F. ) ;
#1710 = CARTESIAN_POINT ( 'NONE',  ( 1796.839999349615500, 2034.978657103944700, 25.77521237061019100 ) ) ;
#1711 = DIRECTION ( 'NONE',  ( 1.000000000000000000, -1.589438832677390200E-015, 0.0000000000000000000 ) ) ;
#1712 = VERTEX_POINT ( 'NONE', #584 ) ;
#1713 = CC_DESIGN_PERSON_AND_ORGANIZATION_ASSIGNMENT ( #62, #1781, ( #789 ) ) ;
#1714 = EDGE_LOOP ( 'NONE', ( #728, #368 ) ) ;
#1715 = CARTESIAN_POINT ( 'NONE',  ( 1796.839999349615300, 1983.605157838847600, 68.69921974437578200 ) ) ;
#1716 = AXIS2_PLACEMENT_3D ( 'NONE', #1614, #844, #642 ) ;
#1717 = DESIGN_CONTEXT ( 'detailed design', #908, 'design' ) ;
#1718 = FACE_OUTER_BOUND ( 'NONE', #1763, .T. ) ;
#1719 = EDGE_CURVE ( 'NONE', #1762, #298, #1505, .T. ) ;
#1720 = FACE_OUTER_BOUND ( 'NONE', #1381, .T. ) ;
#1721 = ORGANIZATION ( 'UNSPECIFIED', 'UNSPECIFIED', '' ) ;
#1722 = CARTESIAN_POINT ( 'NONE',  ( 1798.109999349615200, 2049.999832286888700, -5.088541216524506100 ) ) ;
#1723 = CARTESIAN_POINT ( 'NONE',  ( 1796.839999349615500, 1904.830126824699600, 25.28585817374071700 ) ) ;
#1724 = CYLINDRICAL_SURFACE ( 'NONE', #846, 69.84999999999996600 ) ;
#1725 = CARTESIAN_POINT ( 'NONE',  ( 1786.499999349615100, 2024.126420176194600, 31.39744652945930500 ) ) ;
#1726 = CIRCLE ( 'NONE', #1682, 70.00000000000002800 ) ;
#1727 = ORIENTED_EDGE ( 'NONE', *, *, #576, .F. ) ;
#1728 = CARTESIAN_POINT ( 'NONE',  ( 1796.839999349615300, 2017.351388817680300, 51.49775241094777600 ) ) ;
#1729 = EDGE_LOOP ( 'NONE', ( #203, #559, #1801, #614 ) ) ;
#1730 = EDGE_CURVE ( 'NONE', #593, #1439, #1514, .T. ) ;
#1731 = CONICAL_SURFACE ( 'NONE', #1078, 4.249999999999865000, 1.029744258676641900 ) ;
#1732 = CARTESIAN_POINT ( 'NONE',  ( 1796.839999349615500, 1921.795228855512700, 50.69950758615475900 ) ) ;
#1733 = CARTESIAN_POINT ( 'NONE',  ( 1796.839999349614800, 1950.626417960168100, -66.96215399750457200 ) ) ;
#1734 = CARTESIAN_POINT ( 'NONE',  ( 1796.839999349615000, 1909.508362090324000, -34.78976260438805200 ) ) ;
#1736 = DIRECTION ( 'NONE',  ( 1.000000000000000000, -0.0000000000000000000, -0.0000000000000000000 ) ) ;
#1735 = DATE_TIME_ROLE ( 'creation_date' ) ;
#1737 = CARTESIAN_POINT ( 'NONE',  ( 1798.109999349615500, 1921.200649181804900, 63.75605645450770000 ) ) ;
#1738 = EDGE_CURVE ( 'NONE', #1667, #391, #940, .T. ) ;
#1739 = CARTESIAN_POINT ( 'NONE',  ( 1796.839999349615000, 2035.136771513323100, -25.07573930887694400 ) ) ;
#1740 = ORIENTED_EDGE ( 'NONE', *, *, #1223, .T. ) ;
#1741 = CIRCLE ( 'NONE', #1423, 4.250000000000087000 ) ;
#1742 = CARTESIAN_POINT ( 'NONE',  ( 1796.839999349614800, 1954.679240762760600, 68.33636867270576000 ) ) ;
#1743 = EDGE_CURVE ( 'NONE', #934, #842, #335, .T. ) ;
#1744 = VECTOR ( 'NONE', #930, 1000.000000000000000 ) ;
#1745 = CARTESIAN_POINT ( 'NONE',  ( 1798.109999349615200, 1909.381795247873500, 35.15282111890660100 ) ) ;
#1746 = DIRECTION ( 'NONE',  ( 0.5150380749100725900, 0.0000000000000000000, -0.8571673007021012300 ) ) ;
#1747 = CARTESIAN_POINT ( 'NONE',  ( 1798.109999349614800, 2022.623901243363900, 46.30619505752311900 ) ) ;
#1748 = CARTESIAN_POINT ( 'NONE',  ( 1796.839999349614800, 2013.564550950303800, -54.45809770145869100 ) ) ;
#1749 = ORIENTED_EDGE ( 'NONE', *, *, #1499, .T. ) ;
#1750 = VERTEX_POINT ( 'NONE', #1662 ) ;
#1751 = ORIENTED_EDGE ( 'NONE', *, *, #1911, .F. ) ;
#1752 = ORIENTED_EDGE ( 'NONE', *, *, #1081, .F. ) ;
#1753 = CARTESIAN_POINT ( 'NONE',  ( 1798.109999349615200, 2039.849832439667100, 0.1474465294591179000 ) ) ;
#1754 = EDGE_CURVE ( 'NONE', #546, #357, #1706, .T. ) ;
#1755 = AXIS2_PLACEMENT_3D ( 'NONE', #1541, #1344, #1166 ) ;
#1756 = DIRECTION ( 'NONE',  ( 1.000000000000000000, -0.0000000000000000000, -0.0000000000000000000 ) ) ;
#1757 = DIRECTION ( 'NONE',  ( 1.000000000000000000, -0.0000000000000000000, -0.0000000000000000000 ) ) ;
#1758 = DIRECTION ( 'NONE',  ( 1.000000000000000000, -0.0000000000000000000, -0.0000000000000000000 ) ) ;
#1759 = CARTESIAN_POINT ( 'NONE',  ( 1796.839999349615500, 2031.352425845076600, 33.53804239991512800 ) ) ;
#1760 = EDGE_CURVE ( 'NONE', #689, #809, #897, .T. ) ;
#1761 = CARTESIAN_POINT ( 'NONE',  ( 1796.839999349615500, 1979.299173530899900, -69.08076229801510200 ) ) ;
#1762 = VERTEX_POINT ( 'NONE', #290 ) ;
#1763 = EDGE_LOOP ( 'NONE', ( #1141, #1327, #947, #1520 ) ) ;
#1764 = CARTESIAN_POINT ( 'NONE',  ( 1796.839999349615000, 1976.576855508601100, 69.69475417238417900 ) ) ;
#1765 = CARTESIAN_POINT ( 'NONE',  ( 1798.109999349615500, 2010.091886295182600, -69.27908125983732600 ) ) ;
#1766 = CARTESIAN_POINT ( 'NONE',  ( 1796.839999349614800, 1902.145949048988800, 16.72847455410438000 ) ) ;
#1767 = AXIS2_PLACEMENT_3D ( 'NONE', #794, #388, #188 ) ;
#1768 = CARTESIAN_POINT ( 'NONE',  ( 1798.109999349615000, 1889.039829437146200, 81.10744637484675900 ) ) ;
#1769 = FACE_OUTER_BOUND ( 'NONE', #171, .T. ) ;
#1770 = APPROVAL_PERSON_ORGANIZATION ( #1386, #583, #1015 ) ;
#1771 = VECTOR ( 'NONE', #1279, 1000.000000000000200 ) ;
#1772 = VECTOR ( 'NONE', #1640, 1000.000000000000000 ) ;
#1773 = ORIENTED_EDGE ( 'NONE', *, *, #556, .F. ) ;
#1774 = CARTESIAN_POINT ( 'NONE',  ( 1796.839999349615300, 2011.854373168738200, 56.06900024710334700 ) ) ;
#1775 = ORIENTED_EDGE ( 'NONE', *, *, #1373, .T. ) ;
#1776 = VECTOR ( 'NONE', #1746, 1000.000000000000000 ) ;
#1777 = VECTOR ( 'NONE', #582, 1000.000000000000000 ) ;
#1778 = CARTESIAN_POINT ( 'NONE',  ( 1796.839999349615500, 1915.899220868857100, 44.33901216204630200 ) ) ;
#1779 = CARTESIAN_POINT ( 'NONE',  ( 1796.839999349615500, 1960.811836915443800, -69.09563356470269500 ) ) ;
#1780 = CARTESIAN_POINT ( 'NONE',  ( 1796.839999349614800, 1915.275202944928000, -43.29462964294624100 ) ) ;
#1782 = CARTESIAN_POINT ( 'NONE',  ( 1806.999999349615100, 2032.499652466310900, 0.2974353194689435800 ) ) ;
#1781 = PERSON_AND_ORGANIZATION_ROLE ( 'design_owner' ) ;
#1783 = DIRECTION ( 'NONE',  ( 0.0000000000000000000, 0.0000000000000000000, -1.000000000000000000 ) ) ;
#1784 = CYLINDRICAL_SURFACE ( 'NONE', #426, 4.999999999999893400 ) ;
#1785 = CARTESIAN_POINT ( 'NONE',  ( 1796.839999349614800, 2037.788610267863800, -16.69631388470014200 ) ) ;
#1786 = AXIS2_PLACEMENT_3D ( 'NONE', #691, #491, #287 ) ;
#1787 = ORIENTED_EDGE ( 'NONE', *, *, #24, .F. ) ;
#1788 = AXIS2_PLACEMENT_3D ( 'NONE', #384, #183, #1906 ) ;
#1789 = DIRECTION ( 'NONE',  ( 1.000000000000000000, -0.0000000000000000000, -0.0000000000000000000 ) ) ;
#1790 = CARTESIAN_POINT ( 'NONE',  ( 1796.839999349615500, 1947.139002725738900, 66.16378854404052800 ) ) ;
#1791 = CARTESIAN_POINT ( 'NONE',  ( 1796.839999349615300, 1900.716059805427700, -8.730289338881450000 ) ) ;
#1792 = DIRECTION ( 'NONE',  ( -1.000000000000000000, 0.0000000000000000000, -0.0000000000000000000 ) ) ;
#1793 = DIRECTION ( 'NONE',  ( 0.0000000000000000000, 0.0000000000000000000, -1.000000000000000000 ) ) ;
#1794 = AXIS2_PLACEMENT_3D ( 'NONE', #967, #770, #566 ) ;
#1795 = DIRECTION ( 'NONE',  ( 0.0000000000000000000, 0.0000000000000000000, -1.000000000000000000 ) ) ;
#1796 = CARTESIAN_POINT ( 'NONE',  ( 1796.839999349615000, 2020.535785888647800, -48.10067407563460100 ) ) ;
#1797 = EDGE_CURVE ( 'NONE', #201, #1913, #1094, .T. ) ;
#1798 = ORIENTED_EDGE ( 'NONE', *, *, #1348, .T. ) ;
#1799 = FACE_OUTER_BOUND ( 'NONE', #580, .T. ) ;
#1800 = EDGE_LOOP ( 'NONE', ( #1891, #1347 ) ) ;
#1801 = ORIENTED_EDGE ( 'NONE', *, *, #630, .T. ) ;
#1802 = EDGE_CURVE ( 'NONE', #979, #1844, #1616, .T. ) ;
#1803 = DIRECTION ( 'NONE',  ( 1.000000000000000000, -0.0000000000000000000, -0.0000000000000000000 ) ) ;
#1804 = CARTESIAN_POINT ( 'NONE',  ( 1767.629999349615000, 0.0000000000000000000, 0.0000000000000000000 ) ) ;
#1805 = DIRECTION ( 'NONE',  ( 0.5150380749100451600, 0.0000000000000000000, -0.8571673007021177700 ) ) ;
#1806 = CARTESIAN_POINT ( 'NONE',  ( 1794.999999349615100, 1907.500012413023600, -0.002542260550707735700 ) ) ;
#1807 = CARTESIAN_POINT ( 'NONE',  ( 1796.839999349615500, 2026.765662719452800, 40.85187103942699600 ) ) ;
#1808 = EDGE_CURVE ( 'NONE', #1601, #1439, #144, .T. ) ;
#1809 = CARTESIAN_POINT ( 'NONE',  ( 1786.499999349615100, 2024.126420176194600, -31.10255347054113900 ) ) ;
#1810 = CARTESIAN_POINT ( 'NONE',  ( 1796.839999349615000, 1989.571009554865200, -66.90470998910286900 ) ) ;
#1811 = ORIENTED_EDGE ( 'NONE', *, *, #1872, .T. ) ;
#1812 = ADVANCED_FACE ( 'NONE', ( #592 ), #1275, .F. ) ;
#1813 = ORIENTED_EDGE ( 'NONE', *, *, #377, .T. ) ;
#1814 = DIRECTION ( 'NONE',  ( 0.0000000000000000000, 0.0000000000000000000, -1.000000000000000000 ) ) ;
#1815 = DIRECTION ( 'NONE',  ( 1.000000000000000000, -0.0000000000000000000, -0.0000000000000000000 ) ) ;
#1816 = AXIS2_PLACEMENT_3D ( 'NONE', #1461, #1269, #1084 ) ;
#1817 = ADVANCED_FACE ( 'NONE', ( #528 ), #1142, .F. ) ;
#1818 = DIRECTION ( 'NONE',  ( 1.000000000000000000, -0.0000000000000000000, -0.0000000000000000000 ) ) ;
#1819 = CARTESIAN_POINT ( 'NONE',  ( 1794.999999349615100, 1907.500012413023600, 4.997457739449185300 ) ) ;
#1820 = CARTESIAN_POINT ( 'NONE',  ( 1796.839999349615700, 1900.217758108547100, 3.780871847638623200 ) ) ;
#1821 = CARTESIAN_POINT ( 'NONE',  ( 1796.839999349615000, 2039.849807522521100, 3.057464585353765900 ) ) ;
#1822 = CARTESIAN_POINT ( 'NONE',  ( 1798.109999349615000, 2022.623901243363900, -46.01130199860497100 ) ) ;
#1823 = AXIS2_PLACEMENT_3D ( 'NONE', #1855, #1660, #1470 ) ;
#1824 = COORDINATED_UNIVERSAL_TIME_OFFSET ( 1, 0, .AHEAD. ) ;
#1825 = CARTESIAN_POINT ( 'NONE',  ( 1796.839999349615300, 2000.580423095849300, 62.94752755624890000 ) ) ;
#1826 = ORIENTED_EDGE ( 'NONE', *, *, #1187, .T. ) ;
#1827 = CARTESIAN_POINT ( 'NONE',  ( 1796.839999349615500, 1910.005252962301500, 35.96461612394293200 ) ) ;
#1828 = LINE ( 'NONE', #1625, #656 ) ;
#1829 = CARTESIAN_POINT ( 'NONE',  ( 1796.839999349615300, 1921.675475339871400, -50.30394519745797800 ) ) ;
#1830 = CARTESIAN_POINT ( 'NONE',  ( 1805.999999349615300, 1969.999832439667200, 0.1474465294591179000 ) ) ;
#1831 = CARTESIAN_POINT ( 'NONE',  ( 1796.839999349615000, 2039.583721197511100, -6.020294324261316300 ) ) ;
#1832 = EDGE_LOOP ( 'NONE', ( #233, #440, #1044, #43 ) ) ;
#1833 = ORIENTED_EDGE ( 'NONE', *, *, #288, .F. ) ;
#1834 = CARTESIAN_POINT ( 'NONE',  ( 1798.109999349614800, 1917.375763635971000, -46.01130199860494900 ) ) ;
#1835 = CARTESIAN_POINT ( 'NONE',  ( 1796.839999349615000, 1937.659174847534600, 62.06401532838704300 ) ) ;
#1836 = CARTESIAN_POINT ( 'NONE',  ( 1796.839999349615000, 1929.654193721873300, -56.87719067518282400 ) ) ;
#1837 = CARTESIAN_POINT ( 'NONE',  ( 1796.839999349615000, 1902.454472455593500, -17.64869216592357000 ) ) ;
#1839 = CARTESIAN_POINT ( 'NONE',  ( 1683.702914359767600, 1969.999832439667200, -39.85255347054089700 ) ) ;
#1838 = APPROVAL_DATE_TIME ( #124, #89 ) ;
#1840 = CARTESIAN_POINT ( 'NONE',  ( 1798.109999349615200, 1921.200649181804700, -63.46116339558948000 ) ) ;
#1841 = CARTESIAN_POINT ( 'NONE',  ( 1806.999999349615100, 1915.873244703139800, 31.39744652945886100 ) ) ;
#1842 = CARTESIAN_POINT ( 'NONE',  ( 1796.839999349615300, 2026.679464631840600, -40.69541761566149800 ) ) ;
#1843 = ORIENTED_EDGE ( 'NONE', *, *, #630, .F. ) ;
#1844 = VERTEX_POINT ( 'NONE', #352 ) ;
#1845 = CARTESIAN_POINT ( 'NONE',  ( 1806.999999349615100, 1969.999832439667400, 62.64744652945911000 ) ) ;
#1846 = ADVANCED_FACE ( 'NONE', ( #752 ), #1633, .F. ) ;
#1847 = CARTESIAN_POINT ( 'NONE',  ( 1806.999999349615100, 1969.999832439667200, 41.14744652945926600 ) ) ;
#1848 = DIRECTION ( 'NONE',  ( 1.000000000000000000, -0.0000000000000000000, -0.0000000000000000000 ) ) ;
#1849 = DIRECTION ( 'NONE',  ( 1.000000000000000000, -0.0000000000000000000, -0.0000000000000000000 ) ) ;
#1850 = CARTESIAN_POINT ( 'NONE',  ( 1805.999999349615100, 1969.999832439667200, 0.1474465294591179000 ) ) ;
#1851 = CARTESIAN_POINT ( 'NONE',  ( 1796.839999349615000, 1998.827312833808700, -63.50730450886990800 ) ) ;
#1852 = ORIENTED_EDGE ( 'NONE', *, *, #415, .F. ) ;
#1853 = VERTEX_POINT ( 'NONE', #1487 ) ;
#1854 = ADVANCED_FACE ( 'NONE', ( #1378 ), #54, .F. ) ;
#1855 = CARTESIAN_POINT ( 'NONE',  ( 1806.999999349615100, 1969.999832439667200, 0.1474465294591179000 ) ) ;
#1856 = VECTOR ( 'NONE', #969, 1000.000000000000000 ) ;
#1857 = DIRECTION ( 'NONE',  ( 0.5150380749100650400, 1.049727191138610800E-016, 0.8571673007021058900 ) ) ;
#1858 = DIRECTION ( 'NONE',  ( 0.0000000000000000000, 0.0000000000000000000, -1.000000000000000000 ) ) ;
#1859 = DIRECTION ( 'NONE',  ( 0.0000000000000000000, 0.0000000000000000000, -1.000000000000000000 ) ) ;
#1860 = LOCAL_TIME ( 18, 57, 15.00000000000000000, #1824 ) ;
#1861 = CARTESIAN_POINT ( 'NONE',  ( 1796.839999349615300, 2037.656682330691200, 17.51353221438894200 ) ) ;
#1862 = DIRECTION ( 'NONE',  ( 1.000000000000000000, -0.0000000000000000000, -0.0000000000000000000 ) ) ;
#1863 = VERTEX_POINT ( 'NONE', #712 ) ;
#1864 = EDGE_CURVE ( 'NONE', #223, #1712, #830, .T. ) ;
#1865 = CONICAL_SURFACE ( 'NONE', #483, 40.00000000000001400, 0.7853981633975696300 ) ;
#1866 = ORIENTED_EDGE ( 'NONE', *, *, #740, .F. ) ;
#1867 = CARTESIAN_POINT ( 'NONE',  ( 1796.839999349615300, 1989.542972520574000, 67.20778049564398800 ) ) ;
#1868 = VERTEX_POINT ( 'NONE', #588 ) ;
#1869 = VECTOR ( 'NONE', #1557, 1000.000000000000000 ) ;
#1870 = CALENDAR_DATE ( 2013, 29, 7 ) ;
#1871 = CARTESIAN_POINT ( 'NONE',  ( 1796.839999349615700, 1905.397838765773500, 26.74703918962525500 ) ) ;
#1872 = EDGE_CURVE ( 'NONE', #546, #842, #235, .T. ) ;
#1873 = CARTESIAN_POINT ( 'NONE',  ( 1798.109999349614800, 2022.865972385164700, 60.41839135774648600 ) ) ;
#1874 = CARTESIAN_POINT ( 'NONE',  ( 1806.999999349615100, 1915.873244703140000, -31.10255347054135900 ) ) ;
#1875 = ADVANCED_FACE ( 'NONE', ( #1412 ), #1724, .T. ) ;
#1876 = DIRECTION ( 'NONE',  ( 1.000000000000000000, -0.0000000000000000000, -0.0000000000000000000 ) ) ;
#1877 = ORIENTED_EDGE ( 'NONE', *, *, #92, .F. ) ;
#1878 = CARTESIAN_POINT ( 'NONE',  ( 1794.999999349615100, 2032.499652466310900, 5.297435319468837300 ) ) ;
#1879 = CARTESIAN_POINT ( 'NONE',  ( 1796.839999349615700, 1927.258172870085200, 55.39534141118318200 ) ) ;
#1880 = AXIS2_PLACEMENT_3D ( 'NONE', #1277, #1092, #895 ) ;
#1881 = CARTESIAN_POINT ( 'NONE',  ( 1796.839999349614800, 1940.172420302769500, -63.01471277852288500 ) ) ;
#1882 = CARTESIAN_POINT ( 'NONE',  ( 1796.839999349615300, 1905.808650283760500, -27.40918325903024700 ) ) ;
#1883 = AXIS2_PLACEMENT_3D ( 'NONE', #958, #760, #554 ) ;
#1885 = CARTESIAN_POINT ( 'NONE',  ( 1794.999999349615100, 1907.500012413023600, -5.002542260550601600 ) ) ;
#1884 = PERSON_AND_ORGANIZATION_ROLE ( 'design_supplier' ) ;
#1886 = CARTESIAN_POINT ( 'NONE',  ( 1798.109999349615200, 1889.999832592446200, 5.383434275442751500 ) ) ;
#1887 = EDGE_CURVE ( 'NONE', #1646, #764, #1326, .T. ) ;
#1888 = CARTESIAN_POINT ( 'NONE',  ( 1786.499999349615100, 2024.126420176194600, -35.35255347054100400 ) ) ;
#1889 = CARTESIAN_POINT ( 'NONE',  ( 1796.839999349615300, 2031.652031383081300, -32.68592965910302400 ) ) ;
#1890 = FACE_OUTER_BOUND ( 'NONE', #983, .T. ) ;
#1891 = ORIENTED_EDGE ( 'NONE', *, *, #489, .F. ) ;
#1892 = ADVANCED_FACE ( 'NONE', ( #168 ), #974, .F. ) ;
#1893 = AXIS2_PLACEMENT_3D ( 'NONE', #1494, #722, #517 ) ;
#1894 = CARTESIAN_POINT ( 'NONE',  ( 1796.839999349615300, 1960.715693002363400, 69.37769555319307800 ) ) ;
#1895 = ADVANCED_FACE ( 'NONE', ( #1050 ), #1144, .F. ) ;
#1896 = CARTESIAN_POINT ( 'NONE',  ( 1798.109999349615500, 1960.856601864377100, 69.54718729108098800 ) ) ;
#1897 = FACE_OUTER_BOUND ( 'NONE', #625, .T. ) ;
#1898 = DIRECTION ( 'NONE',  ( 1.000000000000000000, -0.0000000000000000000, 0.0000000000000000000 ) ) ;
#1899 = CARTESIAN_POINT ( 'NONE',  ( 1806.999999349615100, 2032.499652466310900, 0.2974353194689435800 ) ) ;
#1900 = CARTESIAN_POINT ( 'NONE',  ( 1796.839999349614600, 2007.393036971849100, -58.92398840373507300 ) ) ;
#1901 = ORIENTED_EDGE ( 'NONE', *, *, #1661, .T. ) ;
#1902 = FACE_OUTER_BOUND ( 'NONE', #673, .T. ) ;
#1903 = ORIENTED_EDGE ( 'NONE', *, *, #225, .T. ) ;
#1904 = DIRECTION ( 'NONE',  ( 1.000000000000000000, -0.0000000000000000000, -0.0000000000000000000 ) ) ;
#1905 = EDGE_CURVE ( 'NONE', #1509, #1530, #289, .T. ) ;
#1906 = DIRECTION ( 'NONE',  ( 0.0000000000000000000, 0.0000000000000000000, -1.000000000000000000 ) ) ;
#1907 = CARTESIAN_POINT ( 'NONE',  ( 1786.499999349615100, 2024.126420176194600, 27.14744652945944000 ) ) ;
#1908 = DIRECTION ( 'NONE',  ( 1.000000000000000000, -0.0000000000000000000, 0.0000000000000000000 ) ) ;
#1909 = CARTESIAN_POINT ( 'NONE',  ( 1796.839999349614800, 2034.882900708238800, 26.01756728331166700 ) ) ;
#1910 = FACE_OUTER_BOUND ( 'NONE', #1338, .T. ) ;
#1911 = EDGE_CURVE ( 'NONE', #1371, #1179, #1529, .T. ) ;
#1912 = CARTESIAN_POINT ( 'NONE',  ( 1798.109999349615000, 1969.999832439667200, 0.1474465294591179000 ) ) ;
#1913 = VERTEX_POINT ( 'NONE', #956 ) ;
ENDSEC;
END-ISO-10303-21;
